experiment,episode,board_size,start_stones,opponent,dqn_color,winner,dqn_win,game_length,invalid_fallbacks,experimental_board_transfer
experimental_board_size_transfer,1,5,0,Random Agent,RED,BLUE,0,20,0,True
experimental_board_size_transfer,2,5,0,Random Agent,BLUE,RED,0,21,0,True
experimental_board_size_transfer,3,5,0,Random Agent,RED,RED,1,23,0,True
experimental_board_size_transfer,4,5,0,Random Agent,BLUE,RED,0,25,0,True
experimental_board_size_transfer,5,5,0,Random Agent,RED,RED,1,9,0,True
experimental_board_size_transfer,6,5,0,Random Agent,BLUE,BLUE,1,10,0,True
experimental_board_size_transfer,7,5,0,Random Agent,RED,RED,1,9,0,True
experimental_board_size_transfer,8,5,0,Random Agent,BLUE,BLUE,1,10,0,True
experimental_board_size_transfer,9,5,0,Random Agent,RED,RED,1,9,0,True
experimental_board_size_transfer,10,5,0,Random Agent,BLUE,RED,0,21,0,True
experimental_board_size_transfer,11,5,0,Random Agent,RED,RED,1,9,0,True
experimental_board_size_transfer,12,5,0,Random Agent,BLUE,BLUE,1,10,0,True
experimental_board_size_transfer,13,5,0,Random Agent,RED,BLUE,0,16,0,True
experimental_board_size_transfer,14,5,0,Random Agent,BLUE,BLUE,1,10,0,True
experimental_board_size_transfer,15,5,0,Random Agent,RED,RED,1,9,0,True
experimental_board_size_transfer,16,5,0,Random Agent,BLUE,RED,0,21,0,True
experimental_board_size_transfer,17,5,0,Random Agent,RED,RED,1,9,0,True
experimental_board_size_transfer,18,5,0,Random Agent,BLUE,RED,0,23,0,True
experimental_board_size_transfer,19,5,0,Random Agent,RED,BLUE,0,18,0,True
experimental_board_size_transfer,20,5,0,Random Agent,BLUE,BLUE,1,10,0,True
experimental_board_size_transfer,21,5,0,Random Agent,RED,BLUE,0,22,0,True
experimental_board_size_transfer,22,5,0,Random Agent,BLUE,BLUE,1,10,0,True
experimental_board_size_transfer,23,5,0,Random Agent,RED,RED,1,9,0,True
experimental_board_size_transfer,24,5,0,Random Agent,BLUE,RED,0,23,0,True
experimental_board_size_transfer,25,5,0,Random Agent,RED,RED,1,9,0,True
experimental_board_size_transfer,26,5,0,Random Agent,BLUE,BLUE,1,10,0,True
experimental_board_size_transfer,27,5,0,Random Agent,RED,RED,1,11,0,True
experimental_board_size_transfer,28,5,0,Random Agent,BLUE,BLUE,1,10,0,True
experimental_board_size_transfer,29,5,0,Random Agent,RED,RED,1,9,0,True
experimental_board_size_transfer,30,5,0,Random Agent,BLUE,BLUE,1,10,0,True
experimental_board_size_transfer,31,5,0,Random Agent,RED,RED,1,9,0,True
experimental_board_size_transfer,32,5,0,Random Agent,BLUE,BLUE,1,10,0,True
experimental_board_size_transfer,33,5,0,Random Agent,RED,RED,1,9,0,True
experimental_board_size_transfer,34,5,0,Random Agent,BLUE,BLUE,1,10,0,True
experimental_board_size_transfer,35,5,0,Random Agent,RED,RED,1,9,0,True
experimental_board_size_transfer,36,5,0,Random Agent,BLUE,BLUE,1,10,0,True
experimental_board_size_transfer,37,5,0,Random Agent,RED,BLUE,0,24,0,True
experimental_board_size_transfer,38,5,0,Random Agent,BLUE,RED,0,21,0,True
experimental_board_size_transfer,39,5,0,Random Agent,RED,RED,1,9,0,True
experimental_board_size_transfer,40,5,0,Random Agent,BLUE,BLUE,1,10,0,True
experimental_board_size_transfer,41,5,0,Random Agent,RED,RED,1,9,0,True
experimental_board_size_transfer,42,5,0,Random Agent,BLUE,BLUE,1,10,0,True
experimental_board_size_transfer,43,5,0,Random Agent,RED,RED,1,25,0,True
experimental_board_size_transfer,44,5,0,Random Agent,BLUE,BLUE,1,12,0,True
experimental_board_size_transfer,45,5,0,Random Agent,RED,RED,1,9,0,True
experimental_board_size_transfer,46,5,0,Random Agent,BLUE,BLUE,1,10,0,True
experimental_board_size_transfer,47,5,0,Random Agent,RED,RED,1,9,0,True
experimental_board_size_transfer,48,5,0,Random Agent,BLUE,BLUE,1,10,0,True
experimental_board_size_transfer,49,5,0,Random Agent,RED,RED,1,9,0,True
experimental_board_size_transfer,50,5,0,Random Agent,BLUE,BLUE,1,10,0,True
experimental_board_size_transfer,51,5,0,Random Agent,RED,RED,1,23,0,True
experimental_board_size_transfer,52,5,0,Random Agent,BLUE,BLUE,1,10,0,True
experimental_board_size_transfer,53,5,0,Random Agent,RED,RED,1,9,0,True
experimental_board_size_transfer,54,5,0,Random Agent,BLUE,BLUE,1,16,0,True
experimental_board_size_transfer,55,5,0,Random Agent,RED,RED,1,9,0,True
experimental_board_size_transfer,56,5,0,Random Agent,BLUE,BLUE,1,10,0,True
experimental_board_size_transfer,57,5,0,Random Agent,RED,RED,1,19,0,True
experimental_board_size_transfer,58,5,0,Random Agent,BLUE,BLUE,1,10,0,True
experimental_board_size_transfer,59,5,0,Random Agent,RED,RED,1,9,0,True
experimental_board_size_transfer,60,5,0,Random Agent,BLUE,BLUE,1,10,0,True
experimental_board_size_transfer,61,5,0,Random Agent,RED,RED,1,9,0,True
experimental_board_size_transfer,62,5,0,Random Agent,BLUE,BLUE,1,24,0,True
experimental_board_size_transfer,63,5,0,Random Agent,RED,BLUE,0,20,0,True
experimental_board_size_transfer,64,5,0,Random Agent,BLUE,BLUE,1,10,0,True
experimental_board_size_transfer,65,5,0,Random Agent,RED,RED,1,9,0,True
experimental_board_size_transfer,66,5,0,Random Agent,BLUE,BLUE,1,10,0,True
experimental_board_size_transfer,67,5,0,Random Agent,RED,RED,1,9,0,True
experimental_board_size_transfer,68,5,0,Random Agent,BLUE,BLUE,1,10,0,True
experimental_board_size_transfer,69,5,0,Random Agent,RED,RED,1,9,0,True
experimental_board_size_transfer,70,5,0,Random Agent,BLUE,BLUE,1,10,0,True
experimental_board_size_transfer,71,5,0,Random Agent,RED,RED,1,9,0,True
experimental_board_size_transfer,72,5,0,Random Agent,BLUE,RED,0,13,0,True
experimental_board_size_transfer,73,5,0,Random Agent,RED,RED,1,9,0,True
experimental_board_size_transfer,74,5,0,Random Agent,BLUE,BLUE,1,10,0,True
experimental_board_size_transfer,75,5,0,Random Agent,RED,BLUE,0,20,0,True
experimental_board_size_transfer,76,5,0,Random Agent,BLUE,BLUE,1,10,0,True
experimental_board_size_transfer,77,5,0,Random Agent,RED,BLUE,0,22,0,True
experimental_board_size_transfer,78,5,0,Random Agent,BLUE,BLUE,1,10,0,True
experimental_board_size_transfer,79,5,0,Random Agent,RED,RED,1,9,0,True
experimental_board_size_transfer,80,5,0,Random Agent,BLUE,BLUE,1,10,0,True
experimental_board_size_transfer,81,5,0,Random Agent,RED,BLUE,0,20,0,True
experimental_board_size_transfer,82,5,0,Random Agent,BLUE,BLUE,1,10,0,True
experimental_board_size_transfer,83,5,0,Random Agent,RED,RED,1,9,0,True
experimental_board_size_transfer,84,5,0,Random Agent,BLUE,BLUE,1,10,0,True
experimental_board_size_transfer,85,5,0,Random Agent,RED,RED,1,9,0,True
experimental_board_size_transfer,86,5,0,Random Agent,BLUE,BLUE,1,10,0,True
experimental_board_size_transfer,87,5,0,Random Agent,RED,RED,1,9,0,True
experimental_board_size_transfer,88,5,0,Random Agent,BLUE,BLUE,1,10,0,True
experimental_board_size_transfer,89,5,0,Random Agent,RED,RED,1,9,0,True
experimental_board_size_transfer,90,5,0,Random Agent,BLUE,RED,0,15,0,True
experimental_board_size_transfer,91,5,0,Random Agent,RED,RED,1,9,0,True
experimental_board_size_transfer,92,5,0,Random Agent,BLUE,BLUE,1,10,0,True
experimental_board_size_transfer,93,5,0,Random Agent,RED,RED,1,9,0,True
experimental_board_size_transfer,94,5,0,Random Agent,BLUE,BLUE,1,10,0,True
experimental_board_size_transfer,95,5,0,Random Agent,RED,BLUE,0,18,0,True
experimental_board_size_transfer,96,5,0,Random Agent,BLUE,RED,0,17,0,True
experimental_board_size_transfer,97,5,0,Random Agent,RED,RED,1,9,0,True
experimental_board_size_transfer,98,5,0,Random Agent,BLUE,BLUE,1,10,0,True
experimental_board_size_transfer,99,5,0,Random Agent,RED,BLUE,0,20,0,True
experimental_board_size_transfer,100,5,0,Random Agent,BLUE,BLUE,1,10,0,True
experimental_board_size_transfer,101,5,0,Random Agent,RED,RED,1,9,0,True
experimental_board_size_transfer,102,5,0,Random Agent,BLUE,RED,0,25,0,True
experimental_board_size_transfer,103,5,0,Random Agent,RED,BLUE,0,14,0,True
experimental_board_size_transfer,104,5,0,Random Agent,BLUE,RED,0,19,0,True
experimental_board_size_transfer,105,5,0,Random Agent,RED,RED,1,9,0,True
experimental_board_size_transfer,106,5,0,Random Agent,BLUE,BLUE,1,10,0,True
experimental_board_size_transfer,107,5,0,Random Agent,RED,RED,1,9,0,True
experimental_board_size_transfer,108,5,0,Random Agent,BLUE,RED,0,23,0,True
experimental_board_size_transfer,109,5,0,Random Agent,RED,RED,1,9,0,True
experimental_board_size_transfer,110,5,0,Random Agent,BLUE,BLUE,1,10,0,True
experimental_board_size_transfer,111,5,0,Random Agent,RED,BLUE,0,24,0,True
experimental_board_size_transfer,112,5,0,Random Agent,BLUE,RED,0,15,0,True
experimental_board_size_transfer,113,5,0,Random Agent,RED,RED,1,15,0,True
experimental_board_size_transfer,114,5,0,Random Agent,BLUE,BLUE,1,10,0,True
experimental_board_size_transfer,115,5,0,Random Agent,RED,RED,1,9,0,True
experimental_board_size_transfer,116,5,0,Random Agent,BLUE,BLUE,1,10,0,True
experimental_board_size_transfer,117,5,0,Random Agent,RED,RED,1,9,0,True
experimental_board_size_transfer,118,5,0,Random Agent,BLUE,BLUE,1,10,0,True
experimental_board_size_transfer,119,5,0,Random Agent,RED,RED,1,9,0,True
experimental_board_size_transfer,120,5,0,Random Agent,BLUE,BLUE,1,24,0,True
experimental_board_size_transfer,121,5,0,Random Agent,RED,BLUE,0,24,0,True
experimental_board_size_transfer,122,5,0,Random Agent,BLUE,BLUE,1,10,0,True
experimental_board_size_transfer,123,5,0,Random Agent,RED,RED,1,9,0,True
experimental_board_size_transfer,124,5,0,Random Agent,BLUE,BLUE,1,10,0,True
experimental_board_size_transfer,125,5,0,Random Agent,RED,RED,1,9,0,True
experimental_board_size_transfer,126,5,0,Random Agent,BLUE,BLUE,1,10,0,True
experimental_board_size_transfer,127,5,0,Random Agent,RED,RED,1,9,0,True
experimental_board_size_transfer,128,5,0,Random Agent,BLUE,RED,0,19,0,True
experimental_board_size_transfer,129,5,0,Random Agent,RED,RED,1,9,0,True
experimental_board_size_transfer,130,5,0,Random Agent,BLUE,RED,0,17,0,True
experimental_board_size_transfer,131,5,0,Random Agent,RED,RED,1,9,0,True
experimental_board_size_transfer,132,5,0,Random Agent,BLUE,BLUE,1,10,0,True
experimental_board_size_transfer,133,5,0,Random Agent,RED,RED,1,9,0,True
experimental_board_size_transfer,134,5,0,Random Agent,BLUE,BLUE,1,10,0,True
experimental_board_size_transfer,135,5,0,Random Agent,RED,RED,1,9,0,True
experimental_board_size_transfer,136,5,0,Random Agent,BLUE,BLUE,1,10,0,True
experimental_board_size_transfer,137,5,0,Random Agent,RED,RED,1,9,0,True
experimental_board_size_transfer,138,5,0,Random Agent,BLUE,BLUE,1,10,0,True
experimental_board_size_transfer,139,5,0,Random Agent,RED,BLUE,0,20,0,True
experimental_board_size_transfer,140,5,0,Random Agent,BLUE,RED,0,19,0,True
experimental_board_size_transfer,141,5,0,Random Agent,RED,RED,1,9,0,True
experimental_board_size_transfer,142,5,0,Random Agent,BLUE,BLUE,1,10,0,True
experimental_board_size_transfer,143,5,0,Random Agent,RED,RED,1,9,0,True
experimental_board_size_transfer,144,5,0,Random Agent,BLUE,RED,0,21,0,True
experimental_board_size_transfer,145,5,0,Random Agent,RED,RED,1,9,0,True
experimental_board_size_transfer,146,5,0,Random Agent,BLUE,BLUE,1,10,0,True
experimental_board_size_transfer,147,5,0,Random Agent,RED,RED,1,9,0,True
experimental_board_size_transfer,148,5,0,Random Agent,BLUE,BLUE,1,10,0,True
experimental_board_size_transfer,149,5,0,Random Agent,RED,RED,1,9,0,True
experimental_board_size_transfer,150,5,0,Random Agent,BLUE,BLUE,1,10,0,True
experimental_board_size_transfer,151,5,0,Random Agent,RED,RED,1,9,0,True
experimental_board_size_transfer,152,5,0,Random Agent,BLUE,BLUE,1,12,0,True
experimental_board_size_transfer,153,5,0,Random Agent,RED,BLUE,0,20,0,True
experimental_board_size_transfer,154,5,0,Random Agent,BLUE,RED,0,17,0,True
experimental_board_size_transfer,155,5,0,Random Agent,RED,RED,1,9,0,True
experimental_board_size_transfer,156,5,0,Random Agent,BLUE,BLUE,1,10,0,True
experimental_board_size_transfer,157,5,0,Random Agent,RED,BLUE,0,22,0,True
experimental_board_size_transfer,158,5,0,Random Agent,BLUE,RED,0,15,0,True
experimental_board_size_transfer,159,5,0,Random Agent,RED,BLUE,0,20,0,True
experimental_board_size_transfer,160,5,0,Random Agent,BLUE,BLUE,1,10,0,True
experimental_board_size_transfer,161,5,0,Random Agent,RED,RED,1,9,0,True
experimental_board_size_transfer,162,5,0,Random Agent,BLUE,BLUE,1,24,0,True
experimental_board_size_transfer,163,5,0,Random Agent,RED,RED,1,9,0,True
experimental_board_size_transfer,164,5,0,Random Agent,BLUE,BLUE,1,18,0,True
experimental_board_size_transfer,165,5,0,Random Agent,RED,RED,1,9,0,True
experimental_board_size_transfer,166,5,0,Random Agent,BLUE,BLUE,1,10,0,True
experimental_board_size_transfer,167,5,0,Random Agent,RED,RED,1,9,0,True
experimental_board_size_transfer,168,5,0,Random Agent,BLUE,RED,0,15,0,True
experimental_board_size_transfer,169,5,0,Random Agent,RED,RED,1,9,0,True
experimental_board_size_transfer,170,5,0,Random Agent,BLUE,BLUE,1,10,0,True
experimental_board_size_transfer,171,5,0,Random Agent,RED,RED,1,9,0,True
experimental_board_size_transfer,172,5,0,Random Agent,BLUE,BLUE,1,10,0,True
experimental_board_size_transfer,173,5,0,Random Agent,RED,RED,1,9,0,True
experimental_board_size_transfer,174,5,0,Random Agent,BLUE,BLUE,1,10,0,True
experimental_board_size_transfer,175,5,0,Random Agent,RED,RED,1,9,0,True
experimental_board_size_transfer,176,5,0,Random Agent,BLUE,RED,0,25,0,True
experimental_board_size_transfer,177,5,0,Random Agent,RED,RED,1,9,0,True
experimental_board_size_transfer,178,5,0,Random Agent,BLUE,RED,0,21,0,True
experimental_board_size_transfer,179,5,0,Random Agent,RED,RED,1,9,0,True
experimental_board_size_transfer,180,5,0,Random Agent,BLUE,RED,0,19,0,True
experimental_board_size_transfer,181,5,0,Random Agent,RED,RED,1,9,0,True
experimental_board_size_transfer,182,5,0,Random Agent,BLUE,BLUE,1,10,0,True
experimental_board_size_transfer,183,5,0,Random Agent,RED,RED,1,9,0,True
experimental_board_size_transfer,184,5,0,Random Agent,BLUE,BLUE,1,10,0,True
experimental_board_size_transfer,185,5,0,Random Agent,RED,RED,1,9,0,True
experimental_board_size_transfer,186,5,0,Random Agent,BLUE,BLUE,1,12,0,True
experimental_board_size_transfer,187,5,0,Random Agent,RED,RED,1,9,0,True
experimental_board_size_transfer,188,5,0,Random Agent,BLUE,RED,0,21,0,True
experimental_board_size_transfer,189,5,0,Random Agent,RED,RED,1,9,0,True
experimental_board_size_transfer,190,5,0,Random Agent,BLUE,BLUE,1,10,0,True
experimental_board_size_transfer,191,5,0,Random Agent,RED,BLUE,0,14,0,True
experimental_board_size_transfer,192,5,0,Random Agent,BLUE,BLUE,1,10,0,True
experimental_board_size_transfer,193,5,0,Random Agent,RED,RED,1,9,0,True
experimental_board_size_transfer,194,5,0,Random Agent,BLUE,RED,0,15,0,True
experimental_board_size_transfer,195,5,0,Random Agent,RED,RED,1,9,0,True
experimental_board_size_transfer,196,5,0,Random Agent,BLUE,BLUE,1,24,0,True
experimental_board_size_transfer,197,5,0,Random Agent,RED,RED,1,9,0,True
experimental_board_size_transfer,198,5,0,Random Agent,BLUE,BLUE,1,24,0,True
experimental_board_size_transfer,199,5,0,Random Agent,RED,RED,1,9,0,True
experimental_board_size_transfer,200,5,0,Random Agent,BLUE,BLUE,1,10,0,True
experimental_board_size_transfer,1,5,0,Center/Greedy Agent,RED,RED,1,9,0,True
experimental_board_size_transfer,2,5,0,Center/Greedy Agent,BLUE,BLUE,1,10,0,True
experimental_board_size_transfer,3,5,0,Center/Greedy Agent,RED,RED,1,9,0,True
experimental_board_size_transfer,4,5,0,Center/Greedy Agent,BLUE,BLUE,1,10,0,True
experimental_board_size_transfer,5,5,0,Center/Greedy Agent,RED,RED,1,9,0,True
experimental_board_size_transfer,6,5,0,Center/Greedy Agent,BLUE,BLUE,1,10,0,True
experimental_board_size_transfer,7,5,0,Center/Greedy Agent,RED,RED,1,9,0,True
experimental_board_size_transfer,8,5,0,Center/Greedy Agent,BLUE,BLUE,1,10,0,True
experimental_board_size_transfer,9,5,0,Center/Greedy Agent,RED,RED,1,9,0,True
experimental_board_size_transfer,10,5,0,Center/Greedy Agent,BLUE,BLUE,1,10,0,True
experimental_board_size_transfer,11,5,0,Center/Greedy Agent,RED,RED,1,9,0,True
experimental_board_size_transfer,12,5,0,Center/Greedy Agent,BLUE,BLUE,1,10,0,True
experimental_board_size_transfer,13,5,0,Center/Greedy Agent,RED,RED,1,9,0,True
experimental_board_size_transfer,14,5,0,Center/Greedy Agent,BLUE,BLUE,1,10,0,True
experimental_board_size_transfer,15,5,0,Center/Greedy Agent,RED,RED,1,9,0,True
experimental_board_size_transfer,16,5,0,Center/Greedy Agent,BLUE,BLUE,1,10,0,True
experimental_board_size_transfer,17,5,0,Center/Greedy Agent,RED,RED,1,9,0,True
experimental_board_size_transfer,18,5,0,Center/Greedy Agent,BLUE,BLUE,1,10,0,True
experimental_board_size_transfer,19,5,0,Center/Greedy Agent,RED,RED,1,9,0,True
experimental_board_size_transfer,20,5,0,Center/Greedy Agent,BLUE,BLUE,1,10,0,True
experimental_board_size_transfer,21,5,0,Center/Greedy Agent,RED,RED,1,9,0,True
experimental_board_size_transfer,22,5,0,Center/Greedy Agent,BLUE,BLUE,1,10,0,True
experimental_board_size_transfer,23,5,0,Center/Greedy Agent,RED,RED,1,9,0,True
experimental_board_size_transfer,24,5,0,Center/Greedy Agent,BLUE,BLUE,1,10,0,True
experimental_board_size_transfer,25,5,0,Center/Greedy Agent,RED,RED,1,9,0,True
experimental_board_size_transfer,26,5,0,Center/Greedy Agent,BLUE,BLUE,1,10,0,True
experimental_board_size_transfer,27,5,0,Center/Greedy Agent,RED,RED,1,9,0,True
experimental_board_size_transfer,28,5,0,Center/Greedy Agent,BLUE,BLUE,1,10,0,True
experimental_board_size_transfer,29,5,0,Center/Greedy Agent,RED,RED,1,9,0,True
experimental_board_size_transfer,30,5,0,Center/Greedy Agent,BLUE,BLUE,1,10,0,True
experimental_board_size_transfer,31,5,0,Center/Greedy Agent,RED,RED,1,9,0,True
experimental_board_size_transfer,32,5,0,Center/Greedy Agent,BLUE,BLUE,1,10,0,True
experimental_board_size_transfer,33,5,0,Center/Greedy Agent,RED,RED,1,9,0,True
experimental_board_size_transfer,34,5,0,Center/Greedy Agent,BLUE,BLUE,1,10,0,True
experimental_board_size_transfer,35,5,0,Center/Greedy Agent,RED,RED,1,9,0,True
experimental_board_size_transfer,36,5,0,Center/Greedy Agent,BLUE,BLUE,1,10,0,True
experimental_board_size_transfer,37,5,0,Center/Greedy Agent,RED,RED,1,9,0,True
experimental_board_size_transfer,38,5,0,Center/Greedy Agent,BLUE,BLUE,1,10,0,True
experimental_board_size_transfer,39,5,0,Center/Greedy Agent,RED,RED,1,9,0,True
experimental_board_size_transfer,40,5,0,Center/Greedy Agent,BLUE,BLUE,1,10,0,True
experimental_board_size_transfer,41,5,0,Center/Greedy Agent,RED,RED,1,9,0,True
experimental_board_size_transfer,42,5,0,Center/Greedy Agent,BLUE,BLUE,1,10,0,True
experimental_board_size_transfer,43,5,0,Center/Greedy Agent,RED,RED,1,9,0,True
experimental_board_size_transfer,44,5,0,Center/Greedy Agent,BLUE,BLUE,1,10,0,True
experimental_board_size_transfer,45,5,0,Center/Greedy Agent,RED,RED,1,9,0,True
experimental_board_size_transfer,46,5,0,Center/Greedy Agent,BLUE,BLUE,1,10,0,True
experimental_board_size_transfer,47,5,0,Center/Greedy Agent,RED,RED,1,9,0,True
experimental_board_size_transfer,48,5,0,Center/Greedy Agent,BLUE,BLUE,1,10,0,True
experimental_board_size_transfer,49,5,0,Center/Greedy Agent,RED,RED,1,9,0,True
experimental_board_size_transfer,50,5,0,Center/Greedy Agent,BLUE,BLUE,1,10,0,True
experimental_board_size_transfer,51,5,0,Center/Greedy Agent,RED,RED,1,9,0,True
experimental_board_size_transfer,52,5,0,Center/Greedy Agent,BLUE,BLUE,1,10,0,True
experimental_board_size_transfer,53,5,0,Center/Greedy Agent,RED,RED,1,9,0,True
experimental_board_size_transfer,54,5,0,Center/Greedy Agent,BLUE,BLUE,1,10,0,True
experimental_board_size_transfer,55,5,0,Center/Greedy Agent,RED,RED,1,9,0,True
experimental_board_size_transfer,56,5,0,Center/Greedy Agent,BLUE,BLUE,1,10,0,True
experimental_board_size_transfer,57,5,0,Center/Greedy Agent,RED,RED,1,9,0,True
experimental_board_size_transfer,58,5,0,Center/Greedy Agent,BLUE,BLUE,1,10,0,True
experimental_board_size_transfer,59,5,0,Center/Greedy Agent,RED,RED,1,9,0,True
experimental_board_size_transfer,60,5,0,Center/Greedy Agent,BLUE,BLUE,1,10,0,True
experimental_board_size_transfer,61,5,0,Center/Greedy Agent,RED,RED,1,9,0,True
experimental_board_size_transfer,62,5,0,Center/Greedy Agent,BLUE,BLUE,1,10,0,True
experimental_board_size_transfer,63,5,0,Center/Greedy Agent,RED,RED,1,9,0,True
experimental_board_size_transfer,64,5,0,Center/Greedy Agent,BLUE,BLUE,1,10,0,True
experimental_board_size_transfer,65,5,0,Center/Greedy Agent,RED,RED,1,9,0,True
experimental_board_size_transfer,66,5,0,Center/Greedy Agent,BLUE,BLUE,1,10,0,True
experimental_board_size_transfer,67,5,0,Center/Greedy Agent,RED,RED,1,9,0,True
experimental_board_size_transfer,68,5,0,Center/Greedy Agent,BLUE,BLUE,1,10,0,True
experimental_board_size_transfer,69,5,0,Center/Greedy Agent,RED,RED,1,9,0,True
experimental_board_size_transfer,70,5,0,Center/Greedy Agent,BLUE,BLUE,1,10,0,True
experimental_board_size_transfer,71,5,0,Center/Greedy Agent,RED,RED,1,9,0,True
experimental_board_size_transfer,72,5,0,Center/Greedy Agent,BLUE,BLUE,1,10,0,True
experimental_board_size_transfer,73,5,0,Center/Greedy Agent,RED,RED,1,9,0,True
experimental_board_size_transfer,74,5,0,Center/Greedy Agent,BLUE,BLUE,1,10,0,True
experimental_board_size_transfer,75,5,0,Center/Greedy Agent,RED,RED,1,9,0,True
experimental_board_size_transfer,76,5,0,Center/Greedy Agent,BLUE,BLUE,1,10,0,True
experimental_board_size_transfer,77,5,0,Center/Greedy Agent,RED,RED,1,9,0,True
experimental_board_size_transfer,78,5,0,Center/Greedy Agent,BLUE,BLUE,1,10,0,True
experimental_board_size_transfer,79,5,0,Center/Greedy Agent,RED,RED,1,9,0,True
experimental_board_size_transfer,80,5,0,Center/Greedy Agent,BLUE,BLUE,1,10,0,True
experimental_board_size_transfer,81,5,0,Center/Greedy Agent,RED,RED,1,9,0,True
experimental_board_size_transfer,82,5,0,Center/Greedy Agent,BLUE,BLUE,1,10,0,True
experimental_board_size_transfer,83,5,0,Center/Greedy Agent,RED,RED,1,9,0,True
experimental_board_size_transfer,84,5,0,Center/Greedy Agent,BLUE,BLUE,1,10,0,True
experimental_board_size_transfer,85,5,0,Center/Greedy Agent,RED,RED,1,9,0,True
experimental_board_size_transfer,86,5,0,Center/Greedy Agent,BLUE,BLUE,1,10,0,True
experimental_board_size_transfer,87,5,0,Center/Greedy Agent,RED,RED,1,9,0,True
experimental_board_size_transfer,88,5,0,Center/Greedy Agent,BLUE,BLUE,1,10,0,True
experimental_board_size_transfer,89,5,0,Center/Greedy Agent,RED,RED,1,9,0,True
experimental_board_size_transfer,90,5,0,Center/Greedy Agent,BLUE,BLUE,1,10,0,True
experimental_board_size_transfer,91,5,0,Center/Greedy Agent,RED,RED,1,9,0,True
experimental_board_size_transfer,92,5,0,Center/Greedy Agent,BLUE,BLUE,1,10,0,True
experimental_board_size_transfer,93,5,0,Center/Greedy Agent,RED,RED,1,9,0,True
experimental_board_size_transfer,94,5,0,Center/Greedy Agent,BLUE,BLUE,1,10,0,True
experimental_board_size_transfer,95,5,0,Center/Greedy Agent,RED,RED,1,9,0,True
experimental_board_size_transfer,96,5,0,Center/Greedy Agent,BLUE,BLUE,1,10,0,True
experimental_board_size_transfer,97,5,0,Center/Greedy Agent,RED,RED,1,9,0,True
experimental_board_size_transfer,98,5,0,Center/Greedy Agent,BLUE,BLUE,1,10,0,True
experimental_board_size_transfer,99,5,0,Center/Greedy Agent,RED,RED,1,9,0,True
experimental_board_size_transfer,100,5,0,Center/Greedy Agent,BLUE,BLUE,1,10,0,True
experimental_board_size_transfer,101,5,0,Center/Greedy Agent,RED,RED,1,9,0,True
experimental_board_size_transfer,102,5,0,Center/Greedy Agent,BLUE,BLUE,1,10,0,True
experimental_board_size_transfer,103,5,0,Center/Greedy Agent,RED,RED,1,9,0,True
experimental_board_size_transfer,104,5,0,Center/Greedy Agent,BLUE,BLUE,1,10,0,True
experimental_board_size_transfer,105,5,0,Center/Greedy Agent,RED,RED,1,9,0,True
experimental_board_size_transfer,106,5,0,Center/Greedy Agent,BLUE,BLUE,1,10,0,True
experimental_board_size_transfer,107,5,0,Center/Greedy Agent,RED,RED,1,9,0,True
experimental_board_size_transfer,108,5,0,Center/Greedy Agent,BLUE,BLUE,1,10,0,True
experimental_board_size_transfer,109,5,0,Center/Greedy Agent,RED,RED,1,9,0,True
experimental_board_size_transfer,110,5,0,Center/Greedy Agent,BLUE,BLUE,1,10,0,True
experimental_board_size_transfer,111,5,0,Center/Greedy Agent,RED,RED,1,9,0,True
experimental_board_size_transfer,112,5,0,Center/Greedy Agent,BLUE,BLUE,1,10,0,True
experimental_board_size_transfer,113,5,0,Center/Greedy Agent,RED,RED,1,9,0,True
experimental_board_size_transfer,114,5,0,Center/Greedy Agent,BLUE,BLUE,1,10,0,True
experimental_board_size_transfer,115,5,0,Center/Greedy Agent,RED,RED,1,9,0,True
experimental_board_size_transfer,116,5,0,Center/Greedy Agent,BLUE,BLUE,1,10,0,True
experimental_board_size_transfer,117,5,0,Center/Greedy Agent,RED,RED,1,9,0,True
experimental_board_size_transfer,118,5,0,Center/Greedy Agent,BLUE,BLUE,1,10,0,True
experimental_board_size_transfer,119,5,0,Center/Greedy Agent,RED,RED,1,9,0,True
experimental_board_size_transfer,120,5,0,Center/Greedy Agent,BLUE,BLUE,1,10,0,True
experimental_board_size_transfer,121,5,0,Center/Greedy Agent,RED,RED,1,9,0,True
experimental_board_size_transfer,122,5,0,Center/Greedy Agent,BLUE,BLUE,1,10,0,True
experimental_board_size_transfer,123,5,0,Center/Greedy Agent,RED,RED,1,9,0,True
experimental_board_size_transfer,124,5,0,Center/Greedy Agent,BLUE,BLUE,1,10,0,True
experimental_board_size_transfer,125,5,0,Center/Greedy Agent,RED,RED,1,9,0,True
experimental_board_size_transfer,126,5,0,Center/Greedy Agent,BLUE,BLUE,1,10,0,True
experimental_board_size_transfer,127,5,0,Center/Greedy Agent,RED,RED,1,9,0,True
experimental_board_size_transfer,128,5,0,Center/Greedy Agent,BLUE,BLUE,1,10,0,True
experimental_board_size_transfer,129,5,0,Center/Greedy Agent,RED,RED,1,9,0,True
experimental_board_size_transfer,130,5,0,Center/Greedy Agent,BLUE,BLUE,1,10,0,True
experimental_board_size_transfer,131,5,0,Center/Greedy Agent,RED,RED,1,9,0,True
experimental_board_size_transfer,132,5,0,Center/Greedy Agent,BLUE,BLUE,1,10,0,True
experimental_board_size_transfer,133,5,0,Center/Greedy Agent,RED,RED,1,9,0,True
experimental_board_size_transfer,134,5,0,Center/Greedy Agent,BLUE,BLUE,1,10,0,True
experimental_board_size_transfer,135,5,0,Center/Greedy Agent,RED,RED,1,9,0,True
experimental_board_size_transfer,136,5,0,Center/Greedy Agent,BLUE,BLUE,1,10,0,True
experimental_board_size_transfer,137,5,0,Center/Greedy Agent,RED,RED,1,9,0,True
experimental_board_size_transfer,138,5,0,Center/Greedy Agent,BLUE,BLUE,1,10,0,True
experimental_board_size_transfer,139,5,0,Center/Greedy Agent,RED,RED,1,9,0,True
experimental_board_size_transfer,140,5,0,Center/Greedy Agent,BLUE,BLUE,1,10,0,True
experimental_board_size_transfer,141,5,0,Center/Greedy Agent,RED,RED,1,9,0,True
experimental_board_size_transfer,142,5,0,Center/Greedy Agent,BLUE,BLUE,1,10,0,True
experimental_board_size_transfer,143,5,0,Center/Greedy Agent,RED,RED,1,9,0,True
experimental_board_size_transfer,144,5,0,Center/Greedy Agent,BLUE,BLUE,1,10,0,True
experimental_board_size_transfer,145,5,0,Center/Greedy Agent,RED,RED,1,9,0,True
experimental_board_size_transfer,146,5,0,Center/Greedy Agent,BLUE,BLUE,1,10,0,True
experimental_board_size_transfer,147,5,0,Center/Greedy Agent,RED,RED,1,9,0,True
experimental_board_size_transfer,148,5,0,Center/Greedy Agent,BLUE,BLUE,1,10,0,True
experimental_board_size_transfer,149,5,0,Center/Greedy Agent,RED,RED,1,9,0,True
experimental_board_size_transfer,150,5,0,Center/Greedy Agent,BLUE,BLUE,1,10,0,True
experimental_board_size_transfer,151,5,0,Center/Greedy Agent,RED,RED,1,9,0,True
experimental_board_size_transfer,152,5,0,Center/Greedy Agent,BLUE,BLUE,1,10,0,True
experimental_board_size_transfer,153,5,0,Center/Greedy Agent,RED,RED,1,9,0,True
experimental_board_size_transfer,154,5,0,Center/Greedy Agent,BLUE,BLUE,1,10,0,True
experimental_board_size_transfer,155,5,0,Center/Greedy Agent,RED,RED,1,9,0,True
experimental_board_size_transfer,156,5,0,Center/Greedy Agent,BLUE,BLUE,1,10,0,True
experimental_board_size_transfer,157,5,0,Center/Greedy Agent,RED,RED,1,9,0,True
experimental_board_size_transfer,158,5,0,Center/Greedy Agent,BLUE,BLUE,1,10,0,True
experimental_board_size_transfer,159,5,0,Center/Greedy Agent,RED,RED,1,9,0,True
experimental_board_size_transfer,160,5,0,Center/Greedy Agent,BLUE,BLUE,1,10,0,True
experimental_board_size_transfer,161,5,0,Center/Greedy Agent,RED,RED,1,9,0,True
experimental_board_size_transfer,162,5,0,Center/Greedy Agent,BLUE,BLUE,1,10,0,True
experimental_board_size_transfer,163,5,0,Center/Greedy Agent,RED,RED,1,9,0,True
experimental_board_size_transfer,164,5,0,Center/Greedy Agent,BLUE,BLUE,1,10,0,True
experimental_board_size_transfer,165,5,0,Center/Greedy Agent,RED,RED,1,9,0,True
experimental_board_size_transfer,166,5,0,Center/Greedy Agent,BLUE,BLUE,1,10,0,True
experimental_board_size_transfer,167,5,0,Center/Greedy Agent,RED,RED,1,9,0,True
experimental_board_size_transfer,168,5,0,Center/Greedy Agent,BLUE,BLUE,1,10,0,True
experimental_board_size_transfer,169,5,0,Center/Greedy Agent,RED,RED,1,9,0,True
experimental_board_size_transfer,170,5,0,Center/Greedy Agent,BLUE,BLUE,1,10,0,True
experimental_board_size_transfer,171,5,0,Center/Greedy Agent,RED,RED,1,9,0,True
experimental_board_size_transfer,172,5,0,Center/Greedy Agent,BLUE,BLUE,1,10,0,True
experimental_board_size_transfer,173,5,0,Center/Greedy Agent,RED,RED,1,9,0,True
experimental_board_size_transfer,174,5,0,Center/Greedy Agent,BLUE,BLUE,1,10,0,True
experimental_board_size_transfer,175,5,0,Center/Greedy Agent,RED,RED,1,9,0,True
experimental_board_size_transfer,176,5,0,Center/Greedy Agent,BLUE,BLUE,1,10,0,True
experimental_board_size_transfer,177,5,0,Center/Greedy Agent,RED,RED,1,9,0,True
experimental_board_size_transfer,178,5,0,Center/Greedy Agent,BLUE,BLUE,1,10,0,True
experimental_board_size_transfer,179,5,0,Center/Greedy Agent,RED,RED,1,9,0,True
experimental_board_size_transfer,180,5,0,Center/Greedy Agent,BLUE,BLUE,1,10,0,True
experimental_board_size_transfer,181,5,0,Center/Greedy Agent,RED,RED,1,9,0,True
experimental_board_size_transfer,182,5,0,Center/Greedy Agent,BLUE,BLUE,1,10,0,True
experimental_board_size_transfer,183,5,0,Center/Greedy Agent,RED,RED,1,9,0,True
experimental_board_size_transfer,184,5,0,Center/Greedy Agent,BLUE,BLUE,1,10,0,True
experimental_board_size_transfer,185,5,0,Center/Greedy Agent,RED,RED,1,9,0,True
experimental_board_size_transfer,186,5,0,Center/Greedy Agent,BLUE,BLUE,1,10,0,True
experimental_board_size_transfer,187,5,0,Center/Greedy Agent,RED,RED,1,9,0,True
experimental_board_size_transfer,188,5,0,Center/Greedy Agent,BLUE,BLUE,1,10,0,True
experimental_board_size_transfer,189,5,0,Center/Greedy Agent,RED,RED,1,9,0,True
experimental_board_size_transfer,190,5,0,Center/Greedy Agent,BLUE,BLUE,1,10,0,True
experimental_board_size_transfer,191,5,0,Center/Greedy Agent,RED,RED,1,9,0,True
experimental_board_size_transfer,192,5,0,Center/Greedy Agent,BLUE,BLUE,1,10,0,True
experimental_board_size_transfer,193,5,0,Center/Greedy Agent,RED,RED,1,9,0,True
experimental_board_size_transfer,194,5,0,Center/Greedy Agent,BLUE,BLUE,1,10,0,True
experimental_board_size_transfer,195,5,0,Center/Greedy Agent,RED,RED,1,9,0,True
experimental_board_size_transfer,196,5,0,Center/Greedy Agent,BLUE,BLUE,1,10,0,True
experimental_board_size_transfer,197,5,0,Center/Greedy Agent,RED,RED,1,9,0,True
experimental_board_size_transfer,198,5,0,Center/Greedy Agent,BLUE,BLUE,1,10,0,True
experimental_board_size_transfer,199,5,0,Center/Greedy Agent,RED,RED,1,9,0,True
experimental_board_size_transfer,200,5,0,Center/Greedy Agent,BLUE,BLUE,1,10,0,True
experimental_board_size_transfer,1,6,0,Random Agent,RED,RED,1,17,0,True
experimental_board_size_transfer,2,6,0,Random Agent,BLUE,RED,0,31,0,True
experimental_board_size_transfer,3,6,0,Random Agent,RED,BLUE,0,28,0,True
experimental_board_size_transfer,4,6,0,Random Agent,BLUE,BLUE,1,16,0,True
experimental_board_size_transfer,5,6,0,Random Agent,RED,RED,1,15,0,True
experimental_board_size_transfer,6,6,0,Random Agent,BLUE,BLUE,1,36,0,True
experimental_board_size_transfer,7,6,0,Random Agent,RED,RED,1,13,0,True
experimental_board_size_transfer,8,6,0,Random Agent,BLUE,BLUE,1,30,0,True
experimental_board_size_transfer,9,6,0,Random Agent,RED,RED,1,23,0,True
experimental_board_size_transfer,10,6,0,Random Agent,BLUE,BLUE,1,16,0,True
experimental_board_size_transfer,11,6,0,Random Agent,RED,RED,1,11,0,True
experimental_board_size_transfer,12,6,0,Random Agent,BLUE,BLUE,1,14,0,True
experimental_board_size_transfer,13,6,0,Random Agent,RED,RED,1,13,0,True
experimental_board_size_transfer,14,6,0,Random Agent,BLUE,BLUE,1,28,0,True
experimental_board_size_transfer,15,6,0,Random Agent,RED,BLUE,0,28,0,True
experimental_board_size_transfer,16,6,0,Random Agent,BLUE,BLUE,1,36,0,True
experimental_board_size_transfer,17,6,0,Random Agent,RED,BLUE,0,32,0,True
experimental_board_size_transfer,18,6,0,Random Agent,BLUE,BLUE,1,30,0,True
experimental_board_size_transfer,19,6,0,Random Agent,RED,BLUE,0,34,0,True
experimental_board_size_transfer,20,6,0,Random Agent,BLUE,BLUE,1,28,0,True
experimental_board_size_transfer,21,6,0,Random Agent,RED,RED,1,17,0,True
experimental_board_size_transfer,22,6,0,Random Agent,BLUE,RED,0,35,0,True
experimental_board_size_transfer,23,6,0,Random Agent,RED,RED,1,23,0,True
experimental_board_size_transfer,24,6,0,Random Agent,BLUE,BLUE,1,12,0,True
experimental_board_size_transfer,25,6,0,Random Agent,RED,RED,1,15,0,True
experimental_board_size_transfer,26,6,0,Random Agent,BLUE,BLUE,1,36,0,True
experimental_board_size_transfer,27,6,0,Random Agent,RED,RED,1,11,0,True
experimental_board_size_transfer,28,6,0,Random Agent,BLUE,RED,0,27,0,True
experimental_board_size_transfer,29,6,0,Random Agent,RED,RED,1,11,0,True
experimental_board_size_transfer,30,6,0,Random Agent,BLUE,BLUE,1,26,0,True
experimental_board_size_transfer,31,6,0,Random Agent,RED,BLUE,0,32,0,True
experimental_board_size_transfer,32,6,0,Random Agent,BLUE,BLUE,1,12,0,True
experimental_board_size_transfer,33,6,0,Random Agent,RED,BLUE,0,30,0,True
experimental_board_size_transfer,34,6,0,Random Agent,BLUE,RED,0,25,0,True
experimental_board_size_transfer,35,6,0,Random Agent,RED,RED,1,11,0,True
experimental_board_size_transfer,36,6,0,Random Agent,BLUE,RED,0,15,0,True
experimental_board_size_transfer,37,6,0,Random Agent,RED,RED,1,13,0,True
experimental_board_size_transfer,38,6,0,Random Agent,BLUE,BLUE,1,16,0,True
experimental_board_size_transfer,39,6,0,Random Agent,RED,BLUE,0,30,0,True
experimental_board_size_transfer,40,6,0,Random Agent,BLUE,BLUE,1,36,0,True
experimental_board_size_transfer,41,6,0,Random Agent,RED,RED,1,19,0,True
experimental_board_size_transfer,42,6,0,Random Agent,BLUE,RED,0,19,0,True
experimental_board_size_transfer,43,6,0,Random Agent,RED,BLUE,0,26,0,True
experimental_board_size_transfer,44,6,0,Random Agent,BLUE,RED,0,33,0,True
experimental_board_size_transfer,45,6,0,Random Agent,RED,RED,1,11,0,True
experimental_board_size_transfer,46,6,0,Random Agent,BLUE,RED,0,35,0,True
experimental_board_size_transfer,47,6,0,Random Agent,RED,RED,1,19,0,True
experimental_board_size_transfer,48,6,0,Random Agent,BLUE,BLUE,1,32,0,True
experimental_board_size_transfer,49,6,0,Random Agent,RED,BLUE,0,28,0,True
experimental_board_size_transfer,50,6,0,Random Agent,BLUE,RED,0,25,0,True
experimental_board_size_transfer,51,6,0,Random Agent,RED,RED,1,17,0,True
experimental_board_size_transfer,52,6,0,Random Agent,BLUE,BLUE,1,24,0,True
experimental_board_size_transfer,53,6,0,Random Agent,RED,RED,1,11,0,True
experimental_board_size_transfer,54,6,0,Random Agent,BLUE,BLUE,1,16,0,True
experimental_board_size_transfer,55,6,0,Random Agent,RED,RED,1,35,0,True
experimental_board_size_transfer,56,6,0,Random Agent,BLUE,BLUE,1,14,0,True
experimental_board_size_transfer,57,6,0,Random Agent,RED,RED,1,11,0,True
experimental_board_size_transfer,58,6,0,Random Agent,BLUE,BLUE,1,12,0,True
experimental_board_size_transfer,59,6,0,Random Agent,RED,RED,1,11,0,True
experimental_board_size_transfer,60,6,0,Random Agent,BLUE,RED,0,21,0,True
experimental_board_size_transfer,61,6,0,Random Agent,RED,RED,1,27,0,True
experimental_board_size_transfer,62,6,0,Random Agent,BLUE,BLUE,1,12,0,True
experimental_board_size_transfer,63,6,0,Random Agent,RED,RED,1,11,0,True
experimental_board_size_transfer,64,6,0,Random Agent,BLUE,BLUE,1,20,0,True
experimental_board_size_transfer,65,6,0,Random Agent,RED,RED,1,11,0,True
experimental_board_size_transfer,66,6,0,Random Agent,BLUE,BLUE,1,12,0,True
experimental_board_size_transfer,67,6,0,Random Agent,RED,RED,1,11,0,True
experimental_board_size_transfer,68,6,0,Random Agent,BLUE,RED,0,31,0,True
experimental_board_size_transfer,69,6,0,Random Agent,RED,RED,1,25,0,True
experimental_board_size_transfer,70,6,0,Random Agent,BLUE,BLUE,1,12,0,True
experimental_board_size_transfer,71,6,0,Random Agent,RED,RED,1,11,0,True
experimental_board_size_transfer,72,6,0,Random Agent,BLUE,BLUE,1,14,0,True
experimental_board_size_transfer,73,6,0,Random Agent,RED,RED,1,25,0,True
experimental_board_size_transfer,74,6,0,Random Agent,BLUE,RED,0,27,0,True
experimental_board_size_transfer,75,6,0,Random Agent,RED,RED,1,13,0,True
experimental_board_size_transfer,76,6,0,Random Agent,BLUE,RED,0,25,0,True
experimental_board_size_transfer,77,6,0,Random Agent,RED,RED,1,11,0,True
experimental_board_size_transfer,78,6,0,Random Agent,BLUE,BLUE,1,12,0,True
experimental_board_size_transfer,79,6,0,Random Agent,RED,RED,1,13,0,True
experimental_board_size_transfer,80,6,0,Random Agent,BLUE,RED,0,19,0,True
experimental_board_size_transfer,81,6,0,Random Agent,RED,RED,1,11,0,True
experimental_board_size_transfer,82,6,0,Random Agent,BLUE,RED,0,31,0,True
experimental_board_size_transfer,83,6,0,Random Agent,RED,RED,1,11,0,True
experimental_board_size_transfer,84,6,0,Random Agent,BLUE,BLUE,1,12,0,True
experimental_board_size_transfer,85,6,0,Random Agent,RED,RED,1,27,0,True
experimental_board_size_transfer,86,6,0,Random Agent,BLUE,BLUE,1,16,0,True
experimental_board_size_transfer,87,6,0,Random Agent,RED,RED,1,13,0,True
experimental_board_size_transfer,88,6,0,Random Agent,BLUE,BLUE,1,30,0,True
experimental_board_size_transfer,89,6,0,Random Agent,RED,RED,1,11,0,True
experimental_board_size_transfer,90,6,0,Random Agent,BLUE,RED,0,29,0,True
experimental_board_size_transfer,91,6,0,Random Agent,RED,RED,1,11,0,True
experimental_board_size_transfer,92,6,0,Random Agent,BLUE,BLUE,1,12,0,True
experimental_board_size_transfer,93,6,0,Random Agent,RED,RED,1,13,0,True
experimental_board_size_transfer,94,6,0,Random Agent,BLUE,BLUE,1,18,0,True
experimental_board_size_transfer,95,6,0,Random Agent,RED,RED,1,11,0,True
experimental_board_size_transfer,96,6,0,Random Agent,BLUE,BLUE,1,26,0,True
experimental_board_size_transfer,97,6,0,Random Agent,RED,RED,1,11,0,True
experimental_board_size_transfer,98,6,0,Random Agent,BLUE,RED,0,27,0,True
experimental_board_size_transfer,99,6,0,Random Agent,RED,BLUE,0,34,0,True
experimental_board_size_transfer,100,6,0,Random Agent,BLUE,RED,0,31,0,True
experimental_board_size_transfer,101,6,0,Random Agent,RED,RED,1,13,0,True
experimental_board_size_transfer,102,6,0,Random Agent,BLUE,RED,0,35,0,True
experimental_board_size_transfer,103,6,0,Random Agent,RED,BLUE,0,24,0,True
experimental_board_size_transfer,104,6,0,Random Agent,BLUE,RED,0,25,0,True
experimental_board_size_transfer,105,6,0,Random Agent,RED,BLUE,0,20,0,True
experimental_board_size_transfer,106,6,0,Random Agent,BLUE,BLUE,1,34,0,True
experimental_board_size_transfer,107,6,0,Random Agent,RED,RED,1,35,0,True
experimental_board_size_transfer,108,6,0,Random Agent,BLUE,RED,0,23,0,True
experimental_board_size_transfer,109,6,0,Random Agent,RED,RED,1,11,0,True
experimental_board_size_transfer,110,6,0,Random Agent,BLUE,BLUE,1,12,0,True
experimental_board_size_transfer,111,6,0,Random Agent,RED,RED,1,11,0,True
experimental_board_size_transfer,112,6,0,Random Agent,BLUE,RED,0,25,0,True
experimental_board_size_transfer,113,6,0,Random Agent,RED,RED,1,11,0,True
experimental_board_size_transfer,114,6,0,Random Agent,BLUE,RED,0,29,0,True
experimental_board_size_transfer,115,6,0,Random Agent,RED,RED,1,11,0,True
experimental_board_size_transfer,116,6,0,Random Agent,BLUE,BLUE,1,12,0,True
experimental_board_size_transfer,117,6,0,Random Agent,RED,BLUE,0,30,0,True
experimental_board_size_transfer,118,6,0,Random Agent,BLUE,RED,0,35,0,True
experimental_board_size_transfer,119,6,0,Random Agent,RED,RED,1,11,0,True
experimental_board_size_transfer,120,6,0,Random Agent,BLUE,BLUE,1,12,0,True
experimental_board_size_transfer,121,6,0,Random Agent,RED,BLUE,0,36,0,True
experimental_board_size_transfer,122,6,0,Random Agent,BLUE,BLUE,1,34,0,True
experimental_board_size_transfer,123,6,0,Random Agent,RED,RED,1,11,0,True
experimental_board_size_transfer,124,6,0,Random Agent,BLUE,RED,0,23,0,True
experimental_board_size_transfer,125,6,0,Random Agent,RED,RED,1,11,0,True
experimental_board_size_transfer,126,6,0,Random Agent,BLUE,BLUE,1,12,0,True
experimental_board_size_transfer,127,6,0,Random Agent,RED,RED,1,11,0,True
experimental_board_size_transfer,128,6,0,Random Agent,BLUE,BLUE,1,12,0,True
experimental_board_size_transfer,129,6,0,Random Agent,RED,RED,1,11,0,True
experimental_board_size_transfer,130,6,0,Random Agent,BLUE,RED,0,35,0,True
experimental_board_size_transfer,131,6,0,Random Agent,RED,RED,1,23,0,True
experimental_board_size_transfer,132,6,0,Random Agent,BLUE,BLUE,1,24,0,True
experimental_board_size_transfer,133,6,0,Random Agent,RED,RED,1,11,0,True
experimental_board_size_transfer,134,6,0,Random Agent,BLUE,BLUE,1,12,0,True
experimental_board_size_transfer,135,6,0,Random Agent,RED,RED,1,31,0,True
experimental_board_size_transfer,136,6,0,Random Agent,BLUE,BLUE,1,24,0,True
experimental_board_size_transfer,137,6,0,Random Agent,RED,RED,1,13,0,True
experimental_board_size_transfer,138,6,0,Random Agent,BLUE,BLUE,1,12,0,True
experimental_board_size_transfer,139,6,0,Random Agent,RED,RED,1,21,0,True
experimental_board_size_transfer,140,6,0,Random Agent,BLUE,BLUE,1,32,0,True
experimental_board_size_transfer,141,6,0,Random Agent,RED,RED,1,11,0,True
experimental_board_size_transfer,142,6,0,Random Agent,BLUE,RED,0,27,0,True
experimental_board_size_transfer,143,6,0,Random Agent,RED,RED,1,11,0,True
experimental_board_size_transfer,144,6,0,Random Agent,BLUE,BLUE,1,12,0,True
experimental_board_size_transfer,145,6,0,Random Agent,RED,RED,1,11,0,True
experimental_board_size_transfer,146,6,0,Random Agent,BLUE,BLUE,1,14,0,True
experimental_board_size_transfer,147,6,0,Random Agent,RED,RED,1,25,0,True
experimental_board_size_transfer,148,6,0,Random Agent,BLUE,RED,0,27,0,True
experimental_board_size_transfer,149,6,0,Random Agent,RED,RED,1,13,0,True
experimental_board_size_transfer,150,6,0,Random Agent,BLUE,BLUE,1,32,0,True
experimental_board_size_transfer,151,6,0,Random Agent,RED,RED,1,13,0,True
experimental_board_size_transfer,152,6,0,Random Agent,BLUE,BLUE,1,16,0,True
experimental_board_size_transfer,153,6,0,Random Agent,RED,RED,1,27,0,True
experimental_board_size_transfer,154,6,0,Random Agent,BLUE,RED,0,33,0,True
experimental_board_size_transfer,155,6,0,Random Agent,RED,RED,1,11,0,True
experimental_board_size_transfer,156,6,0,Random Agent,BLUE,RED,0,23,0,True
experimental_board_size_transfer,157,6,0,Random Agent,RED,RED,1,11,0,True
experimental_board_size_transfer,158,6,0,Random Agent,BLUE,BLUE,1,12,0,True
experimental_board_size_transfer,159,6,0,Random Agent,RED,RED,1,11,0,True
experimental_board_size_transfer,160,6,0,Random Agent,BLUE,BLUE,1,12,0,True
experimental_board_size_transfer,161,6,0,Random Agent,RED,RED,1,13,0,True
experimental_board_size_transfer,162,6,0,Random Agent,BLUE,RED,0,33,0,True
experimental_board_size_transfer,163,6,0,Random Agent,RED,RED,1,11,0,True
experimental_board_size_transfer,164,6,0,Random Agent,BLUE,BLUE,1,22,0,True
experimental_board_size_transfer,165,6,0,Random Agent,RED,RED,1,11,0,True
experimental_board_size_transfer,166,6,0,Random Agent,BLUE,BLUE,1,12,0,True
experimental_board_size_transfer,167,6,0,Random Agent,RED,BLUE,0,30,0,True
experimental_board_size_transfer,168,6,0,Random Agent,BLUE,BLUE,1,22,0,True
experimental_board_size_transfer,169,6,0,Random Agent,RED,RED,1,13,0,True
experimental_board_size_transfer,170,6,0,Random Agent,BLUE,BLUE,1,12,0,True
experimental_board_size_transfer,171,6,0,Random Agent,RED,RED,1,11,0,True
experimental_board_size_transfer,172,6,0,Random Agent,BLUE,BLUE,1,18,0,True
experimental_board_size_transfer,173,6,0,Random Agent,RED,RED,1,19,0,True
experimental_board_size_transfer,174,6,0,Random Agent,BLUE,RED,0,29,0,True
experimental_board_size_transfer,175,6,0,Random Agent,RED,RED,1,33,0,True
experimental_board_size_transfer,176,6,0,Random Agent,BLUE,RED,0,25,0,True
experimental_board_size_transfer,177,6,0,Random Agent,RED,BLUE,0,22,0,True
experimental_board_size_transfer,178,6,0,Random Agent,BLUE,BLUE,1,12,0,True
experimental_board_size_transfer,179,6,0,Random Agent,RED,RED,1,15,0,True
experimental_board_size_transfer,180,6,0,Random Agent,BLUE,BLUE,1,32,0,True
experimental_board_size_transfer,181,6,0,Random Agent,RED,RED,1,27,0,True
experimental_board_size_transfer,182,6,0,Random Agent,BLUE,BLUE,1,34,0,True
experimental_board_size_transfer,183,6,0,Random Agent,RED,RED,1,11,0,True
experimental_board_size_transfer,184,6,0,Random Agent,BLUE,RED,0,35,0,True
experimental_board_size_transfer,185,6,0,Random Agent,RED,RED,1,25,0,True
experimental_board_size_transfer,186,6,0,Random Agent,BLUE,RED,0,29,0,True
experimental_board_size_transfer,187,6,0,Random Agent,RED,RED,1,13,0,True
experimental_board_size_transfer,188,6,0,Random Agent,BLUE,RED,0,31,0,True
experimental_board_size_transfer,189,6,0,Random Agent,RED,BLUE,0,28,0,True
experimental_board_size_transfer,190,6,0,Random Agent,BLUE,BLUE,1,20,0,True
experimental_board_size_transfer,191,6,0,Random Agent,RED,BLUE,0,30,0,True
experimental_board_size_transfer,192,6,0,Random Agent,BLUE,RED,0,29,0,True
experimental_board_size_transfer,193,6,0,Random Agent,RED,RED,1,25,0,True
experimental_board_size_transfer,194,6,0,Random Agent,BLUE,RED,0,35,0,True
experimental_board_size_transfer,195,6,0,Random Agent,RED,BLUE,0,30,0,True
experimental_board_size_transfer,196,6,0,Random Agent,BLUE,RED,0,25,0,True
experimental_board_size_transfer,197,6,0,Random Agent,RED,BLUE,0,30,0,True
experimental_board_size_transfer,198,6,0,Random Agent,BLUE,RED,0,19,0,True
experimental_board_size_transfer,199,6,0,Random Agent,RED,RED,1,29,0,True
experimental_board_size_transfer,200,6,0,Random Agent,BLUE,BLUE,1,12,0,True
experimental_board_size_transfer,1,6,0,Center/Greedy Agent,RED,RED,1,11,0,True
experimental_board_size_transfer,2,6,0,Center/Greedy Agent,BLUE,BLUE,1,20,0,True
experimental_board_size_transfer,3,6,0,Center/Greedy Agent,RED,RED,1,11,0,True
experimental_board_size_transfer,4,6,0,Center/Greedy Agent,BLUE,BLUE,1,20,0,True
experimental_board_size_transfer,5,6,0,Center/Greedy Agent,RED,RED,1,11,0,True
experimental_board_size_transfer,6,6,0,Center/Greedy Agent,BLUE,BLUE,1,20,0,True
experimental_board_size_transfer,7,6,0,Center/Greedy Agent,RED,RED,1,11,0,True
experimental_board_size_transfer,8,6,0,Center/Greedy Agent,BLUE,BLUE,1,20,0,True
experimental_board_size_transfer,9,6,0,Center/Greedy Agent,RED,RED,1,11,0,True
experimental_board_size_transfer,10,6,0,Center/Greedy Agent,BLUE,BLUE,1,20,0,True
experimental_board_size_transfer,11,6,0,Center/Greedy Agent,RED,RED,1,11,0,True
experimental_board_size_transfer,12,6,0,Center/Greedy Agent,BLUE,BLUE,1,20,0,True
experimental_board_size_transfer,13,6,0,Center/Greedy Agent,RED,RED,1,11,0,True
experimental_board_size_transfer,14,6,0,Center/Greedy Agent,BLUE,BLUE,1,20,0,True
experimental_board_size_transfer,15,6,0,Center/Greedy Agent,RED,RED,1,11,0,True
experimental_board_size_transfer,16,6,0,Center/Greedy Agent,BLUE,BLUE,1,20,0,True
experimental_board_size_transfer,17,6,0,Center/Greedy Agent,RED,RED,1,11,0,True
experimental_board_size_transfer,18,6,0,Center/Greedy Agent,BLUE,BLUE,1,20,0,True
experimental_board_size_transfer,19,6,0,Center/Greedy Agent,RED,RED,1,11,0,True
experimental_board_size_transfer,20,6,0,Center/Greedy Agent,BLUE,BLUE,1,20,0,True
experimental_board_size_transfer,21,6,0,Center/Greedy Agent,RED,RED,1,11,0,True
experimental_board_size_transfer,22,6,0,Center/Greedy Agent,BLUE,BLUE,1,20,0,True
experimental_board_size_transfer,23,6,0,Center/Greedy Agent,RED,RED,1,11,0,True
experimental_board_size_transfer,24,6,0,Center/Greedy Agent,BLUE,BLUE,1,20,0,True
experimental_board_size_transfer,25,6,0,Center/Greedy Agent,RED,RED,1,11,0,True
experimental_board_size_transfer,26,6,0,Center/Greedy Agent,BLUE,BLUE,1,20,0,True
experimental_board_size_transfer,27,6,0,Center/Greedy Agent,RED,RED,1,11,0,True
experimental_board_size_transfer,28,6,0,Center/Greedy Agent,BLUE,BLUE,1,20,0,True
experimental_board_size_transfer,29,6,0,Center/Greedy Agent,RED,RED,1,11,0,True
experimental_board_size_transfer,30,6,0,Center/Greedy Agent,BLUE,BLUE,1,20,0,True
experimental_board_size_transfer,31,6,0,Center/Greedy Agent,RED,RED,1,11,0,True
experimental_board_size_transfer,32,6,0,Center/Greedy Agent,BLUE,BLUE,1,20,0,True
experimental_board_size_transfer,33,6,0,Center/Greedy Agent,RED,RED,1,11,0,True
experimental_board_size_transfer,34,6,0,Center/Greedy Agent,BLUE,BLUE,1,20,0,True
experimental_board_size_transfer,35,6,0,Center/Greedy Agent,RED,RED,1,11,0,True
experimental_board_size_transfer,36,6,0,Center/Greedy Agent,BLUE,BLUE,1,20,0,True
experimental_board_size_transfer,37,6,0,Center/Greedy Agent,RED,RED,1,11,0,True
experimental_board_size_transfer,38,6,0,Center/Greedy Agent,BLUE,BLUE,1,20,0,True
experimental_board_size_transfer,39,6,0,Center/Greedy Agent,RED,RED,1,11,0,True
experimental_board_size_transfer,40,6,0,Center/Greedy Agent,BLUE,BLUE,1,20,0,True
experimental_board_size_transfer,41,6,0,Center/Greedy Agent,RED,RED,1,11,0,True
experimental_board_size_transfer,42,6,0,Center/Greedy Agent,BLUE,BLUE,1,20,0,True
experimental_board_size_transfer,43,6,0,Center/Greedy Agent,RED,RED,1,11,0,True
experimental_board_size_transfer,44,6,0,Center/Greedy Agent,BLUE,BLUE,1,20,0,True
experimental_board_size_transfer,45,6,0,Center/Greedy Agent,RED,RED,1,11,0,True
experimental_board_size_transfer,46,6,0,Center/Greedy Agent,BLUE,BLUE,1,20,0,True
experimental_board_size_transfer,47,6,0,Center/Greedy Agent,RED,RED,1,11,0,True
experimental_board_size_transfer,48,6,0,Center/Greedy Agent,BLUE,BLUE,1,20,0,True
experimental_board_size_transfer,49,6,0,Center/Greedy Agent,RED,RED,1,11,0,True
experimental_board_size_transfer,50,6,0,Center/Greedy Agent,BLUE,BLUE,1,20,0,True
experimental_board_size_transfer,51,6,0,Center/Greedy Agent,RED,RED,1,11,0,True
experimental_board_size_transfer,52,6,0,Center/Greedy Agent,BLUE,BLUE,1,20,0,True
experimental_board_size_transfer,53,6,0,Center/Greedy Agent,RED,RED,1,11,0,True
experimental_board_size_transfer,54,6,0,Center/Greedy Agent,BLUE,BLUE,1,20,0,True
experimental_board_size_transfer,55,6,0,Center/Greedy Agent,RED,RED,1,11,0,True
experimental_board_size_transfer,56,6,0,Center/Greedy Agent,BLUE,BLUE,1,20,0,True
experimental_board_size_transfer,57,6,0,Center/Greedy Agent,RED,RED,1,11,0,True
experimental_board_size_transfer,58,6,0,Center/Greedy Agent,BLUE,BLUE,1,20,0,True
experimental_board_size_transfer,59,6,0,Center/Greedy Agent,RED,RED,1,11,0,True
experimental_board_size_transfer,60,6,0,Center/Greedy Agent,BLUE,BLUE,1,20,0,True
experimental_board_size_transfer,61,6,0,Center/Greedy Agent,RED,RED,1,11,0,True
experimental_board_size_transfer,62,6,0,Center/Greedy Agent,BLUE,BLUE,1,20,0,True
experimental_board_size_transfer,63,6,0,Center/Greedy Agent,RED,RED,1,11,0,True
experimental_board_size_transfer,64,6,0,Center/Greedy Agent,BLUE,BLUE,1,20,0,True
experimental_board_size_transfer,65,6,0,Center/Greedy Agent,RED,RED,1,11,0,True
experimental_board_size_transfer,66,6,0,Center/Greedy Agent,BLUE,BLUE,1,20,0,True
experimental_board_size_transfer,67,6,0,Center/Greedy Agent,RED,RED,1,11,0,True
experimental_board_size_transfer,68,6,0,Center/Greedy Agent,BLUE,BLUE,1,20,0,True
experimental_board_size_transfer,69,6,0,Center/Greedy Agent,RED,RED,1,11,0,True
experimental_board_size_transfer,70,6,0,Center/Greedy Agent,BLUE,BLUE,1,20,0,True
experimental_board_size_transfer,71,6,0,Center/Greedy Agent,RED,RED,1,11,0,True
experimental_board_size_transfer,72,6,0,Center/Greedy Agent,BLUE,BLUE,1,20,0,True
experimental_board_size_transfer,73,6,0,Center/Greedy Agent,RED,RED,1,11,0,True
experimental_board_size_transfer,74,6,0,Center/Greedy Agent,BLUE,BLUE,1,20,0,True
experimental_board_size_transfer,75,6,0,Center/Greedy Agent,RED,RED,1,11,0,True
experimental_board_size_transfer,76,6,0,Center/Greedy Agent,BLUE,BLUE,1,20,0,True
experimental_board_size_transfer,77,6,0,Center/Greedy Agent,RED,RED,1,11,0,True
experimental_board_size_transfer,78,6,0,Center/Greedy Agent,BLUE,BLUE,1,20,0,True
experimental_board_size_transfer,79,6,0,Center/Greedy Agent,RED,RED,1,11,0,True
experimental_board_size_transfer,80,6,0,Center/Greedy Agent,BLUE,BLUE,1,20,0,True
experimental_board_size_transfer,81,6,0,Center/Greedy Agent,RED,RED,1,11,0,True
experimental_board_size_transfer,82,6,0,Center/Greedy Agent,BLUE,BLUE,1,20,0,True
experimental_board_size_transfer,83,6,0,Center/Greedy Agent,RED,RED,1,11,0,True
experimental_board_size_transfer,84,6,0,Center/Greedy Agent,BLUE,BLUE,1,20,0,True
experimental_board_size_transfer,85,6,0,Center/Greedy Agent,RED,RED,1,11,0,True
experimental_board_size_transfer,86,6,0,Center/Greedy Agent,BLUE,BLUE,1,20,0,True
experimental_board_size_transfer,87,6,0,Center/Greedy Agent,RED,RED,1,11,0,True
experimental_board_size_transfer,88,6,0,Center/Greedy Agent,BLUE,BLUE,1,20,0,True
experimental_board_size_transfer,89,6,0,Center/Greedy Agent,RED,RED,1,11,0,True
experimental_board_size_transfer,90,6,0,Center/Greedy Agent,BLUE,BLUE,1,20,0,True
experimental_board_size_transfer,91,6,0,Center/Greedy Agent,RED,RED,1,11,0,True
experimental_board_size_transfer,92,6,0,Center/Greedy Agent,BLUE,BLUE,1,20,0,True
experimental_board_size_transfer,93,6,0,Center/Greedy Agent,RED,RED,1,11,0,True
experimental_board_size_transfer,94,6,0,Center/Greedy Agent,BLUE,BLUE,1,20,0,True
experimental_board_size_transfer,95,6,0,Center/Greedy Agent,RED,RED,1,11,0,True
experimental_board_size_transfer,96,6,0,Center/Greedy Agent,BLUE,BLUE,1,20,0,True
experimental_board_size_transfer,97,6,0,Center/Greedy Agent,RED,RED,1,11,0,True
experimental_board_size_transfer,98,6,0,Center/Greedy Agent,BLUE,BLUE,1,20,0,True
experimental_board_size_transfer,99,6,0,Center/Greedy Agent,RED,RED,1,11,0,True
experimental_board_size_transfer,100,6,0,Center/Greedy Agent,BLUE,BLUE,1,20,0,True
experimental_board_size_transfer,101,6,0,Center/Greedy Agent,RED,RED,1,11,0,True
experimental_board_size_transfer,102,6,0,Center/Greedy Agent,BLUE,BLUE,1,20,0,True
experimental_board_size_transfer,103,6,0,Center/Greedy Agent,RED,RED,1,11,0,True
experimental_board_size_transfer,104,6,0,Center/Greedy Agent,BLUE,BLUE,1,20,0,True
experimental_board_size_transfer,105,6,0,Center/Greedy Agent,RED,RED,1,11,0,True
experimental_board_size_transfer,106,6,0,Center/Greedy Agent,BLUE,BLUE,1,20,0,True
experimental_board_size_transfer,107,6,0,Center/Greedy Agent,RED,RED,1,11,0,True
experimental_board_size_transfer,108,6,0,Center/Greedy Agent,BLUE,BLUE,1,20,0,True
experimental_board_size_transfer,109,6,0,Center/Greedy Agent,RED,RED,1,11,0,True
experimental_board_size_transfer,110,6,0,Center/Greedy Agent,BLUE,BLUE,1,20,0,True
experimental_board_size_transfer,111,6,0,Center/Greedy Agent,RED,RED,1,11,0,True
experimental_board_size_transfer,112,6,0,Center/Greedy Agent,BLUE,BLUE,1,20,0,True
experimental_board_size_transfer,113,6,0,Center/Greedy Agent,RED,RED,1,11,0,True
experimental_board_size_transfer,114,6,0,Center/Greedy Agent,BLUE,BLUE,1,20,0,True
experimental_board_size_transfer,115,6,0,Center/Greedy Agent,RED,RED,1,11,0,True
experimental_board_size_transfer,116,6,0,Center/Greedy Agent,BLUE,BLUE,1,20,0,True
experimental_board_size_transfer,117,6,0,Center/Greedy Agent,RED,RED,1,11,0,True
experimental_board_size_transfer,118,6,0,Center/Greedy Agent,BLUE,BLUE,1,20,0,True
experimental_board_size_transfer,119,6,0,Center/Greedy Agent,RED,RED,1,11,0,True
experimental_board_size_transfer,120,6,0,Center/Greedy Agent,BLUE,BLUE,1,20,0,True
experimental_board_size_transfer,121,6,0,Center/Greedy Agent,RED,RED,1,11,0,True
experimental_board_size_transfer,122,6,0,Center/Greedy Agent,BLUE,BLUE,1,20,0,True
experimental_board_size_transfer,123,6,0,Center/Greedy Agent,RED,RED,1,11,0,True
experimental_board_size_transfer,124,6,0,Center/Greedy Agent,BLUE,BLUE,1,20,0,True
experimental_board_size_transfer,125,6,0,Center/Greedy Agent,RED,RED,1,11,0,True
experimental_board_size_transfer,126,6,0,Center/Greedy Agent,BLUE,BLUE,1,20,0,True
experimental_board_size_transfer,127,6,0,Center/Greedy Agent,RED,RED,1,11,0,True
experimental_board_size_transfer,128,6,0,Center/Greedy Agent,BLUE,BLUE,1,20,0,True
experimental_board_size_transfer,129,6,0,Center/Greedy Agent,RED,RED,1,11,0,True
experimental_board_size_transfer,130,6,0,Center/Greedy Agent,BLUE,BLUE,1,20,0,True
experimental_board_size_transfer,131,6,0,Center/Greedy Agent,RED,RED,1,11,0,True
experimental_board_size_transfer,132,6,0,Center/Greedy Agent,BLUE,BLUE,1,20,0,True
experimental_board_size_transfer,133,6,0,Center/Greedy Agent,RED,RED,1,11,0,True
experimental_board_size_transfer,134,6,0,Center/Greedy Agent,BLUE,BLUE,1,20,0,True
experimental_board_size_transfer,135,6,0,Center/Greedy Agent,RED,RED,1,11,0,True
experimental_board_size_transfer,136,6,0,Center/Greedy Agent,BLUE,BLUE,1,20,0,True
experimental_board_size_transfer,137,6,0,Center/Greedy Agent,RED,RED,1,11,0,True
experimental_board_size_transfer,138,6,0,Center/Greedy Agent,BLUE,BLUE,1,20,0,True
experimental_board_size_transfer,139,6,0,Center/Greedy Agent,RED,RED,1,11,0,True
experimental_board_size_transfer,140,6,0,Center/Greedy Agent,BLUE,BLUE,1,20,0,True
experimental_board_size_transfer,141,6,0,Center/Greedy Agent,RED,RED,1,11,0,True
experimental_board_size_transfer,142,6,0,Center/Greedy Agent,BLUE,BLUE,1,20,0,True
experimental_board_size_transfer,143,6,0,Center/Greedy Agent,RED,RED,1,11,0,True
experimental_board_size_transfer,144,6,0,Center/Greedy Agent,BLUE,BLUE,1,20,0,True
experimental_board_size_transfer,145,6,0,Center/Greedy Agent,RED,RED,1,11,0,True
experimental_board_size_transfer,146,6,0,Center/Greedy Agent,BLUE,BLUE,1,20,0,True
experimental_board_size_transfer,147,6,0,Center/Greedy Agent,RED,RED,1,11,0,True
experimental_board_size_transfer,148,6,0,Center/Greedy Agent,BLUE,BLUE,1,20,0,True
experimental_board_size_transfer,149,6,0,Center/Greedy Agent,RED,RED,1,11,0,True
experimental_board_size_transfer,150,6,0,Center/Greedy Agent,BLUE,BLUE,1,20,0,True
experimental_board_size_transfer,151,6,0,Center/Greedy Agent,RED,RED,1,11,0,True
experimental_board_size_transfer,152,6,0,Center/Greedy Agent,BLUE,BLUE,1,20,0,True
experimental_board_size_transfer,153,6,0,Center/Greedy Agent,RED,RED,1,11,0,True
experimental_board_size_transfer,154,6,0,Center/Greedy Agent,BLUE,BLUE,1,20,0,True
experimental_board_size_transfer,155,6,0,Center/Greedy Agent,RED,RED,1,11,0,True
experimental_board_size_transfer,156,6,0,Center/Greedy Agent,BLUE,BLUE,1,20,0,True
experimental_board_size_transfer,157,6,0,Center/Greedy Agent,RED,RED,1,11,0,True
experimental_board_size_transfer,158,6,0,Center/Greedy Agent,BLUE,BLUE,1,20,0,True
experimental_board_size_transfer,159,6,0,Center/Greedy Agent,RED,RED,1,11,0,True
experimental_board_size_transfer,160,6,0,Center/Greedy Agent,BLUE,BLUE,1,20,0,True
experimental_board_size_transfer,161,6,0,Center/Greedy Agent,RED,RED,1,11,0,True
experimental_board_size_transfer,162,6,0,Center/Greedy Agent,BLUE,BLUE,1,20,0,True
experimental_board_size_transfer,163,6,0,Center/Greedy Agent,RED,RED,1,11,0,True
experimental_board_size_transfer,164,6,0,Center/Greedy Agent,BLUE,BLUE,1,20,0,True
experimental_board_size_transfer,165,6,0,Center/Greedy Agent,RED,RED,1,11,0,True
experimental_board_size_transfer,166,6,0,Center/Greedy Agent,BLUE,BLUE,1,20,0,True
experimental_board_size_transfer,167,6,0,Center/Greedy Agent,RED,RED,1,11,0,True
experimental_board_size_transfer,168,6,0,Center/Greedy Agent,BLUE,BLUE,1,20,0,True
experimental_board_size_transfer,169,6,0,Center/Greedy Agent,RED,RED,1,11,0,True
experimental_board_size_transfer,170,6,0,Center/Greedy Agent,BLUE,BLUE,1,20,0,True
experimental_board_size_transfer,171,6,0,Center/Greedy Agent,RED,RED,1,11,0,True
experimental_board_size_transfer,172,6,0,Center/Greedy Agent,BLUE,BLUE,1,20,0,True
experimental_board_size_transfer,173,6,0,Center/Greedy Agent,RED,RED,1,11,0,True
experimental_board_size_transfer,174,6,0,Center/Greedy Agent,BLUE,BLUE,1,20,0,True
experimental_board_size_transfer,175,6,0,Center/Greedy Agent,RED,RED,1,11,0,True
experimental_board_size_transfer,176,6,0,Center/Greedy Agent,BLUE,BLUE,1,20,0,True
experimental_board_size_transfer,177,6,0,Center/Greedy Agent,RED,RED,1,11,0,True
experimental_board_size_transfer,178,6,0,Center/Greedy Agent,BLUE,BLUE,1,20,0,True
experimental_board_size_transfer,179,6,0,Center/Greedy Agent,RED,RED,1,11,0,True
experimental_board_size_transfer,180,6,0,Center/Greedy Agent,BLUE,BLUE,1,20,0,True
experimental_board_size_transfer,181,6,0,Center/Greedy Agent,RED,RED,1,11,0,True
experimental_board_size_transfer,182,6,0,Center/Greedy Agent,BLUE,BLUE,1,20,0,True
experimental_board_size_transfer,183,6,0,Center/Greedy Agent,RED,RED,1,11,0,True
experimental_board_size_transfer,184,6,0,Center/Greedy Agent,BLUE,BLUE,1,20,0,True
experimental_board_size_transfer,185,6,0,Center/Greedy Agent,RED,RED,1,11,0,True
experimental_board_size_transfer,186,6,0,Center/Greedy Agent,BLUE,BLUE,1,20,0,True
experimental_board_size_transfer,187,6,0,Center/Greedy Agent,RED,RED,1,11,0,True
experimental_board_size_transfer,188,6,0,Center/Greedy Agent,BLUE,BLUE,1,20,0,True
experimental_board_size_transfer,189,6,0,Center/Greedy Agent,RED,RED,1,11,0,True
experimental_board_size_transfer,190,6,0,Center/Greedy Agent,BLUE,BLUE,1,20,0,True
experimental_board_size_transfer,191,6,0,Center/Greedy Agent,RED,RED,1,11,0,True
experimental_board_size_transfer,192,6,0,Center/Greedy Agent,BLUE,BLUE,1,20,0,True
experimental_board_size_transfer,193,6,0,Center/Greedy Agent,RED,RED,1,11,0,True
experimental_board_size_transfer,194,6,0,Center/Greedy Agent,BLUE,BLUE,1,20,0,True
experimental_board_size_transfer,195,6,0,Center/Greedy Agent,RED,RED,1,11,0,True
experimental_board_size_transfer,196,6,0,Center/Greedy Agent,BLUE,BLUE,1,20,0,True
experimental_board_size_transfer,197,6,0,Center/Greedy Agent,RED,RED,1,11,0,True
experimental_board_size_transfer,198,6,0,Center/Greedy Agent,BLUE,BLUE,1,20,0,True
experimental_board_size_transfer,199,6,0,Center/Greedy Agent,RED,RED,1,11,0,True
experimental_board_size_transfer,200,6,0,Center/Greedy Agent,BLUE,BLUE,1,20,0,True
experimental_board_size_transfer,1,7,0,Random Agent,RED,RED,1,13,0,True
experimental_board_size_transfer,2,7,0,Random Agent,BLUE,BLUE,1,18,0,True
experimental_board_size_transfer,3,7,0,Random Agent,RED,RED,1,13,0,True
experimental_board_size_transfer,4,7,0,Random Agent,BLUE,BLUE,1,14,0,True
experimental_board_size_transfer,5,7,0,Random Agent,RED,RED,1,13,0,True
experimental_board_size_transfer,6,7,0,Random Agent,BLUE,BLUE,1,16,0,True
experimental_board_size_transfer,7,7,0,Random Agent,RED,RED,1,15,0,True
experimental_board_size_transfer,8,7,0,Random Agent,BLUE,BLUE,1,14,0,True
experimental_board_size_transfer,9,7,0,Random Agent,RED,RED,1,15,0,True
experimental_board_size_transfer,10,7,0,Random Agent,BLUE,BLUE,1,14,0,True
experimental_board_size_transfer,11,7,0,Random Agent,RED,RED,1,15,0,True
experimental_board_size_transfer,12,7,0,Random Agent,BLUE,BLUE,1,14,0,True
experimental_board_size_transfer,13,7,0,Random Agent,RED,RED,1,13,0,True
experimental_board_size_transfer,14,7,0,Random Agent,BLUE,BLUE,1,14,0,True
experimental_board_size_transfer,15,7,0,Random Agent,RED,RED,1,13,0,True
experimental_board_size_transfer,16,7,0,Random Agent,BLUE,BLUE,1,14,0,True
experimental_board_size_transfer,17,7,0,Random Agent,RED,RED,1,13,0,True
experimental_board_size_transfer,18,7,0,Random Agent,BLUE,BLUE,1,14,0,True
experimental_board_size_transfer,19,7,0,Random Agent,RED,RED,1,13,0,True
experimental_board_size_transfer,20,7,0,Random Agent,BLUE,BLUE,1,16,0,True
experimental_board_size_transfer,21,7,0,Random Agent,RED,RED,1,13,0,True
experimental_board_size_transfer,22,7,0,Random Agent,BLUE,BLUE,1,14,0,True
experimental_board_size_transfer,23,7,0,Random Agent,RED,RED,1,15,0,True
experimental_board_size_transfer,24,7,0,Random Agent,BLUE,BLUE,1,14,0,True
experimental_board_size_transfer,25,7,0,Random Agent,RED,RED,1,13,0,True
experimental_board_size_transfer,26,7,0,Random Agent,BLUE,BLUE,1,14,0,True
experimental_board_size_transfer,27,7,0,Random Agent,RED,RED,1,13,0,True
experimental_board_size_transfer,28,7,0,Random Agent,BLUE,BLUE,1,16,0,True
experimental_board_size_transfer,29,7,0,Random Agent,RED,RED,1,23,0,True
experimental_board_size_transfer,30,7,0,Random Agent,BLUE,BLUE,1,14,0,True
experimental_board_size_transfer,31,7,0,Random Agent,RED,RED,1,13,0,True
experimental_board_size_transfer,32,7,0,Random Agent,BLUE,BLUE,1,14,0,True
experimental_board_size_transfer,33,7,0,Random Agent,RED,RED,1,15,0,True
experimental_board_size_transfer,34,7,0,Random Agent,BLUE,BLUE,1,16,0,True
experimental_board_size_transfer,35,7,0,Random Agent,RED,RED,1,13,0,True
experimental_board_size_transfer,36,7,0,Random Agent,BLUE,BLUE,1,14,0,True
experimental_board_size_transfer,37,7,0,Random Agent,RED,RED,1,13,0,True
experimental_board_size_transfer,38,7,0,Random Agent,BLUE,BLUE,1,30,0,True
experimental_board_size_transfer,39,7,0,Random Agent,RED,RED,1,13,0,True
experimental_board_size_transfer,40,7,0,Random Agent,BLUE,BLUE,1,46,0,True
experimental_board_size_transfer,41,7,0,Random Agent,RED,RED,1,17,0,True
experimental_board_size_transfer,42,7,0,Random Agent,BLUE,BLUE,1,14,0,True
experimental_board_size_transfer,43,7,0,Random Agent,RED,RED,1,13,0,True
experimental_board_size_transfer,44,7,0,Random Agent,BLUE,BLUE,1,14,0,True
experimental_board_size_transfer,45,7,0,Random Agent,RED,RED,1,13,0,True
experimental_board_size_transfer,46,7,0,Random Agent,BLUE,BLUE,1,20,0,True
experimental_board_size_transfer,47,7,0,Random Agent,RED,RED,1,13,0,True
experimental_board_size_transfer,48,7,0,Random Agent,BLUE,BLUE,1,20,0,True
experimental_board_size_transfer,49,7,0,Random Agent,RED,RED,1,13,0,True
experimental_board_size_transfer,50,7,0,Random Agent,BLUE,BLUE,1,18,0,True
experimental_board_size_transfer,51,7,0,Random Agent,RED,RED,1,13,0,True
experimental_board_size_transfer,52,7,0,Random Agent,BLUE,BLUE,1,14,0,True
experimental_board_size_transfer,53,7,0,Random Agent,RED,RED,1,13,0,True
experimental_board_size_transfer,54,7,0,Random Agent,BLUE,BLUE,1,20,0,True
experimental_board_size_transfer,55,7,0,Random Agent,RED,RED,1,13,0,True
experimental_board_size_transfer,56,7,0,Random Agent,BLUE,BLUE,1,14,0,True
experimental_board_size_transfer,57,7,0,Random Agent,RED,RED,1,13,0,True
experimental_board_size_transfer,58,7,0,Random Agent,BLUE,BLUE,1,14,0,True
experimental_board_size_transfer,59,7,0,Random Agent,RED,RED,1,13,0,True
experimental_board_size_transfer,60,7,0,Random Agent,BLUE,BLUE,1,14,0,True
experimental_board_size_transfer,61,7,0,Random Agent,RED,RED,1,17,0,True
experimental_board_size_transfer,62,7,0,Random Agent,BLUE,BLUE,1,14,0,True
experimental_board_size_transfer,63,7,0,Random Agent,RED,RED,1,13,0,True
experimental_board_size_transfer,64,7,0,Random Agent,BLUE,BLUE,1,14,0,True
experimental_board_size_transfer,65,7,0,Random Agent,RED,RED,1,17,0,True
experimental_board_size_transfer,66,7,0,Random Agent,BLUE,BLUE,1,16,0,True
experimental_board_size_transfer,67,7,0,Random Agent,RED,RED,1,13,0,True
experimental_board_size_transfer,68,7,0,Random Agent,BLUE,BLUE,1,14,0,True
experimental_board_size_transfer,69,7,0,Random Agent,RED,RED,1,13,0,True
experimental_board_size_transfer,70,7,0,Random Agent,BLUE,BLUE,1,14,0,True
experimental_board_size_transfer,71,7,0,Random Agent,RED,RED,1,23,0,True
experimental_board_size_transfer,72,7,0,Random Agent,BLUE,BLUE,1,16,0,True
experimental_board_size_transfer,73,7,0,Random Agent,RED,RED,1,13,0,True
experimental_board_size_transfer,74,7,0,Random Agent,BLUE,BLUE,1,14,0,True
experimental_board_size_transfer,75,7,0,Random Agent,RED,RED,1,13,0,True
experimental_board_size_transfer,76,7,0,Random Agent,BLUE,BLUE,1,46,0,True
experimental_board_size_transfer,77,7,0,Random Agent,RED,RED,1,21,0,True
experimental_board_size_transfer,78,7,0,Random Agent,BLUE,BLUE,1,16,0,True
experimental_board_size_transfer,79,7,0,Random Agent,RED,RED,1,27,0,True
experimental_board_size_transfer,80,7,0,Random Agent,BLUE,BLUE,1,14,0,True
experimental_board_size_transfer,81,7,0,Random Agent,RED,RED,1,13,0,True
experimental_board_size_transfer,82,7,0,Random Agent,BLUE,BLUE,1,14,0,True
experimental_board_size_transfer,83,7,0,Random Agent,RED,RED,1,17,0,True
experimental_board_size_transfer,84,7,0,Random Agent,BLUE,BLUE,1,14,0,True
experimental_board_size_transfer,85,7,0,Random Agent,RED,RED,1,13,0,True
experimental_board_size_transfer,86,7,0,Random Agent,BLUE,BLUE,1,14,0,True
experimental_board_size_transfer,87,7,0,Random Agent,RED,RED,1,13,0,True
experimental_board_size_transfer,88,7,0,Random Agent,BLUE,BLUE,1,14,0,True
experimental_board_size_transfer,89,7,0,Random Agent,RED,RED,1,13,0,True
experimental_board_size_transfer,90,7,0,Random Agent,BLUE,BLUE,1,14,0,True
experimental_board_size_transfer,91,7,0,Random Agent,RED,RED,1,13,0,True
experimental_board_size_transfer,92,7,0,Random Agent,BLUE,BLUE,1,14,0,True
experimental_board_size_transfer,93,7,0,Random Agent,RED,RED,1,13,0,True
experimental_board_size_transfer,94,7,0,Random Agent,BLUE,BLUE,1,14,0,True
experimental_board_size_transfer,95,7,0,Random Agent,RED,RED,1,13,0,True
experimental_board_size_transfer,96,7,0,Random Agent,BLUE,BLUE,1,14,0,True
experimental_board_size_transfer,97,7,0,Random Agent,RED,RED,1,13,0,True
experimental_board_size_transfer,98,7,0,Random Agent,BLUE,BLUE,1,24,0,True
experimental_board_size_transfer,99,7,0,Random Agent,RED,RED,1,13,0,True
experimental_board_size_transfer,100,7,0,Random Agent,BLUE,BLUE,1,14,0,True
experimental_board_size_transfer,101,7,0,Random Agent,RED,RED,1,13,0,True
experimental_board_size_transfer,102,7,0,Random Agent,BLUE,BLUE,1,16,0,True
experimental_board_size_transfer,103,7,0,Random Agent,RED,RED,1,13,0,True
experimental_board_size_transfer,104,7,0,Random Agent,BLUE,BLUE,1,16,0,True
experimental_board_size_transfer,105,7,0,Random Agent,RED,RED,1,21,0,True
experimental_board_size_transfer,106,7,0,Random Agent,BLUE,BLUE,1,26,0,True
experimental_board_size_transfer,107,7,0,Random Agent,RED,RED,1,15,0,True
experimental_board_size_transfer,108,7,0,Random Agent,BLUE,BLUE,1,16,0,True
experimental_board_size_transfer,109,7,0,Random Agent,RED,RED,1,15,0,True
experimental_board_size_transfer,110,7,0,Random Agent,BLUE,RED,0,49,0,True
experimental_board_size_transfer,111,7,0,Random Agent,RED,RED,1,13,0,True
experimental_board_size_transfer,112,7,0,Random Agent,BLUE,BLUE,1,14,0,True
experimental_board_size_transfer,113,7,0,Random Agent,RED,RED,1,17,0,True
experimental_board_size_transfer,114,7,0,Random Agent,BLUE,BLUE,1,14,0,True
experimental_board_size_transfer,115,7,0,Random Agent,RED,RED,1,13,0,True
experimental_board_size_transfer,116,7,0,Random Agent,BLUE,BLUE,1,14,0,True
experimental_board_size_transfer,117,7,0,Random Agent,RED,RED,1,17,0,True
experimental_board_size_transfer,118,7,0,Random Agent,BLUE,RED,0,29,0,True
experimental_board_size_transfer,119,7,0,Random Agent,RED,BLUE,0,44,0,True
experimental_board_size_transfer,120,7,0,Random Agent,BLUE,BLUE,1,14,0,True
experimental_board_size_transfer,121,7,0,Random Agent,RED,RED,1,13,0,True
experimental_board_size_transfer,122,7,0,Random Agent,BLUE,BLUE,1,14,0,True
experimental_board_size_transfer,123,7,0,Random Agent,RED,RED,1,13,0,True
experimental_board_size_transfer,124,7,0,Random Agent,BLUE,BLUE,1,14,0,True
experimental_board_size_transfer,125,7,0,Random Agent,RED,RED,1,13,0,True
experimental_board_size_transfer,126,7,0,Random Agent,BLUE,BLUE,1,14,0,True
experimental_board_size_transfer,127,7,0,Random Agent,RED,RED,1,13,0,True
experimental_board_size_transfer,128,7,0,Random Agent,BLUE,BLUE,1,18,0,True
experimental_board_size_transfer,129,7,0,Random Agent,RED,RED,1,13,0,True
experimental_board_size_transfer,130,7,0,Random Agent,BLUE,BLUE,1,26,0,True
experimental_board_size_transfer,131,7,0,Random Agent,RED,BLUE,0,48,0,True
experimental_board_size_transfer,132,7,0,Random Agent,BLUE,RED,0,35,0,True
experimental_board_size_transfer,133,7,0,Random Agent,RED,RED,1,13,0,True
experimental_board_size_transfer,134,7,0,Random Agent,BLUE,BLUE,1,14,0,True
experimental_board_size_transfer,135,7,0,Random Agent,RED,RED,1,13,0,True
experimental_board_size_transfer,136,7,0,Random Agent,BLUE,BLUE,1,14,0,True
experimental_board_size_transfer,137,7,0,Random Agent,RED,RED,1,15,0,True
experimental_board_size_transfer,138,7,0,Random Agent,BLUE,BLUE,1,14,0,True
experimental_board_size_transfer,139,7,0,Random Agent,RED,RED,1,13,0,True
experimental_board_size_transfer,140,7,0,Random Agent,BLUE,BLUE,1,14,0,True
experimental_board_size_transfer,141,7,0,Random Agent,RED,RED,1,13,0,True
experimental_board_size_transfer,142,7,0,Random Agent,BLUE,BLUE,1,14,0,True
experimental_board_size_transfer,143,7,0,Random Agent,RED,RED,1,13,0,True
experimental_board_size_transfer,144,7,0,Random Agent,BLUE,BLUE,1,14,0,True
experimental_board_size_transfer,145,7,0,Random Agent,RED,RED,1,13,0,True
experimental_board_size_transfer,146,7,0,Random Agent,BLUE,BLUE,1,14,0,True
experimental_board_size_transfer,147,7,0,Random Agent,RED,RED,1,13,0,True
experimental_board_size_transfer,148,7,0,Random Agent,BLUE,BLUE,1,14,0,True
experimental_board_size_transfer,149,7,0,Random Agent,RED,BLUE,0,20,0,True
experimental_board_size_transfer,150,7,0,Random Agent,BLUE,BLUE,1,14,0,True
experimental_board_size_transfer,151,7,0,Random Agent,RED,RED,1,13,0,True
experimental_board_size_transfer,152,7,0,Random Agent,BLUE,BLUE,1,14,0,True
experimental_board_size_transfer,153,7,0,Random Agent,RED,RED,1,13,0,True
experimental_board_size_transfer,154,7,0,Random Agent,BLUE,BLUE,1,16,0,True
experimental_board_size_transfer,155,7,0,Random Agent,RED,RED,1,13,0,True
experimental_board_size_transfer,156,7,0,Random Agent,BLUE,BLUE,1,14,0,True
experimental_board_size_transfer,157,7,0,Random Agent,RED,RED,1,13,0,True
experimental_board_size_transfer,158,7,0,Random Agent,BLUE,BLUE,1,14,0,True
experimental_board_size_transfer,159,7,0,Random Agent,RED,RED,1,15,0,True
experimental_board_size_transfer,160,7,0,Random Agent,BLUE,BLUE,1,14,0,True
experimental_board_size_transfer,161,7,0,Random Agent,RED,RED,1,13,0,True
experimental_board_size_transfer,162,7,0,Random Agent,BLUE,BLUE,1,20,0,True
experimental_board_size_transfer,163,7,0,Random Agent,RED,RED,1,17,0,True
experimental_board_size_transfer,164,7,0,Random Agent,BLUE,BLUE,1,18,0,True
experimental_board_size_transfer,165,7,0,Random Agent,RED,RED,1,15,0,True
experimental_board_size_transfer,166,7,0,Random Agent,BLUE,BLUE,1,14,0,True
experimental_board_size_transfer,167,7,0,Random Agent,RED,RED,1,13,0,True
experimental_board_size_transfer,168,7,0,Random Agent,BLUE,BLUE,1,14,0,True
experimental_board_size_transfer,169,7,0,Random Agent,RED,RED,1,47,0,True
experimental_board_size_transfer,170,7,0,Random Agent,BLUE,BLUE,1,14,0,True
experimental_board_size_transfer,171,7,0,Random Agent,RED,RED,1,15,0,True
experimental_board_size_transfer,172,7,0,Random Agent,BLUE,BLUE,1,20,0,True
experimental_board_size_transfer,173,7,0,Random Agent,RED,RED,1,19,0,True
experimental_board_size_transfer,174,7,0,Random Agent,BLUE,BLUE,1,14,0,True
experimental_board_size_transfer,175,7,0,Random Agent,RED,RED,1,13,0,True
experimental_board_size_transfer,176,7,0,Random Agent,BLUE,BLUE,1,14,0,True
experimental_board_size_transfer,177,7,0,Random Agent,RED,RED,1,15,0,True
experimental_board_size_transfer,178,7,0,Random Agent,BLUE,BLUE,1,14,0,True
experimental_board_size_transfer,179,7,0,Random Agent,RED,RED,1,13,0,True
experimental_board_size_transfer,180,7,0,Random Agent,BLUE,BLUE,1,14,0,True
experimental_board_size_transfer,181,7,0,Random Agent,RED,RED,1,21,0,True
experimental_board_size_transfer,182,7,0,Random Agent,BLUE,BLUE,1,14,0,True
experimental_board_size_transfer,183,7,0,Random Agent,RED,RED,1,13,0,True
experimental_board_size_transfer,184,7,0,Random Agent,BLUE,BLUE,1,14,0,True
experimental_board_size_transfer,185,7,0,Random Agent,RED,RED,1,13,0,True
experimental_board_size_transfer,186,7,0,Random Agent,BLUE,BLUE,1,14,0,True
experimental_board_size_transfer,187,7,0,Random Agent,RED,RED,1,19,0,True
experimental_board_size_transfer,188,7,0,Random Agent,BLUE,BLUE,1,14,0,True
experimental_board_size_transfer,189,7,0,Random Agent,RED,RED,1,13,0,True
experimental_board_size_transfer,190,7,0,Random Agent,BLUE,BLUE,1,16,0,True
experimental_board_size_transfer,191,7,0,Random Agent,RED,RED,1,23,0,True
experimental_board_size_transfer,192,7,0,Random Agent,BLUE,BLUE,1,30,0,True
experimental_board_size_transfer,193,7,0,Random Agent,RED,RED,1,13,0,True
experimental_board_size_transfer,194,7,0,Random Agent,BLUE,BLUE,1,14,0,True
experimental_board_size_transfer,195,7,0,Random Agent,RED,RED,1,13,0,True
experimental_board_size_transfer,196,7,0,Random Agent,BLUE,BLUE,1,18,0,True
experimental_board_size_transfer,197,7,0,Random Agent,RED,RED,1,13,0,True
experimental_board_size_transfer,198,7,0,Random Agent,BLUE,BLUE,1,30,0,True
experimental_board_size_transfer,199,7,0,Random Agent,RED,RED,1,21,0,True
experimental_board_size_transfer,200,7,0,Random Agent,BLUE,BLUE,1,14,0,True
experimental_board_size_transfer,1,7,0,Center/Greedy Agent,RED,RED,1,13,0,True
experimental_board_size_transfer,2,7,0,Center/Greedy Agent,BLUE,BLUE,1,14,0,True
experimental_board_size_transfer,3,7,0,Center/Greedy Agent,RED,RED,1,13,0,True
experimental_board_size_transfer,4,7,0,Center/Greedy Agent,BLUE,BLUE,1,14,0,True
experimental_board_size_transfer,5,7,0,Center/Greedy Agent,RED,RED,1,13,0,True
experimental_board_size_transfer,6,7,0,Center/Greedy Agent,BLUE,BLUE,1,14,0,True
experimental_board_size_transfer,7,7,0,Center/Greedy Agent,RED,RED,1,13,0,True
experimental_board_size_transfer,8,7,0,Center/Greedy Agent,BLUE,BLUE,1,14,0,True
experimental_board_size_transfer,9,7,0,Center/Greedy Agent,RED,RED,1,13,0,True
experimental_board_size_transfer,10,7,0,Center/Greedy Agent,BLUE,BLUE,1,14,0,True
experimental_board_size_transfer,11,7,0,Center/Greedy Agent,RED,RED,1,13,0,True
experimental_board_size_transfer,12,7,0,Center/Greedy Agent,BLUE,BLUE,1,14,0,True
experimental_board_size_transfer,13,7,0,Center/Greedy Agent,RED,RED,1,13,0,True
experimental_board_size_transfer,14,7,0,Center/Greedy Agent,BLUE,BLUE,1,14,0,True
experimental_board_size_transfer,15,7,0,Center/Greedy Agent,RED,RED,1,13,0,True
experimental_board_size_transfer,16,7,0,Center/Greedy Agent,BLUE,BLUE,1,14,0,True
experimental_board_size_transfer,17,7,0,Center/Greedy Agent,RED,RED,1,13,0,True
experimental_board_size_transfer,18,7,0,Center/Greedy Agent,BLUE,BLUE,1,14,0,True
experimental_board_size_transfer,19,7,0,Center/Greedy Agent,RED,RED,1,13,0,True
experimental_board_size_transfer,20,7,0,Center/Greedy Agent,BLUE,BLUE,1,14,0,True
experimental_board_size_transfer,21,7,0,Center/Greedy Agent,RED,RED,1,13,0,True
experimental_board_size_transfer,22,7,0,Center/Greedy Agent,BLUE,BLUE,1,14,0,True
experimental_board_size_transfer,23,7,0,Center/Greedy Agent,RED,RED,1,13,0,True
experimental_board_size_transfer,24,7,0,Center/Greedy Agent,BLUE,BLUE,1,14,0,True
experimental_board_size_transfer,25,7,0,Center/Greedy Agent,RED,RED,1,13,0,True
experimental_board_size_transfer,26,7,0,Center/Greedy Agent,BLUE,BLUE,1,14,0,True
experimental_board_size_transfer,27,7,0,Center/Greedy Agent,RED,RED,1,13,0,True
experimental_board_size_transfer,28,7,0,Center/Greedy Agent,BLUE,BLUE,1,14,0,True
experimental_board_size_transfer,29,7,0,Center/Greedy Agent,RED,RED,1,13,0,True
experimental_board_size_transfer,30,7,0,Center/Greedy Agent,BLUE,BLUE,1,14,0,True
experimental_board_size_transfer,31,7,0,Center/Greedy Agent,RED,RED,1,13,0,True
experimental_board_size_transfer,32,7,0,Center/Greedy Agent,BLUE,BLUE,1,14,0,True
experimental_board_size_transfer,33,7,0,Center/Greedy Agent,RED,RED,1,13,0,True
experimental_board_size_transfer,34,7,0,Center/Greedy Agent,BLUE,BLUE,1,14,0,True
experimental_board_size_transfer,35,7,0,Center/Greedy Agent,RED,RED,1,13,0,True
experimental_board_size_transfer,36,7,0,Center/Greedy Agent,BLUE,BLUE,1,14,0,True
experimental_board_size_transfer,37,7,0,Center/Greedy Agent,RED,RED,1,13,0,True
experimental_board_size_transfer,38,7,0,Center/Greedy Agent,BLUE,BLUE,1,14,0,True
experimental_board_size_transfer,39,7,0,Center/Greedy Agent,RED,RED,1,13,0,True
experimental_board_size_transfer,40,7,0,Center/Greedy Agent,BLUE,BLUE,1,14,0,True
experimental_board_size_transfer,41,7,0,Center/Greedy Agent,RED,RED,1,13,0,True
experimental_board_size_transfer,42,7,0,Center/Greedy Agent,BLUE,BLUE,1,14,0,True
experimental_board_size_transfer,43,7,0,Center/Greedy Agent,RED,RED,1,13,0,True
experimental_board_size_transfer,44,7,0,Center/Greedy Agent,BLUE,BLUE,1,14,0,True
experimental_board_size_transfer,45,7,0,Center/Greedy Agent,RED,RED,1,13,0,True
experimental_board_size_transfer,46,7,0,Center/Greedy Agent,BLUE,BLUE,1,14,0,True
experimental_board_size_transfer,47,7,0,Center/Greedy Agent,RED,RED,1,13,0,True
experimental_board_size_transfer,48,7,0,Center/Greedy Agent,BLUE,BLUE,1,14,0,True
experimental_board_size_transfer,49,7,0,Center/Greedy Agent,RED,RED,1,13,0,True
experimental_board_size_transfer,50,7,0,Center/Greedy Agent,BLUE,BLUE,1,14,0,True
experimental_board_size_transfer,51,7,0,Center/Greedy Agent,RED,RED,1,13,0,True
experimental_board_size_transfer,52,7,0,Center/Greedy Agent,BLUE,BLUE,1,14,0,True
experimental_board_size_transfer,53,7,0,Center/Greedy Agent,RED,RED,1,13,0,True
experimental_board_size_transfer,54,7,0,Center/Greedy Agent,BLUE,BLUE,1,14,0,True
experimental_board_size_transfer,55,7,0,Center/Greedy Agent,RED,RED,1,13,0,True
experimental_board_size_transfer,56,7,0,Center/Greedy Agent,BLUE,BLUE,1,14,0,True
experimental_board_size_transfer,57,7,0,Center/Greedy Agent,RED,RED,1,13,0,True
experimental_board_size_transfer,58,7,0,Center/Greedy Agent,BLUE,BLUE,1,14,0,True
experimental_board_size_transfer,59,7,0,Center/Greedy Agent,RED,RED,1,13,0,True
experimental_board_size_transfer,60,7,0,Center/Greedy Agent,BLUE,BLUE,1,14,0,True
experimental_board_size_transfer,61,7,0,Center/Greedy Agent,RED,RED,1,13,0,True
experimental_board_size_transfer,62,7,0,Center/Greedy Agent,BLUE,BLUE,1,14,0,True
experimental_board_size_transfer,63,7,0,Center/Greedy Agent,RED,RED,1,13,0,True
experimental_board_size_transfer,64,7,0,Center/Greedy Agent,BLUE,BLUE,1,14,0,True
experimental_board_size_transfer,65,7,0,Center/Greedy Agent,RED,RED,1,13,0,True
experimental_board_size_transfer,66,7,0,Center/Greedy Agent,BLUE,BLUE,1,14,0,True
experimental_board_size_transfer,67,7,0,Center/Greedy Agent,RED,RED,1,13,0,True
experimental_board_size_transfer,68,7,0,Center/Greedy Agent,BLUE,BLUE,1,14,0,True
experimental_board_size_transfer,69,7,0,Center/Greedy Agent,RED,RED,1,13,0,True
experimental_board_size_transfer,70,7,0,Center/Greedy Agent,BLUE,BLUE,1,14,0,True
experimental_board_size_transfer,71,7,0,Center/Greedy Agent,RED,RED,1,13,0,True
experimental_board_size_transfer,72,7,0,Center/Greedy Agent,BLUE,BLUE,1,14,0,True
experimental_board_size_transfer,73,7,0,Center/Greedy Agent,RED,RED,1,13,0,True
experimental_board_size_transfer,74,7,0,Center/Greedy Agent,BLUE,BLUE,1,14,0,True
experimental_board_size_transfer,75,7,0,Center/Greedy Agent,RED,RED,1,13,0,True
experimental_board_size_transfer,76,7,0,Center/Greedy Agent,BLUE,BLUE,1,14,0,True
experimental_board_size_transfer,77,7,0,Center/Greedy Agent,RED,RED,1,13,0,True
experimental_board_size_transfer,78,7,0,Center/Greedy Agent,BLUE,BLUE,1,14,0,True
experimental_board_size_transfer,79,7,0,Center/Greedy Agent,RED,RED,1,13,0,True
experimental_board_size_transfer,80,7,0,Center/Greedy Agent,BLUE,BLUE,1,14,0,True
experimental_board_size_transfer,81,7,0,Center/Greedy Agent,RED,RED,1,13,0,True
experimental_board_size_transfer,82,7,0,Center/Greedy Agent,BLUE,BLUE,1,14,0,True
experimental_board_size_transfer,83,7,0,Center/Greedy Agent,RED,RED,1,13,0,True
experimental_board_size_transfer,84,7,0,Center/Greedy Agent,BLUE,BLUE,1,14,0,True
experimental_board_size_transfer,85,7,0,Center/Greedy Agent,RED,RED,1,13,0,True
experimental_board_size_transfer,86,7,0,Center/Greedy Agent,BLUE,BLUE,1,14,0,True
experimental_board_size_transfer,87,7,0,Center/Greedy Agent,RED,RED,1,13,0,True
experimental_board_size_transfer,88,7,0,Center/Greedy Agent,BLUE,BLUE,1,14,0,True
experimental_board_size_transfer,89,7,0,Center/Greedy Agent,RED,RED,1,13,0,True
experimental_board_size_transfer,90,7,0,Center/Greedy Agent,BLUE,BLUE,1,14,0,True
experimental_board_size_transfer,91,7,0,Center/Greedy Agent,RED,RED,1,13,0,True
experimental_board_size_transfer,92,7,0,Center/Greedy Agent,BLUE,BLUE,1,14,0,True
experimental_board_size_transfer,93,7,0,Center/Greedy Agent,RED,RED,1,13,0,True
experimental_board_size_transfer,94,7,0,Center/Greedy Agent,BLUE,BLUE,1,14,0,True
experimental_board_size_transfer,95,7,0,Center/Greedy Agent,RED,RED,1,13,0,True
experimental_board_size_transfer,96,7,0,Center/Greedy Agent,BLUE,BLUE,1,14,0,True
experimental_board_size_transfer,97,7,0,Center/Greedy Agent,RED,RED,1,13,0,True
experimental_board_size_transfer,98,7,0,Center/Greedy Agent,BLUE,BLUE,1,14,0,True
experimental_board_size_transfer,99,7,0,Center/Greedy Agent,RED,RED,1,13,0,True
experimental_board_size_transfer,100,7,0,Center/Greedy Agent,BLUE,BLUE,1,14,0,True
experimental_board_size_transfer,101,7,0,Center/Greedy Agent,RED,RED,1,13,0,True
experimental_board_size_transfer,102,7,0,Center/Greedy Agent,BLUE,BLUE,1,14,0,True
experimental_board_size_transfer,103,7,0,Center/Greedy Agent,RED,RED,1,13,0,True
experimental_board_size_transfer,104,7,0,Center/Greedy Agent,BLUE,BLUE,1,14,0,True
experimental_board_size_transfer,105,7,0,Center/Greedy Agent,RED,RED,1,13,0,True
experimental_board_size_transfer,106,7,0,Center/Greedy Agent,BLUE,BLUE,1,14,0,True
experimental_board_size_transfer,107,7,0,Center/Greedy Agent,RED,RED,1,13,0,True
experimental_board_size_transfer,108,7,0,Center/Greedy Agent,BLUE,BLUE,1,14,0,True
experimental_board_size_transfer,109,7,0,Center/Greedy Agent,RED,RED,1,13,0,True
experimental_board_size_transfer,110,7,0,Center/Greedy Agent,BLUE,BLUE,1,14,0,True
experimental_board_size_transfer,111,7,0,Center/Greedy Agent,RED,RED,1,13,0,True
experimental_board_size_transfer,112,7,0,Center/Greedy Agent,BLUE,BLUE,1,14,0,True
experimental_board_size_transfer,113,7,0,Center/Greedy Agent,RED,RED,1,13,0,True
experimental_board_size_transfer,114,7,0,Center/Greedy Agent,BLUE,BLUE,1,14,0,True
experimental_board_size_transfer,115,7,0,Center/Greedy Agent,RED,RED,1,13,0,True
experimental_board_size_transfer,116,7,0,Center/Greedy Agent,BLUE,BLUE,1,14,0,True
experimental_board_size_transfer,117,7,0,Center/Greedy Agent,RED,RED,1,13,0,True
experimental_board_size_transfer,118,7,0,Center/Greedy Agent,BLUE,BLUE,1,14,0,True
experimental_board_size_transfer,119,7,0,Center/Greedy Agent,RED,RED,1,13,0,True
experimental_board_size_transfer,120,7,0,Center/Greedy Agent,BLUE,BLUE,1,14,0,True
experimental_board_size_transfer,121,7,0,Center/Greedy Agent,RED,RED,1,13,0,True
experimental_board_size_transfer,122,7,0,Center/Greedy Agent,BLUE,BLUE,1,14,0,True
experimental_board_size_transfer,123,7,0,Center/Greedy Agent,RED,RED,1,13,0,True
experimental_board_size_transfer,124,7,0,Center/Greedy Agent,BLUE,BLUE,1,14,0,True
experimental_board_size_transfer,125,7,0,Center/Greedy Agent,RED,RED,1,13,0,True
experimental_board_size_transfer,126,7,0,Center/Greedy Agent,BLUE,BLUE,1,14,0,True
experimental_board_size_transfer,127,7,0,Center/Greedy Agent,RED,RED,1,13,0,True
experimental_board_size_transfer,128,7,0,Center/Greedy Agent,BLUE,BLUE,1,14,0,True
experimental_board_size_transfer,129,7,0,Center/Greedy Agent,RED,RED,1,13,0,True
experimental_board_size_transfer,130,7,0,Center/Greedy Agent,BLUE,BLUE,1,14,0,True
experimental_board_size_transfer,131,7,0,Center/Greedy Agent,RED,RED,1,13,0,True
experimental_board_size_transfer,132,7,0,Center/Greedy Agent,BLUE,BLUE,1,14,0,True
experimental_board_size_transfer,133,7,0,Center/Greedy Agent,RED,RED,1,13,0,True
experimental_board_size_transfer,134,7,0,Center/Greedy Agent,BLUE,BLUE,1,14,0,True
experimental_board_size_transfer,135,7,0,Center/Greedy Agent,RED,RED,1,13,0,True
experimental_board_size_transfer,136,7,0,Center/Greedy Agent,BLUE,BLUE,1,14,0,True
experimental_board_size_transfer,137,7,0,Center/Greedy Agent,RED,RED,1,13,0,True
experimental_board_size_transfer,138,7,0,Center/Greedy Agent,BLUE,BLUE,1,14,0,True
experimental_board_size_transfer,139,7,0,Center/Greedy Agent,RED,RED,1,13,0,True
experimental_board_size_transfer,140,7,0,Center/Greedy Agent,BLUE,BLUE,1,14,0,True
experimental_board_size_transfer,141,7,0,Center/Greedy Agent,RED,RED,1,13,0,True
experimental_board_size_transfer,142,7,0,Center/Greedy Agent,BLUE,BLUE,1,14,0,True
experimental_board_size_transfer,143,7,0,Center/Greedy Agent,RED,RED,1,13,0,True
experimental_board_size_transfer,144,7,0,Center/Greedy Agent,BLUE,BLUE,1,14,0,True
experimental_board_size_transfer,145,7,0,Center/Greedy Agent,RED,RED,1,13,0,True
experimental_board_size_transfer,146,7,0,Center/Greedy Agent,BLUE,BLUE,1,14,0,True
experimental_board_size_transfer,147,7,0,Center/Greedy Agent,RED,RED,1,13,0,True
experimental_board_size_transfer,148,7,0,Center/Greedy Agent,BLUE,BLUE,1,14,0,True
experimental_board_size_transfer,149,7,0,Center/Greedy Agent,RED,RED,1,13,0,True
experimental_board_size_transfer,150,7,0,Center/Greedy Agent,BLUE,BLUE,1,14,0,True
experimental_board_size_transfer,151,7,0,Center/Greedy Agent,RED,RED,1,13,0,True
experimental_board_size_transfer,152,7,0,Center/Greedy Agent,BLUE,BLUE,1,14,0,True
experimental_board_size_transfer,153,7,0,Center/Greedy Agent,RED,RED,1,13,0,True
experimental_board_size_transfer,154,7,0,Center/Greedy Agent,BLUE,BLUE,1,14,0,True
experimental_board_size_transfer,155,7,0,Center/Greedy Agent,RED,RED,1,13,0,True
experimental_board_size_transfer,156,7,0,Center/Greedy Agent,BLUE,BLUE,1,14,0,True
experimental_board_size_transfer,157,7,0,Center/Greedy Agent,RED,RED,1,13,0,True
experimental_board_size_transfer,158,7,0,Center/Greedy Agent,BLUE,BLUE,1,14,0,True
experimental_board_size_transfer,159,7,0,Center/Greedy Agent,RED,RED,1,13,0,True
experimental_board_size_transfer,160,7,0,Center/Greedy Agent,BLUE,BLUE,1,14,0,True
experimental_board_size_transfer,161,7,0,Center/Greedy Agent,RED,RED,1,13,0,True
experimental_board_size_transfer,162,7,0,Center/Greedy Agent,BLUE,BLUE,1,14,0,True
experimental_board_size_transfer,163,7,0,Center/Greedy Agent,RED,RED,1,13,0,True
experimental_board_size_transfer,164,7,0,Center/Greedy Agent,BLUE,BLUE,1,14,0,True
experimental_board_size_transfer,165,7,0,Center/Greedy Agent,RED,RED,1,13,0,True
experimental_board_size_transfer,166,7,0,Center/Greedy Agent,BLUE,BLUE,1,14,0,True
experimental_board_size_transfer,167,7,0,Center/Greedy Agent,RED,RED,1,13,0,True
experimental_board_size_transfer,168,7,0,Center/Greedy Agent,BLUE,BLUE,1,14,0,True
experimental_board_size_transfer,169,7,0,Center/Greedy Agent,RED,RED,1,13,0,True
experimental_board_size_transfer,170,7,0,Center/Greedy Agent,BLUE,BLUE,1,14,0,True
experimental_board_size_transfer,171,7,0,Center/Greedy Agent,RED,RED,1,13,0,True
experimental_board_size_transfer,172,7,0,Center/Greedy Agent,BLUE,BLUE,1,14,0,True
experimental_board_size_transfer,173,7,0,Center/Greedy Agent,RED,RED,1,13,0,True
experimental_board_size_transfer,174,7,0,Center/Greedy Agent,BLUE,BLUE,1,14,0,True
experimental_board_size_transfer,175,7,0,Center/Greedy Agent,RED,RED,1,13,0,True
experimental_board_size_transfer,176,7,0,Center/Greedy Agent,BLUE,BLUE,1,14,0,True
experimental_board_size_transfer,177,7,0,Center/Greedy Agent,RED,RED,1,13,0,True
experimental_board_size_transfer,178,7,0,Center/Greedy Agent,BLUE,BLUE,1,14,0,True
experimental_board_size_transfer,179,7,0,Center/Greedy Agent,RED,RED,1,13,0,True
experimental_board_size_transfer,180,7,0,Center/Greedy Agent,BLUE,BLUE,1,14,0,True
experimental_board_size_transfer,181,7,0,Center/Greedy Agent,RED,RED,1,13,0,True
experimental_board_size_transfer,182,7,0,Center/Greedy Agent,BLUE,BLUE,1,14,0,True
experimental_board_size_transfer,183,7,0,Center/Greedy Agent,RED,RED,1,13,0,True
experimental_board_size_transfer,184,7,0,Center/Greedy Agent,BLUE,BLUE,1,14,0,True
experimental_board_size_transfer,185,7,0,Center/Greedy Agent,RED,RED,1,13,0,True
experimental_board_size_transfer,186,7,0,Center/Greedy Agent,BLUE,BLUE,1,14,0,True
experimental_board_size_transfer,187,7,0,Center/Greedy Agent,RED,RED,1,13,0,True
experimental_board_size_transfer,188,7,0,Center/Greedy Agent,BLUE,BLUE,1,14,0,True
experimental_board_size_transfer,189,7,0,Center/Greedy Agent,RED,RED,1,13,0,True
experimental_board_size_transfer,190,7,0,Center/Greedy Agent,BLUE,BLUE,1,14,0,True
experimental_board_size_transfer,191,7,0,Center/Greedy Agent,RED,RED,1,13,0,True
experimental_board_size_transfer,192,7,0,Center/Greedy Agent,BLUE,BLUE,1,14,0,True
experimental_board_size_transfer,193,7,0,Center/Greedy Agent,RED,RED,1,13,0,True
experimental_board_size_transfer,194,7,0,Center/Greedy Agent,BLUE,BLUE,1,14,0,True
experimental_board_size_transfer,195,7,0,Center/Greedy Agent,RED,RED,1,13,0,True
experimental_board_size_transfer,196,7,0,Center/Greedy Agent,BLUE,BLUE,1,14,0,True
experimental_board_size_transfer,197,7,0,Center/Greedy Agent,RED,RED,1,13,0,True
experimental_board_size_transfer,198,7,0,Center/Greedy Agent,BLUE,BLUE,1,14,0,True
experimental_board_size_transfer,199,7,0,Center/Greedy Agent,RED,RED,1,13,0,True
experimental_board_size_transfer,200,7,0,Center/Greedy Agent,BLUE,BLUE,1,14,0,True
experimental_board_size_transfer,1,8,0,Random Agent,RED,BLUE,0,56,0,True
experimental_board_size_transfer,2,8,0,Random Agent,BLUE,BLUE,1,58,0,True
experimental_board_size_transfer,3,8,0,Random Agent,RED,RED,1,63,0,True
experimental_board_size_transfer,4,8,0,Random Agent,BLUE,RED,0,57,0,True
experimental_board_size_transfer,5,8,0,Random Agent,RED,RED,1,61,0,True
experimental_board_size_transfer,6,8,0,Random Agent,BLUE,RED,0,61,0,True
experimental_board_size_transfer,7,8,0,Random Agent,RED,RED,1,57,0,True
experimental_board_size_transfer,8,8,0,Random Agent,BLUE,RED,0,63,0,True
experimental_board_size_transfer,9,8,0,Random Agent,RED,RED,1,63,0,True
experimental_board_size_transfer,10,8,0,Random Agent,BLUE,RED,0,63,0,True
experimental_board_size_transfer,11,8,0,Random Agent,RED,RED,1,61,0,True
experimental_board_size_transfer,12,8,0,Random Agent,BLUE,BLUE,1,60,0,True
experimental_board_size_transfer,13,8,0,Random Agent,RED,BLUE,0,62,0,True
experimental_board_size_transfer,14,8,0,Random Agent,BLUE,BLUE,1,64,0,True
experimental_board_size_transfer,15,8,0,Random Agent,RED,BLUE,0,64,0,True
experimental_board_size_transfer,16,8,0,Random Agent,BLUE,BLUE,1,60,0,True
experimental_board_size_transfer,17,8,0,Random Agent,RED,RED,1,63,0,True
experimental_board_size_transfer,18,8,0,Random Agent,BLUE,BLUE,1,64,0,True
experimental_board_size_transfer,19,8,0,Random Agent,RED,BLUE,0,64,0,True
experimental_board_size_transfer,20,8,0,Random Agent,BLUE,BLUE,1,62,0,True
experimental_board_size_transfer,21,8,0,Random Agent,RED,BLUE,0,62,0,True
experimental_board_size_transfer,22,8,0,Random Agent,BLUE,RED,0,61,0,True
experimental_board_size_transfer,23,8,0,Random Agent,RED,BLUE,0,56,0,True
experimental_board_size_transfer,24,8,0,Random Agent,BLUE,BLUE,1,62,0,True
experimental_board_size_transfer,25,8,0,Random Agent,RED,RED,1,63,0,True
experimental_board_size_transfer,26,8,0,Random Agent,BLUE,BLUE,1,58,0,True
experimental_board_size_transfer,27,8,0,Random Agent,RED,RED,1,63,0,True
experimental_board_size_transfer,28,8,0,Random Agent,BLUE,RED,0,59,0,True
experimental_board_size_transfer,29,8,0,Random Agent,RED,RED,1,61,0,True
experimental_board_size_transfer,30,8,0,Random Agent,BLUE,BLUE,1,62,0,True
experimental_board_size_transfer,31,8,0,Random Agent,RED,BLUE,0,50,0,True
experimental_board_size_transfer,32,8,0,Random Agent,BLUE,BLUE,1,64,0,True
experimental_board_size_transfer,33,8,0,Random Agent,RED,RED,1,59,0,True
experimental_board_size_transfer,34,8,0,Random Agent,BLUE,RED,0,51,0,True
experimental_board_size_transfer,35,8,0,Random Agent,RED,BLUE,0,56,0,True
experimental_board_size_transfer,36,8,0,Random Agent,BLUE,RED,0,63,0,True
experimental_board_size_transfer,37,8,0,Random Agent,RED,BLUE,0,64,0,True
experimental_board_size_transfer,38,8,0,Random Agent,BLUE,BLUE,1,60,0,True
experimental_board_size_transfer,39,8,0,Random Agent,RED,BLUE,0,60,0,True
experimental_board_size_transfer,40,8,0,Random Agent,BLUE,BLUE,1,60,0,True
experimental_board_size_transfer,41,8,0,Random Agent,RED,BLUE,0,64,0,True
experimental_board_size_transfer,42,8,0,Random Agent,BLUE,BLUE,1,64,0,True
experimental_board_size_transfer,43,8,0,Random Agent,RED,RED,1,59,0,True
experimental_board_size_transfer,44,8,0,Random Agent,BLUE,BLUE,1,62,0,True
experimental_board_size_transfer,45,8,0,Random Agent,RED,BLUE,0,64,0,True
experimental_board_size_transfer,46,8,0,Random Agent,BLUE,BLUE,1,62,0,True
experimental_board_size_transfer,47,8,0,Random Agent,RED,RED,1,63,0,True
experimental_board_size_transfer,48,8,0,Random Agent,BLUE,BLUE,1,64,0,True
experimental_board_size_transfer,49,8,0,Random Agent,RED,BLUE,0,64,0,True
experimental_board_size_transfer,50,8,0,Random Agent,BLUE,BLUE,1,62,0,True
experimental_board_size_transfer,51,8,0,Random Agent,RED,RED,1,61,0,True
experimental_board_size_transfer,52,8,0,Random Agent,BLUE,RED,0,59,0,True
experimental_board_size_transfer,53,8,0,Random Agent,RED,BLUE,0,62,0,True
experimental_board_size_transfer,54,8,0,Random Agent,BLUE,RED,0,63,0,True
experimental_board_size_transfer,55,8,0,Random Agent,RED,RED,1,63,0,True
experimental_board_size_transfer,56,8,0,Random Agent,BLUE,RED,0,47,0,True
experimental_board_size_transfer,57,8,0,Random Agent,RED,BLUE,0,62,0,True
experimental_board_size_transfer,58,8,0,Random Agent,BLUE,BLUE,1,60,0,True
experimental_board_size_transfer,59,8,0,Random Agent,RED,RED,1,61,0,True
experimental_board_size_transfer,60,8,0,Random Agent,BLUE,BLUE,1,64,0,True
experimental_board_size_transfer,61,8,0,Random Agent,RED,BLUE,0,46,0,True
experimental_board_size_transfer,62,8,0,Random Agent,BLUE,BLUE,1,64,0,True
experimental_board_size_transfer,63,8,0,Random Agent,RED,BLUE,0,60,0,True
experimental_board_size_transfer,64,8,0,Random Agent,BLUE,BLUE,1,64,0,True
experimental_board_size_transfer,65,8,0,Random Agent,RED,BLUE,0,58,0,True
experimental_board_size_transfer,66,8,0,Random Agent,BLUE,RED,0,61,0,True
experimental_board_size_transfer,67,8,0,Random Agent,RED,BLUE,0,64,0,True
experimental_board_size_transfer,68,8,0,Random Agent,BLUE,RED,0,63,0,True
experimental_board_size_transfer,69,8,0,Random Agent,RED,BLUE,0,50,0,True
experimental_board_size_transfer,70,8,0,Random Agent,BLUE,RED,0,59,0,True
experimental_board_size_transfer,71,8,0,Random Agent,RED,BLUE,0,56,0,True
experimental_board_size_transfer,72,8,0,Random Agent,BLUE,RED,0,63,0,True
experimental_board_size_transfer,73,8,0,Random Agent,RED,BLUE,0,64,0,True
experimental_board_size_transfer,74,8,0,Random Agent,BLUE,RED,0,63,0,True
experimental_board_size_transfer,75,8,0,Random Agent,RED,BLUE,0,64,0,True
experimental_board_size_transfer,76,8,0,Random Agent,BLUE,RED,0,63,0,True
experimental_board_size_transfer,77,8,0,Random Agent,RED,BLUE,0,42,0,True
experimental_board_size_transfer,78,8,0,Random Agent,BLUE,BLUE,1,62,0,True
experimental_board_size_transfer,79,8,0,Random Agent,RED,BLUE,0,64,0,True
experimental_board_size_transfer,80,8,0,Random Agent,BLUE,RED,0,45,0,True
experimental_board_size_transfer,81,8,0,Random Agent,RED,BLUE,0,62,0,True
experimental_board_size_transfer,82,8,0,Random Agent,BLUE,RED,0,59,0,True
experimental_board_size_transfer,83,8,0,Random Agent,RED,RED,1,63,0,True
experimental_board_size_transfer,84,8,0,Random Agent,BLUE,BLUE,1,64,0,True
experimental_board_size_transfer,85,8,0,Random Agent,RED,RED,1,59,0,True
experimental_board_size_transfer,86,8,0,Random Agent,BLUE,RED,0,61,0,True
experimental_board_size_transfer,87,8,0,Random Agent,RED,BLUE,0,64,0,True
experimental_board_size_transfer,88,8,0,Random Agent,BLUE,BLUE,1,64,0,True
experimental_board_size_transfer,89,8,0,Random Agent,RED,BLUE,0,62,0,True
experimental_board_size_transfer,90,8,0,Random Agent,BLUE,RED,0,59,0,True
experimental_board_size_transfer,91,8,0,Random Agent,RED,BLUE,0,52,0,True
experimental_board_size_transfer,92,8,0,Random Agent,BLUE,BLUE,1,64,0,True
experimental_board_size_transfer,93,8,0,Random Agent,RED,BLUE,0,62,0,True
experimental_board_size_transfer,94,8,0,Random Agent,BLUE,RED,0,61,0,True
experimental_board_size_transfer,95,8,0,Random Agent,RED,BLUE,0,64,0,True
experimental_board_size_transfer,96,8,0,Random Agent,BLUE,BLUE,1,62,0,True
experimental_board_size_transfer,97,8,0,Random Agent,RED,BLUE,0,62,0,True
experimental_board_size_transfer,98,8,0,Random Agent,BLUE,BLUE,1,62,0,True
experimental_board_size_transfer,99,8,0,Random Agent,RED,RED,1,61,0,True
experimental_board_size_transfer,100,8,0,Random Agent,BLUE,BLUE,1,64,0,True
experimental_board_size_transfer,101,8,0,Random Agent,RED,RED,1,59,0,True
experimental_board_size_transfer,102,8,0,Random Agent,BLUE,BLUE,1,62,0,True
experimental_board_size_transfer,103,8,0,Random Agent,RED,RED,1,63,0,True
experimental_board_size_transfer,104,8,0,Random Agent,BLUE,RED,0,61,0,True
experimental_board_size_transfer,105,8,0,Random Agent,RED,BLUE,0,64,0,True
experimental_board_size_transfer,106,8,0,Random Agent,BLUE,BLUE,1,64,0,True
experimental_board_size_transfer,107,8,0,Random Agent,RED,RED,1,63,0,True
experimental_board_size_transfer,108,8,0,Random Agent,BLUE,RED,0,51,0,True
experimental_board_size_transfer,109,8,0,Random Agent,RED,RED,1,63,0,True
experimental_board_size_transfer,110,8,0,Random Agent,BLUE,BLUE,1,62,0,True
experimental_board_size_transfer,111,8,0,Random Agent,RED,RED,1,63,0,True
experimental_board_size_transfer,112,8,0,Random Agent,BLUE,BLUE,1,62,0,True
experimental_board_size_transfer,113,8,0,Random Agent,RED,RED,1,61,0,True
experimental_board_size_transfer,114,8,0,Random Agent,BLUE,RED,0,41,0,True
experimental_board_size_transfer,115,8,0,Random Agent,RED,RED,1,63,0,True
experimental_board_size_transfer,116,8,0,Random Agent,BLUE,BLUE,1,64,0,True
experimental_board_size_transfer,117,8,0,Random Agent,RED,BLUE,0,64,0,True
experimental_board_size_transfer,118,8,0,Random Agent,BLUE,BLUE,1,64,0,True
experimental_board_size_transfer,119,8,0,Random Agent,RED,RED,1,61,0,True
experimental_board_size_transfer,120,8,0,Random Agent,BLUE,BLUE,1,64,0,True
experimental_board_size_transfer,121,8,0,Random Agent,RED,BLUE,0,62,0,True
experimental_board_size_transfer,122,8,0,Random Agent,BLUE,BLUE,1,64,0,True
experimental_board_size_transfer,123,8,0,Random Agent,RED,BLUE,0,54,0,True
experimental_board_size_transfer,124,8,0,Random Agent,BLUE,BLUE,1,64,0,True
experimental_board_size_transfer,125,8,0,Random Agent,RED,RED,1,63,0,True
experimental_board_size_transfer,126,8,0,Random Agent,BLUE,BLUE,1,62,0,True
experimental_board_size_transfer,127,8,0,Random Agent,RED,BLUE,0,64,0,True
experimental_board_size_transfer,128,8,0,Random Agent,BLUE,BLUE,1,62,0,True
experimental_board_size_transfer,129,8,0,Random Agent,RED,RED,1,59,0,True
experimental_board_size_transfer,130,8,0,Random Agent,BLUE,RED,0,63,0,True
experimental_board_size_transfer,131,8,0,Random Agent,RED,BLUE,0,62,0,True
experimental_board_size_transfer,132,8,0,Random Agent,BLUE,RED,0,61,0,True
experimental_board_size_transfer,133,8,0,Random Agent,RED,BLUE,0,46,0,True
experimental_board_size_transfer,134,8,0,Random Agent,BLUE,BLUE,1,64,0,True
experimental_board_size_transfer,135,8,0,Random Agent,RED,BLUE,0,46,0,True
experimental_board_size_transfer,136,8,0,Random Agent,BLUE,RED,0,59,0,True
experimental_board_size_transfer,137,8,0,Random Agent,RED,BLUE,0,64,0,True
experimental_board_size_transfer,138,8,0,Random Agent,BLUE,BLUE,1,62,0,True
experimental_board_size_transfer,139,8,0,Random Agent,RED,RED,1,59,0,True
experimental_board_size_transfer,140,8,0,Random Agent,BLUE,BLUE,1,64,0,True
experimental_board_size_transfer,141,8,0,Random Agent,RED,BLUE,0,48,0,True
experimental_board_size_transfer,142,8,0,Random Agent,BLUE,BLUE,1,64,0,True
experimental_board_size_transfer,143,8,0,Random Agent,RED,RED,1,63,0,True
experimental_board_size_transfer,144,8,0,Random Agent,BLUE,RED,0,63,0,True
experimental_board_size_transfer,145,8,0,Random Agent,RED,BLUE,0,58,0,True
experimental_board_size_transfer,146,8,0,Random Agent,BLUE,BLUE,1,62,0,True
experimental_board_size_transfer,147,8,0,Random Agent,RED,RED,1,63,0,True
experimental_board_size_transfer,148,8,0,Random Agent,BLUE,BLUE,1,64,0,True
experimental_board_size_transfer,149,8,0,Random Agent,RED,BLUE,0,64,0,True
experimental_board_size_transfer,150,8,0,Random Agent,BLUE,BLUE,1,64,0,True
experimental_board_size_transfer,151,8,0,Random Agent,RED,RED,1,59,0,True
experimental_board_size_transfer,152,8,0,Random Agent,BLUE,BLUE,1,60,0,True
experimental_board_size_transfer,153,8,0,Random Agent,RED,BLUE,0,58,0,True
experimental_board_size_transfer,154,8,0,Random Agent,BLUE,RED,0,63,0,True
experimental_board_size_transfer,155,8,0,Random Agent,RED,BLUE,0,60,0,True
experimental_board_size_transfer,156,8,0,Random Agent,BLUE,RED,0,57,0,True
experimental_board_size_transfer,157,8,0,Random Agent,RED,RED,1,63,0,True
experimental_board_size_transfer,158,8,0,Random Agent,BLUE,BLUE,1,64,0,True
experimental_board_size_transfer,159,8,0,Random Agent,RED,BLUE,0,60,0,True
experimental_board_size_transfer,160,8,0,Random Agent,BLUE,RED,0,63,0,True
experimental_board_size_transfer,161,8,0,Random Agent,RED,BLUE,0,64,0,True
experimental_board_size_transfer,162,8,0,Random Agent,BLUE,BLUE,1,62,0,True
experimental_board_size_transfer,163,8,0,Random Agent,RED,RED,1,61,0,True
experimental_board_size_transfer,164,8,0,Random Agent,BLUE,BLUE,1,64,0,True
experimental_board_size_transfer,165,8,0,Random Agent,RED,BLUE,0,64,0,True
experimental_board_size_transfer,166,8,0,Random Agent,BLUE,RED,0,61,0,True
experimental_board_size_transfer,167,8,0,Random Agent,RED,BLUE,0,48,0,True
experimental_board_size_transfer,168,8,0,Random Agent,BLUE,RED,0,61,0,True
experimental_board_size_transfer,169,8,0,Random Agent,RED,BLUE,0,64,0,True
experimental_board_size_transfer,170,8,0,Random Agent,BLUE,RED,0,53,0,True
experimental_board_size_transfer,171,8,0,Random Agent,RED,BLUE,0,60,0,True
experimental_board_size_transfer,172,8,0,Random Agent,BLUE,BLUE,1,58,0,True
experimental_board_size_transfer,173,8,0,Random Agent,RED,BLUE,0,64,0,True
experimental_board_size_transfer,174,8,0,Random Agent,BLUE,BLUE,1,64,0,True
experimental_board_size_transfer,175,8,0,Random Agent,RED,BLUE,0,64,0,True
experimental_board_size_transfer,176,8,0,Random Agent,BLUE,RED,0,63,0,True
experimental_board_size_transfer,177,8,0,Random Agent,RED,BLUE,0,64,0,True
experimental_board_size_transfer,178,8,0,Random Agent,BLUE,RED,0,59,0,True
experimental_board_size_transfer,179,8,0,Random Agent,RED,BLUE,0,62,0,True
experimental_board_size_transfer,180,8,0,Random Agent,BLUE,BLUE,1,62,0,True
experimental_board_size_transfer,181,8,0,Random Agent,RED,RED,1,63,0,True
experimental_board_size_transfer,182,8,0,Random Agent,BLUE,RED,0,55,0,True
experimental_board_size_transfer,183,8,0,Random Agent,RED,BLUE,0,62,0,True
experimental_board_size_transfer,184,8,0,Random Agent,BLUE,BLUE,1,64,0,True
experimental_board_size_transfer,185,8,0,Random Agent,RED,BLUE,0,64,0,True
experimental_board_size_transfer,186,8,0,Random Agent,BLUE,BLUE,1,60,0,True
experimental_board_size_transfer,187,8,0,Random Agent,RED,RED,1,61,0,True
experimental_board_size_transfer,188,8,0,Random Agent,BLUE,RED,0,61,0,True
experimental_board_size_transfer,189,8,0,Random Agent,RED,BLUE,0,60,0,True
experimental_board_size_transfer,190,8,0,Random Agent,BLUE,RED,0,63,0,True
experimental_board_size_transfer,191,8,0,Random Agent,RED,RED,1,63,0,True
experimental_board_size_transfer,192,8,0,Random Agent,BLUE,BLUE,1,62,0,True
experimental_board_size_transfer,193,8,0,Random Agent,RED,BLUE,0,60,0,True
experimental_board_size_transfer,194,8,0,Random Agent,BLUE,BLUE,1,62,0,True
experimental_board_size_transfer,195,8,0,Random Agent,RED,BLUE,0,62,0,True
experimental_board_size_transfer,196,8,0,Random Agent,BLUE,BLUE,1,64,0,True
experimental_board_size_transfer,197,8,0,Random Agent,RED,BLUE,0,62,0,True
experimental_board_size_transfer,198,8,0,Random Agent,BLUE,RED,0,63,0,True
experimental_board_size_transfer,199,8,0,Random Agent,RED,BLUE,0,58,0,True
experimental_board_size_transfer,200,8,0,Random Agent,BLUE,BLUE,1,60,0,True
experimental_board_size_transfer,1,8,0,Center/Greedy Agent,RED,RED,1,57,0,True
experimental_board_size_transfer,2,8,0,Center/Greedy Agent,BLUE,BLUE,1,64,0,True
experimental_board_size_transfer,3,8,0,Center/Greedy Agent,RED,RED,1,63,0,True
experimental_board_size_transfer,4,8,0,Center/Greedy Agent,BLUE,BLUE,1,60,0,True
experimental_board_size_transfer,5,8,0,Center/Greedy Agent,RED,RED,1,59,0,True
experimental_board_size_transfer,6,8,0,Center/Greedy Agent,BLUE,BLUE,1,54,0,True
experimental_board_size_transfer,7,8,0,Center/Greedy Agent,RED,RED,1,61,0,True
experimental_board_size_transfer,8,8,0,Center/Greedy Agent,BLUE,BLUE,1,60,0,True
experimental_board_size_transfer,9,8,0,Center/Greedy Agent,RED,BLUE,0,64,0,True
experimental_board_size_transfer,10,8,0,Center/Greedy Agent,BLUE,BLUE,1,54,0,True
experimental_board_size_transfer,11,8,0,Center/Greedy Agent,RED,RED,1,59,0,True
experimental_board_size_transfer,12,8,0,Center/Greedy Agent,BLUE,BLUE,1,62,0,True
experimental_board_size_transfer,13,8,0,Center/Greedy Agent,RED,RED,1,63,0,True
experimental_board_size_transfer,14,8,0,Center/Greedy Agent,BLUE,BLUE,1,56,0,True
experimental_board_size_transfer,15,8,0,Center/Greedy Agent,RED,RED,1,61,0,True
experimental_board_size_transfer,16,8,0,Center/Greedy Agent,BLUE,BLUE,1,56,0,True
experimental_board_size_transfer,17,8,0,Center/Greedy Agent,RED,RED,1,63,0,True
experimental_board_size_transfer,18,8,0,Center/Greedy Agent,BLUE,BLUE,1,58,0,True
experimental_board_size_transfer,19,8,0,Center/Greedy Agent,RED,RED,1,57,0,True
experimental_board_size_transfer,20,8,0,Center/Greedy Agent,BLUE,BLUE,1,54,0,True
experimental_board_size_transfer,21,8,0,Center/Greedy Agent,RED,BLUE,0,64,0,True
experimental_board_size_transfer,22,8,0,Center/Greedy Agent,BLUE,BLUE,1,56,0,True
experimental_board_size_transfer,23,8,0,Center/Greedy Agent,RED,RED,1,61,0,True
experimental_board_size_transfer,24,8,0,Center/Greedy Agent,BLUE,BLUE,1,64,0,True
experimental_board_size_transfer,25,8,0,Center/Greedy Agent,RED,RED,1,57,0,True
experimental_board_size_transfer,26,8,0,Center/Greedy Agent,BLUE,BLUE,1,54,0,True
experimental_board_size_transfer,27,8,0,Center/Greedy Agent,RED,RED,1,57,0,True
experimental_board_size_transfer,28,8,0,Center/Greedy Agent,BLUE,BLUE,1,54,0,True
experimental_board_size_transfer,29,8,0,Center/Greedy Agent,RED,RED,1,61,0,True
experimental_board_size_transfer,30,8,0,Center/Greedy Agent,BLUE,BLUE,1,60,0,True
experimental_board_size_transfer,31,8,0,Center/Greedy Agent,RED,BLUE,0,64,0,True
experimental_board_size_transfer,32,8,0,Center/Greedy Agent,BLUE,BLUE,1,56,0,True
experimental_board_size_transfer,33,8,0,Center/Greedy Agent,RED,RED,1,57,0,True
experimental_board_size_transfer,34,8,0,Center/Greedy Agent,BLUE,BLUE,1,56,0,True
experimental_board_size_transfer,35,8,0,Center/Greedy Agent,RED,RED,1,61,0,True
experimental_board_size_transfer,36,8,0,Center/Greedy Agent,BLUE,BLUE,1,64,0,True
experimental_board_size_transfer,37,8,0,Center/Greedy Agent,RED,RED,1,57,0,True
experimental_board_size_transfer,38,8,0,Center/Greedy Agent,BLUE,BLUE,1,62,0,True
experimental_board_size_transfer,39,8,0,Center/Greedy Agent,RED,RED,1,57,0,True
experimental_board_size_transfer,40,8,0,Center/Greedy Agent,BLUE,BLUE,1,54,0,True
experimental_board_size_transfer,41,8,0,Center/Greedy Agent,RED,RED,1,59,0,True
experimental_board_size_transfer,42,8,0,Center/Greedy Agent,BLUE,BLUE,1,64,0,True
experimental_board_size_transfer,43,8,0,Center/Greedy Agent,RED,RED,1,63,0,True
experimental_board_size_transfer,44,8,0,Center/Greedy Agent,BLUE,BLUE,1,54,0,True
experimental_board_size_transfer,45,8,0,Center/Greedy Agent,RED,RED,1,59,0,True
experimental_board_size_transfer,46,8,0,Center/Greedy Agent,BLUE,BLUE,1,54,0,True
experimental_board_size_transfer,47,8,0,Center/Greedy Agent,RED,RED,1,57,0,True
experimental_board_size_transfer,48,8,0,Center/Greedy Agent,BLUE,BLUE,1,64,0,True
experimental_board_size_transfer,49,8,0,Center/Greedy Agent,RED,RED,1,57,0,True
experimental_board_size_transfer,50,8,0,Center/Greedy Agent,BLUE,BLUE,1,58,0,True
experimental_board_size_transfer,51,8,0,Center/Greedy Agent,RED,RED,1,63,0,True
experimental_board_size_transfer,52,8,0,Center/Greedy Agent,BLUE,RED,0,63,0,True
experimental_board_size_transfer,53,8,0,Center/Greedy Agent,RED,RED,1,63,0,True
experimental_board_size_transfer,54,8,0,Center/Greedy Agent,BLUE,BLUE,1,58,0,True
experimental_board_size_transfer,55,8,0,Center/Greedy Agent,RED,RED,1,57,0,True
experimental_board_size_transfer,56,8,0,Center/Greedy Agent,BLUE,BLUE,1,56,0,True
experimental_board_size_transfer,57,8,0,Center/Greedy Agent,RED,RED,1,59,0,True
experimental_board_size_transfer,58,8,0,Center/Greedy Agent,BLUE,BLUE,1,54,0,True
experimental_board_size_transfer,59,8,0,Center/Greedy Agent,RED,BLUE,0,64,0,True
experimental_board_size_transfer,60,8,0,Center/Greedy Agent,BLUE,BLUE,1,54,0,True
experimental_board_size_transfer,61,8,0,Center/Greedy Agent,RED,RED,1,59,0,True
experimental_board_size_transfer,62,8,0,Center/Greedy Agent,BLUE,RED,0,63,0,True
experimental_board_size_transfer,63,8,0,Center/Greedy Agent,RED,RED,1,63,0,True
experimental_board_size_transfer,64,8,0,Center/Greedy Agent,BLUE,BLUE,1,60,0,True
experimental_board_size_transfer,65,8,0,Center/Greedy Agent,RED,RED,1,59,0,True
experimental_board_size_transfer,66,8,0,Center/Greedy Agent,BLUE,BLUE,1,60,0,True
experimental_board_size_transfer,67,8,0,Center/Greedy Agent,RED,BLUE,0,64,0,True
experimental_board_size_transfer,68,8,0,Center/Greedy Agent,BLUE,BLUE,1,54,0,True
experimental_board_size_transfer,69,8,0,Center/Greedy Agent,RED,RED,1,63,0,True
experimental_board_size_transfer,70,8,0,Center/Greedy Agent,BLUE,BLUE,1,60,0,True
experimental_board_size_transfer,71,8,0,Center/Greedy Agent,RED,RED,1,57,0,True
experimental_board_size_transfer,72,8,0,Center/Greedy Agent,BLUE,BLUE,1,56,0,True
experimental_board_size_transfer,73,8,0,Center/Greedy Agent,RED,RED,1,59,0,True
experimental_board_size_transfer,74,8,0,Center/Greedy Agent,BLUE,BLUE,1,56,0,True
experimental_board_size_transfer,75,8,0,Center/Greedy Agent,RED,RED,1,63,0,True
experimental_board_size_transfer,76,8,0,Center/Greedy Agent,BLUE,BLUE,1,58,0,True
experimental_board_size_transfer,77,8,0,Center/Greedy Agent,RED,RED,1,57,0,True
experimental_board_size_transfer,78,8,0,Center/Greedy Agent,BLUE,BLUE,1,62,0,True
experimental_board_size_transfer,79,8,0,Center/Greedy Agent,RED,BLUE,0,64,0,True
experimental_board_size_transfer,80,8,0,Center/Greedy Agent,BLUE,BLUE,1,54,0,True
experimental_board_size_transfer,81,8,0,Center/Greedy Agent,RED,BLUE,0,64,0,True
experimental_board_size_transfer,82,8,0,Center/Greedy Agent,BLUE,BLUE,1,56,0,True
experimental_board_size_transfer,83,8,0,Center/Greedy Agent,RED,RED,1,57,0,True
experimental_board_size_transfer,84,8,0,Center/Greedy Agent,BLUE,BLUE,1,54,0,True
experimental_board_size_transfer,85,8,0,Center/Greedy Agent,RED,RED,1,61,0,True
experimental_board_size_transfer,86,8,0,Center/Greedy Agent,BLUE,BLUE,1,62,0,True
experimental_board_size_transfer,87,8,0,Center/Greedy Agent,RED,RED,1,61,0,True
experimental_board_size_transfer,88,8,0,Center/Greedy Agent,BLUE,BLUE,1,64,0,True
experimental_board_size_transfer,89,8,0,Center/Greedy Agent,RED,RED,1,59,0,True
experimental_board_size_transfer,90,8,0,Center/Greedy Agent,BLUE,BLUE,1,60,0,True
experimental_board_size_transfer,91,8,0,Center/Greedy Agent,RED,BLUE,0,64,0,True
experimental_board_size_transfer,92,8,0,Center/Greedy Agent,BLUE,BLUE,1,54,0,True
experimental_board_size_transfer,93,8,0,Center/Greedy Agent,RED,BLUE,0,64,0,True
experimental_board_size_transfer,94,8,0,Center/Greedy Agent,BLUE,BLUE,1,60,0,True
experimental_board_size_transfer,95,8,0,Center/Greedy Agent,RED,RED,1,61,0,True
experimental_board_size_transfer,96,8,0,Center/Greedy Agent,BLUE,BLUE,1,62,0,True
experimental_board_size_transfer,97,8,0,Center/Greedy Agent,RED,RED,1,57,0,True
experimental_board_size_transfer,98,8,0,Center/Greedy Agent,BLUE,BLUE,1,54,0,True
experimental_board_size_transfer,99,8,0,Center/Greedy Agent,RED,RED,1,59,0,True
experimental_board_size_transfer,100,8,0,Center/Greedy Agent,BLUE,BLUE,1,54,0,True
experimental_board_size_transfer,101,8,0,Center/Greedy Agent,RED,RED,1,57,0,True
experimental_board_size_transfer,102,8,0,Center/Greedy Agent,BLUE,BLUE,1,54,0,True
experimental_board_size_transfer,103,8,0,Center/Greedy Agent,RED,RED,1,63,0,True
experimental_board_size_transfer,104,8,0,Center/Greedy Agent,BLUE,BLUE,1,60,0,True
experimental_board_size_transfer,105,8,0,Center/Greedy Agent,RED,RED,1,61,0,True
experimental_board_size_transfer,106,8,0,Center/Greedy Agent,BLUE,BLUE,1,58,0,True
experimental_board_size_transfer,107,8,0,Center/Greedy Agent,RED,RED,1,61,0,True
experimental_board_size_transfer,108,8,0,Center/Greedy Agent,BLUE,BLUE,1,62,0,True
experimental_board_size_transfer,109,8,0,Center/Greedy Agent,RED,RED,1,57,0,True
experimental_board_size_transfer,110,8,0,Center/Greedy Agent,BLUE,BLUE,1,58,0,True
experimental_board_size_transfer,111,8,0,Center/Greedy Agent,RED,RED,1,59,0,True
experimental_board_size_transfer,112,8,0,Center/Greedy Agent,BLUE,BLUE,1,54,0,True
experimental_board_size_transfer,113,8,0,Center/Greedy Agent,RED,RED,1,59,0,True
experimental_board_size_transfer,114,8,0,Center/Greedy Agent,BLUE,BLUE,1,58,0,True
experimental_board_size_transfer,115,8,0,Center/Greedy Agent,RED,RED,1,63,0,True
experimental_board_size_transfer,116,8,0,Center/Greedy Agent,BLUE,BLUE,1,56,0,True
experimental_board_size_transfer,117,8,0,Center/Greedy Agent,RED,RED,1,61,0,True
experimental_board_size_transfer,118,8,0,Center/Greedy Agent,BLUE,BLUE,1,56,0,True
experimental_board_size_transfer,119,8,0,Center/Greedy Agent,RED,RED,1,63,0,True
experimental_board_size_transfer,120,8,0,Center/Greedy Agent,BLUE,BLUE,1,62,0,True
experimental_board_size_transfer,121,8,0,Center/Greedy Agent,RED,RED,1,61,0,True
experimental_board_size_transfer,122,8,0,Center/Greedy Agent,BLUE,BLUE,1,60,0,True
experimental_board_size_transfer,123,8,0,Center/Greedy Agent,RED,RED,1,57,0,True
experimental_board_size_transfer,124,8,0,Center/Greedy Agent,BLUE,BLUE,1,64,0,True
experimental_board_size_transfer,125,8,0,Center/Greedy Agent,RED,RED,1,57,0,True
experimental_board_size_transfer,126,8,0,Center/Greedy Agent,BLUE,BLUE,1,56,0,True
experimental_board_size_transfer,127,8,0,Center/Greedy Agent,RED,RED,1,61,0,True
experimental_board_size_transfer,128,8,0,Center/Greedy Agent,BLUE,BLUE,1,54,0,True
experimental_board_size_transfer,129,8,0,Center/Greedy Agent,RED,RED,1,61,0,True
experimental_board_size_transfer,130,8,0,Center/Greedy Agent,BLUE,BLUE,1,54,0,True
experimental_board_size_transfer,131,8,0,Center/Greedy Agent,RED,RED,1,61,0,True
experimental_board_size_transfer,132,8,0,Center/Greedy Agent,BLUE,BLUE,1,60,0,True
experimental_board_size_transfer,133,8,0,Center/Greedy Agent,RED,BLUE,0,64,0,True
experimental_board_size_transfer,134,8,0,Center/Greedy Agent,BLUE,BLUE,1,60,0,True
experimental_board_size_transfer,135,8,0,Center/Greedy Agent,RED,RED,1,59,0,True
experimental_board_size_transfer,136,8,0,Center/Greedy Agent,BLUE,BLUE,1,58,0,True
experimental_board_size_transfer,137,8,0,Center/Greedy Agent,RED,RED,1,63,0,True
experimental_board_size_transfer,138,8,0,Center/Greedy Agent,BLUE,BLUE,1,58,0,True
experimental_board_size_transfer,139,8,0,Center/Greedy Agent,RED,RED,1,61,0,True
experimental_board_size_transfer,140,8,0,Center/Greedy Agent,BLUE,BLUE,1,54,0,True
experimental_board_size_transfer,141,8,0,Center/Greedy Agent,RED,RED,1,63,0,True
experimental_board_size_transfer,142,8,0,Center/Greedy Agent,BLUE,BLUE,1,54,0,True
experimental_board_size_transfer,143,8,0,Center/Greedy Agent,RED,RED,1,63,0,True
experimental_board_size_transfer,144,8,0,Center/Greedy Agent,BLUE,BLUE,1,64,0,True
experimental_board_size_transfer,145,8,0,Center/Greedy Agent,RED,RED,1,63,0,True
experimental_board_size_transfer,146,8,0,Center/Greedy Agent,BLUE,BLUE,1,54,0,True
experimental_board_size_transfer,147,8,0,Center/Greedy Agent,RED,RED,1,57,0,True
experimental_board_size_transfer,148,8,0,Center/Greedy Agent,BLUE,BLUE,1,58,0,True
experimental_board_size_transfer,149,8,0,Center/Greedy Agent,RED,RED,1,61,0,True
experimental_board_size_transfer,150,8,0,Center/Greedy Agent,BLUE,BLUE,1,60,0,True
experimental_board_size_transfer,151,8,0,Center/Greedy Agent,RED,RED,1,61,0,True
experimental_board_size_transfer,152,8,0,Center/Greedy Agent,BLUE,BLUE,1,58,0,True
experimental_board_size_transfer,153,8,0,Center/Greedy Agent,RED,RED,1,61,0,True
experimental_board_size_transfer,154,8,0,Center/Greedy Agent,BLUE,BLUE,1,60,0,True
experimental_board_size_transfer,155,8,0,Center/Greedy Agent,RED,RED,1,59,0,True
experimental_board_size_transfer,156,8,0,Center/Greedy Agent,BLUE,BLUE,1,56,0,True
experimental_board_size_transfer,157,8,0,Center/Greedy Agent,RED,RED,1,61,0,True
experimental_board_size_transfer,158,8,0,Center/Greedy Agent,BLUE,BLUE,1,58,0,True
experimental_board_size_transfer,159,8,0,Center/Greedy Agent,RED,RED,1,61,0,True
experimental_board_size_transfer,160,8,0,Center/Greedy Agent,BLUE,BLUE,1,56,0,True
experimental_board_size_transfer,161,8,0,Center/Greedy Agent,RED,RED,1,61,0,True
experimental_board_size_transfer,162,8,0,Center/Greedy Agent,BLUE,BLUE,1,56,0,True
experimental_board_size_transfer,163,8,0,Center/Greedy Agent,RED,RED,1,61,0,True
experimental_board_size_transfer,164,8,0,Center/Greedy Agent,BLUE,BLUE,1,58,0,True
experimental_board_size_transfer,165,8,0,Center/Greedy Agent,RED,RED,1,59,0,True
experimental_board_size_transfer,166,8,0,Center/Greedy Agent,BLUE,BLUE,1,60,0,True
experimental_board_size_transfer,167,8,0,Center/Greedy Agent,RED,RED,1,63,0,True
experimental_board_size_transfer,168,8,0,Center/Greedy Agent,BLUE,RED,0,63,0,True
experimental_board_size_transfer,169,8,0,Center/Greedy Agent,RED,RED,1,61,0,True
experimental_board_size_transfer,170,8,0,Center/Greedy Agent,BLUE,BLUE,1,56,0,True
experimental_board_size_transfer,171,8,0,Center/Greedy Agent,RED,BLUE,0,64,0,True
experimental_board_size_transfer,172,8,0,Center/Greedy Agent,BLUE,BLUE,1,58,0,True
experimental_board_size_transfer,173,8,0,Center/Greedy Agent,RED,RED,1,57,0,True
experimental_board_size_transfer,174,8,0,Center/Greedy Agent,BLUE,BLUE,1,54,0,True
experimental_board_size_transfer,175,8,0,Center/Greedy Agent,RED,RED,1,57,0,True
experimental_board_size_transfer,176,8,0,Center/Greedy Agent,BLUE,BLUE,1,56,0,True
experimental_board_size_transfer,177,8,0,Center/Greedy Agent,RED,RED,1,59,0,True
experimental_board_size_transfer,178,8,0,Center/Greedy Agent,BLUE,BLUE,1,58,0,True
experimental_board_size_transfer,179,8,0,Center/Greedy Agent,RED,RED,1,57,0,True
experimental_board_size_transfer,180,8,0,Center/Greedy Agent,BLUE,BLUE,1,56,0,True
experimental_board_size_transfer,181,8,0,Center/Greedy Agent,RED,BLUE,0,64,0,True
experimental_board_size_transfer,182,8,0,Center/Greedy Agent,BLUE,BLUE,1,56,0,True
experimental_board_size_transfer,183,8,0,Center/Greedy Agent,RED,RED,1,57,0,True
experimental_board_size_transfer,184,8,0,Center/Greedy Agent,BLUE,BLUE,1,62,0,True
experimental_board_size_transfer,185,8,0,Center/Greedy Agent,RED,BLUE,0,64,0,True
experimental_board_size_transfer,186,8,0,Center/Greedy Agent,BLUE,BLUE,1,58,0,True
experimental_board_size_transfer,187,8,0,Center/Greedy Agent,RED,RED,1,59,0,True
experimental_board_size_transfer,188,8,0,Center/Greedy Agent,BLUE,BLUE,1,54,0,True
experimental_board_size_transfer,189,8,0,Center/Greedy Agent,RED,RED,1,61,0,True
experimental_board_size_transfer,190,8,0,Center/Greedy Agent,BLUE,BLUE,1,58,0,True
experimental_board_size_transfer,191,8,0,Center/Greedy Agent,RED,RED,1,59,0,True
experimental_board_size_transfer,192,8,0,Center/Greedy Agent,BLUE,BLUE,1,54,0,True
experimental_board_size_transfer,193,8,0,Center/Greedy Agent,RED,RED,1,63,0,True
experimental_board_size_transfer,194,8,0,Center/Greedy Agent,BLUE,BLUE,1,56,0,True
experimental_board_size_transfer,195,8,0,Center/Greedy Agent,RED,RED,1,57,0,True
experimental_board_size_transfer,196,8,0,Center/Greedy Agent,BLUE,BLUE,1,54,0,True
experimental_board_size_transfer,197,8,0,Center/Greedy Agent,RED,BLUE,0,64,0,True
experimental_board_size_transfer,198,8,0,Center/Greedy Agent,BLUE,BLUE,1,60,0,True
experimental_board_size_transfer,199,8,0,Center/Greedy Agent,RED,RED,1,59,0,True
experimental_board_size_transfer,200,8,0,Center/Greedy Agent,BLUE,BLUE,1,62,0,True
experimental_board_size_transfer,1,9,0,Random Agent,RED,RED,1,73,0,True
experimental_board_size_transfer,2,9,0,Random Agent,BLUE,RED,0,79,0,True
experimental_board_size_transfer,3,9,0,Random Agent,RED,BLUE,0,74,0,True
experimental_board_size_transfer,4,9,0,Random Agent,BLUE,RED,0,59,0,True
experimental_board_size_transfer,5,9,0,Random Agent,RED,BLUE,0,80,0,True
experimental_board_size_transfer,6,9,0,Random Agent,BLUE,RED,0,67,0,True
experimental_board_size_transfer,7,9,0,Random Agent,RED,BLUE,0,68,0,True
experimental_board_size_transfer,8,9,0,Random Agent,BLUE,RED,0,79,0,True
experimental_board_size_transfer,9,9,0,Random Agent,RED,RED,1,73,0,True
experimental_board_size_transfer,10,9,0,Random Agent,BLUE,RED,0,79,0,True
experimental_board_size_transfer,11,9,0,Random Agent,RED,RED,1,77,0,True
experimental_board_size_transfer,12,9,0,Random Agent,BLUE,BLUE,1,76,0,True
experimental_board_size_transfer,13,9,0,Random Agent,RED,RED,1,73,0,True
experimental_board_size_transfer,14,9,0,Random Agent,BLUE,BLUE,1,78,0,True
experimental_board_size_transfer,15,9,0,Random Agent,RED,RED,1,79,0,True
experimental_board_size_transfer,16,9,0,Random Agent,BLUE,BLUE,1,78,0,True
experimental_board_size_transfer,17,9,0,Random Agent,RED,BLUE,0,56,0,True
experimental_board_size_transfer,18,9,0,Random Agent,BLUE,BLUE,1,74,0,True
experimental_board_size_transfer,19,9,0,Random Agent,RED,RED,1,71,0,True
experimental_board_size_transfer,20,9,0,Random Agent,BLUE,BLUE,1,78,0,True
experimental_board_size_transfer,21,9,0,Random Agent,RED,RED,1,81,0,True
experimental_board_size_transfer,22,9,0,Random Agent,BLUE,RED,0,71,0,True
experimental_board_size_transfer,23,9,0,Random Agent,RED,RED,1,77,0,True
experimental_board_size_transfer,24,9,0,Random Agent,BLUE,BLUE,1,76,0,True
experimental_board_size_transfer,25,9,0,Random Agent,RED,BLUE,0,66,0,True
experimental_board_size_transfer,26,9,0,Random Agent,BLUE,BLUE,1,76,0,True
experimental_board_size_transfer,27,9,0,Random Agent,RED,RED,1,71,0,True
experimental_board_size_transfer,28,9,0,Random Agent,BLUE,RED,0,79,0,True
experimental_board_size_transfer,29,9,0,Random Agent,RED,RED,1,79,0,True
experimental_board_size_transfer,30,9,0,Random Agent,BLUE,BLUE,1,70,0,True
experimental_board_size_transfer,31,9,0,Random Agent,RED,RED,1,79,0,True
experimental_board_size_transfer,32,9,0,Random Agent,BLUE,BLUE,1,70,0,True
experimental_board_size_transfer,33,9,0,Random Agent,RED,RED,1,79,0,True
experimental_board_size_transfer,34,9,0,Random Agent,BLUE,BLUE,1,68,0,True
experimental_board_size_transfer,35,9,0,Random Agent,RED,BLUE,0,78,0,True
experimental_board_size_transfer,36,9,0,Random Agent,BLUE,BLUE,1,76,0,True
experimental_board_size_transfer,37,9,0,Random Agent,RED,BLUE,0,74,0,True
experimental_board_size_transfer,38,9,0,Random Agent,BLUE,BLUE,1,78,0,True
experimental_board_size_transfer,39,9,0,Random Agent,RED,RED,1,79,0,True
experimental_board_size_transfer,40,9,0,Random Agent,BLUE,RED,0,77,0,True
experimental_board_size_transfer,41,9,0,Random Agent,RED,RED,1,77,0,True
experimental_board_size_transfer,42,9,0,Random Agent,BLUE,RED,0,75,0,True
experimental_board_size_transfer,43,9,0,Random Agent,RED,RED,1,75,0,True
experimental_board_size_transfer,44,9,0,Random Agent,BLUE,RED,0,75,0,True
experimental_board_size_transfer,45,9,0,Random Agent,RED,BLUE,0,80,0,True
experimental_board_size_transfer,46,9,0,Random Agent,BLUE,RED,0,51,0,True
experimental_board_size_transfer,47,9,0,Random Agent,RED,BLUE,0,76,0,True
experimental_board_size_transfer,48,9,0,Random Agent,BLUE,RED,0,77,0,True
experimental_board_size_transfer,49,9,0,Random Agent,RED,BLUE,0,74,0,True
experimental_board_size_transfer,50,9,0,Random Agent,BLUE,BLUE,1,80,0,True
experimental_board_size_transfer,51,9,0,Random Agent,RED,RED,1,71,0,True
experimental_board_size_transfer,52,9,0,Random Agent,BLUE,RED,0,81,0,True
experimental_board_size_transfer,53,9,0,Random Agent,RED,RED,1,75,0,True
experimental_board_size_transfer,54,9,0,Random Agent,BLUE,RED,0,75,0,True
experimental_board_size_transfer,55,9,0,Random Agent,RED,BLUE,0,76,0,True
experimental_board_size_transfer,56,9,0,Random Agent,BLUE,BLUE,1,78,0,True
experimental_board_size_transfer,57,9,0,Random Agent,RED,RED,1,81,0,True
experimental_board_size_transfer,58,9,0,Random Agent,BLUE,RED,0,81,0,True
experimental_board_size_transfer,59,9,0,Random Agent,RED,RED,1,81,0,True
experimental_board_size_transfer,60,9,0,Random Agent,BLUE,BLUE,1,72,0,True
experimental_board_size_transfer,61,9,0,Random Agent,RED,BLUE,0,70,0,True
experimental_board_size_transfer,62,9,0,Random Agent,BLUE,BLUE,1,80,0,True
experimental_board_size_transfer,63,9,0,Random Agent,RED,RED,1,75,0,True
experimental_board_size_transfer,64,9,0,Random Agent,BLUE,BLUE,1,68,0,True
experimental_board_size_transfer,65,9,0,Random Agent,RED,RED,1,69,0,True
experimental_board_size_transfer,66,9,0,Random Agent,BLUE,BLUE,1,80,0,True
experimental_board_size_transfer,67,9,0,Random Agent,RED,RED,1,81,0,True
experimental_board_size_transfer,68,9,0,Random Agent,BLUE,RED,0,79,0,True
experimental_board_size_transfer,69,9,0,Random Agent,RED,RED,1,75,0,True
experimental_board_size_transfer,70,9,0,Random Agent,BLUE,BLUE,1,70,0,True
experimental_board_size_transfer,71,9,0,Random Agent,RED,RED,1,75,0,True
experimental_board_size_transfer,72,9,0,Random Agent,BLUE,BLUE,1,78,0,True
experimental_board_size_transfer,73,9,0,Random Agent,RED,BLUE,0,76,0,True
experimental_board_size_transfer,74,9,0,Random Agent,BLUE,RED,0,77,0,True
experimental_board_size_transfer,75,9,0,Random Agent,RED,BLUE,0,74,0,True
experimental_board_size_transfer,76,9,0,Random Agent,BLUE,RED,0,81,0,True
experimental_board_size_transfer,77,9,0,Random Agent,RED,RED,1,77,0,True
experimental_board_size_transfer,78,9,0,Random Agent,BLUE,BLUE,1,70,0,True
experimental_board_size_transfer,79,9,0,Random Agent,RED,BLUE,0,74,0,True
experimental_board_size_transfer,80,9,0,Random Agent,BLUE,BLUE,1,74,0,True
experimental_board_size_transfer,81,9,0,Random Agent,RED,BLUE,0,78,0,True
experimental_board_size_transfer,82,9,0,Random Agent,BLUE,RED,0,73,0,True
experimental_board_size_transfer,83,9,0,Random Agent,RED,BLUE,0,76,0,True
experimental_board_size_transfer,84,9,0,Random Agent,BLUE,BLUE,1,76,0,True
experimental_board_size_transfer,85,9,0,Random Agent,RED,RED,1,67,0,True
experimental_board_size_transfer,86,9,0,Random Agent,BLUE,RED,0,63,0,True
experimental_board_size_transfer,87,9,0,Random Agent,RED,RED,1,81,0,True
experimental_board_size_transfer,88,9,0,Random Agent,BLUE,RED,0,79,0,True
experimental_board_size_transfer,89,9,0,Random Agent,RED,RED,1,71,0,True
experimental_board_size_transfer,90,9,0,Random Agent,BLUE,RED,0,77,0,True
experimental_board_size_transfer,91,9,0,Random Agent,RED,RED,1,77,0,True
experimental_board_size_transfer,92,9,0,Random Agent,BLUE,RED,0,79,0,True
experimental_board_size_transfer,93,9,0,Random Agent,RED,RED,1,69,0,True
experimental_board_size_transfer,94,9,0,Random Agent,BLUE,RED,0,75,0,True
experimental_board_size_transfer,95,9,0,Random Agent,RED,RED,1,77,0,True
experimental_board_size_transfer,96,9,0,Random Agent,BLUE,BLUE,1,72,0,True
experimental_board_size_transfer,97,9,0,Random Agent,RED,BLUE,0,64,0,True
experimental_board_size_transfer,98,9,0,Random Agent,BLUE,RED,0,71,0,True
experimental_board_size_transfer,99,9,0,Random Agent,RED,RED,1,75,0,True
experimental_board_size_transfer,100,9,0,Random Agent,BLUE,RED,0,79,0,True
experimental_board_size_transfer,101,9,0,Random Agent,RED,BLUE,0,74,0,True
experimental_board_size_transfer,102,9,0,Random Agent,BLUE,BLUE,1,80,0,True
experimental_board_size_transfer,103,9,0,Random Agent,RED,RED,1,81,0,True
experimental_board_size_transfer,104,9,0,Random Agent,BLUE,BLUE,1,76,0,True
experimental_board_size_transfer,105,9,0,Random Agent,RED,RED,1,75,0,True
experimental_board_size_transfer,106,9,0,Random Agent,BLUE,RED,0,77,0,True
experimental_board_size_transfer,107,9,0,Random Agent,RED,RED,1,79,0,True
experimental_board_size_transfer,108,9,0,Random Agent,BLUE,BLUE,1,72,0,True
experimental_board_size_transfer,109,9,0,Random Agent,RED,BLUE,0,78,0,True
experimental_board_size_transfer,110,9,0,Random Agent,BLUE,RED,0,75,0,True
experimental_board_size_transfer,111,9,0,Random Agent,RED,BLUE,0,74,0,True
experimental_board_size_transfer,112,9,0,Random Agent,BLUE,RED,0,75,0,True
experimental_board_size_transfer,113,9,0,Random Agent,RED,RED,1,77,0,True
experimental_board_size_transfer,114,9,0,Random Agent,BLUE,BLUE,1,70,0,True
experimental_board_size_transfer,115,9,0,Random Agent,RED,BLUE,0,70,0,True
experimental_board_size_transfer,116,9,0,Random Agent,BLUE,BLUE,1,74,0,True
experimental_board_size_transfer,117,9,0,Random Agent,RED,BLUE,0,78,0,True
experimental_board_size_transfer,118,9,0,Random Agent,BLUE,RED,0,75,0,True
experimental_board_size_transfer,119,9,0,Random Agent,RED,RED,1,75,0,True
experimental_board_size_transfer,120,9,0,Random Agent,BLUE,RED,0,63,0,True
experimental_board_size_transfer,121,9,0,Random Agent,RED,RED,1,75,0,True
experimental_board_size_transfer,122,9,0,Random Agent,BLUE,RED,0,67,0,True
experimental_board_size_transfer,123,9,0,Random Agent,RED,RED,1,79,0,True
experimental_board_size_transfer,124,9,0,Random Agent,BLUE,BLUE,1,74,0,True
experimental_board_size_transfer,125,9,0,Random Agent,RED,RED,1,79,0,True
experimental_board_size_transfer,126,9,0,Random Agent,BLUE,BLUE,1,80,0,True
experimental_board_size_transfer,127,9,0,Random Agent,RED,BLUE,0,80,0,True
experimental_board_size_transfer,128,9,0,Random Agent,BLUE,BLUE,1,68,0,True
experimental_board_size_transfer,129,9,0,Random Agent,RED,BLUE,0,70,0,True
experimental_board_size_transfer,130,9,0,Random Agent,BLUE,RED,0,79,0,True
experimental_board_size_transfer,131,9,0,Random Agent,RED,BLUE,0,76,0,True
experimental_board_size_transfer,132,9,0,Random Agent,BLUE,BLUE,1,70,0,True
experimental_board_size_transfer,133,9,0,Random Agent,RED,RED,1,71,0,True
experimental_board_size_transfer,134,9,0,Random Agent,BLUE,BLUE,1,80,0,True
experimental_board_size_transfer,135,9,0,Random Agent,RED,RED,1,79,0,True
experimental_board_size_transfer,136,9,0,Random Agent,BLUE,BLUE,1,76,0,True
experimental_board_size_transfer,137,9,0,Random Agent,RED,RED,1,77,0,True
experimental_board_size_transfer,138,9,0,Random Agent,BLUE,RED,0,67,0,True
experimental_board_size_transfer,139,9,0,Random Agent,RED,RED,1,81,0,True
experimental_board_size_transfer,140,9,0,Random Agent,BLUE,BLUE,1,76,0,True
experimental_board_size_transfer,141,9,0,Random Agent,RED,BLUE,0,80,0,True
experimental_board_size_transfer,142,9,0,Random Agent,BLUE,RED,0,79,0,True
experimental_board_size_transfer,143,9,0,Random Agent,RED,RED,1,73,0,True
experimental_board_size_transfer,144,9,0,Random Agent,BLUE,BLUE,1,80,0,True
experimental_board_size_transfer,145,9,0,Random Agent,RED,RED,1,75,0,True
experimental_board_size_transfer,146,9,0,Random Agent,BLUE,RED,0,75,0,True
experimental_board_size_transfer,147,9,0,Random Agent,RED,BLUE,0,72,0,True
experimental_board_size_transfer,148,9,0,Random Agent,BLUE,RED,0,79,0,True
experimental_board_size_transfer,149,9,0,Random Agent,RED,BLUE,0,60,0,True
experimental_board_size_transfer,150,9,0,Random Agent,BLUE,BLUE,1,76,0,True
experimental_board_size_transfer,151,9,0,Random Agent,RED,RED,1,77,0,True
experimental_board_size_transfer,152,9,0,Random Agent,BLUE,RED,0,79,0,True
experimental_board_size_transfer,153,9,0,Random Agent,RED,BLUE,0,76,0,True
experimental_board_size_transfer,154,9,0,Random Agent,BLUE,BLUE,1,72,0,True
experimental_board_size_transfer,155,9,0,Random Agent,RED,BLUE,0,78,0,True
experimental_board_size_transfer,156,9,0,Random Agent,BLUE,RED,0,71,0,True
experimental_board_size_transfer,157,9,0,Random Agent,RED,RED,1,69,0,True
experimental_board_size_transfer,158,9,0,Random Agent,BLUE,RED,0,53,0,True
experimental_board_size_transfer,159,9,0,Random Agent,RED,RED,1,71,0,True
experimental_board_size_transfer,160,9,0,Random Agent,BLUE,BLUE,1,78,0,True
experimental_board_size_transfer,161,9,0,Random Agent,RED,BLUE,0,80,0,True
experimental_board_size_transfer,162,9,0,Random Agent,BLUE,BLUE,1,76,0,True
experimental_board_size_transfer,163,9,0,Random Agent,RED,RED,1,69,0,True
experimental_board_size_transfer,164,9,0,Random Agent,BLUE,RED,0,81,0,True
experimental_board_size_transfer,165,9,0,Random Agent,RED,BLUE,0,66,0,True
experimental_board_size_transfer,166,9,0,Random Agent,BLUE,BLUE,1,78,0,True
experimental_board_size_transfer,167,9,0,Random Agent,RED,RED,1,73,0,True
experimental_board_size_transfer,168,9,0,Random Agent,BLUE,BLUE,1,78,0,True
experimental_board_size_transfer,169,9,0,Random Agent,RED,RED,1,79,0,True
experimental_board_size_transfer,170,9,0,Random Agent,BLUE,RED,0,81,0,True
experimental_board_size_transfer,171,9,0,Random Agent,RED,RED,1,79,0,True
experimental_board_size_transfer,172,9,0,Random Agent,BLUE,BLUE,1,80,0,True
experimental_board_size_transfer,173,9,0,Random Agent,RED,RED,1,79,0,True
experimental_board_size_transfer,174,9,0,Random Agent,BLUE,RED,0,67,0,True
experimental_board_size_transfer,175,9,0,Random Agent,RED,RED,1,71,0,True
experimental_board_size_transfer,176,9,0,Random Agent,BLUE,RED,0,81,0,True
experimental_board_size_transfer,177,9,0,Random Agent,RED,BLUE,0,52,0,True
experimental_board_size_transfer,178,9,0,Random Agent,BLUE,RED,0,53,0,True
experimental_board_size_transfer,179,9,0,Random Agent,RED,RED,1,77,0,True
experimental_board_size_transfer,180,9,0,Random Agent,BLUE,RED,0,73,0,True
experimental_board_size_transfer,181,9,0,Random Agent,RED,BLUE,0,70,0,True
experimental_board_size_transfer,182,9,0,Random Agent,BLUE,RED,0,73,0,True
experimental_board_size_transfer,183,9,0,Random Agent,RED,RED,1,73,0,True
experimental_board_size_transfer,184,9,0,Random Agent,BLUE,RED,0,71,0,True
experimental_board_size_transfer,185,9,0,Random Agent,RED,RED,1,79,0,True
experimental_board_size_transfer,186,9,0,Random Agent,BLUE,RED,0,69,0,True
experimental_board_size_transfer,187,9,0,Random Agent,RED,RED,1,81,0,True
experimental_board_size_transfer,188,9,0,Random Agent,BLUE,RED,0,77,0,True
experimental_board_size_transfer,189,9,0,Random Agent,RED,BLUE,0,74,0,True
experimental_board_size_transfer,190,9,0,Random Agent,BLUE,RED,0,73,0,True
experimental_board_size_transfer,191,9,0,Random Agent,RED,RED,1,77,0,True
experimental_board_size_transfer,192,9,0,Random Agent,BLUE,RED,0,59,0,True
experimental_board_size_transfer,193,9,0,Random Agent,RED,RED,1,75,0,True
experimental_board_size_transfer,194,9,0,Random Agent,BLUE,BLUE,1,78,0,True
experimental_board_size_transfer,195,9,0,Random Agent,RED,RED,1,81,0,True
experimental_board_size_transfer,196,9,0,Random Agent,BLUE,BLUE,1,76,0,True
experimental_board_size_transfer,197,9,0,Random Agent,RED,RED,1,75,0,True
experimental_board_size_transfer,198,9,0,Random Agent,BLUE,RED,0,73,0,True
experimental_board_size_transfer,199,9,0,Random Agent,RED,RED,1,75,0,True
experimental_board_size_transfer,200,9,0,Random Agent,BLUE,RED,0,75,0,True
experimental_board_size_transfer,1,9,0,Center/Greedy Agent,RED,RED,1,77,0,True
experimental_board_size_transfer,2,9,0,Center/Greedy Agent,BLUE,BLUE,1,78,0,True
experimental_board_size_transfer,3,9,0,Center/Greedy Agent,RED,RED,1,77,0,True
experimental_board_size_transfer,4,9,0,Center/Greedy Agent,BLUE,BLUE,1,62,0,True
experimental_board_size_transfer,5,9,0,Center/Greedy Agent,RED,RED,1,65,0,True
experimental_board_size_transfer,6,9,0,Center/Greedy Agent,BLUE,BLUE,1,68,0,True
experimental_board_size_transfer,7,9,0,Center/Greedy Agent,RED,RED,1,69,0,True
experimental_board_size_transfer,8,9,0,Center/Greedy Agent,BLUE,BLUE,1,68,0,True
experimental_board_size_transfer,9,9,0,Center/Greedy Agent,RED,RED,1,67,0,True
experimental_board_size_transfer,10,9,0,Center/Greedy Agent,BLUE,BLUE,1,80,0,True
experimental_board_size_transfer,11,9,0,Center/Greedy Agent,RED,RED,1,63,0,True
experimental_board_size_transfer,12,9,0,Center/Greedy Agent,BLUE,BLUE,1,74,0,True
experimental_board_size_transfer,13,9,0,Center/Greedy Agent,RED,RED,1,67,0,True
experimental_board_size_transfer,14,9,0,Center/Greedy Agent,BLUE,BLUE,1,78,0,True
experimental_board_size_transfer,15,9,0,Center/Greedy Agent,RED,RED,1,81,0,True
experimental_board_size_transfer,16,9,0,Center/Greedy Agent,BLUE,BLUE,1,64,0,True
experimental_board_size_transfer,17,9,0,Center/Greedy Agent,RED,RED,1,61,0,True
experimental_board_size_transfer,18,9,0,Center/Greedy Agent,BLUE,BLUE,1,64,0,True
experimental_board_size_transfer,19,9,0,Center/Greedy Agent,RED,RED,1,67,0,True
experimental_board_size_transfer,20,9,0,Center/Greedy Agent,BLUE,BLUE,1,74,0,True
experimental_board_size_transfer,21,9,0,Center/Greedy Agent,RED,RED,1,73,0,True
experimental_board_size_transfer,22,9,0,Center/Greedy Agent,BLUE,BLUE,1,60,0,True
experimental_board_size_transfer,23,9,0,Center/Greedy Agent,RED,RED,1,77,0,True
experimental_board_size_transfer,24,9,0,Center/Greedy Agent,BLUE,BLUE,1,64,0,True
experimental_board_size_transfer,25,9,0,Center/Greedy Agent,RED,RED,1,57,0,True
experimental_board_size_transfer,26,9,0,Center/Greedy Agent,BLUE,RED,0,77,0,True
experimental_board_size_transfer,27,9,0,Center/Greedy Agent,RED,RED,1,65,0,True
experimental_board_size_transfer,28,9,0,Center/Greedy Agent,BLUE,BLUE,1,72,0,True
experimental_board_size_transfer,29,9,0,Center/Greedy Agent,RED,RED,1,69,0,True
experimental_board_size_transfer,30,9,0,Center/Greedy Agent,BLUE,BLUE,1,76,0,True
experimental_board_size_transfer,31,9,0,Center/Greedy Agent,RED,RED,1,67,0,True
experimental_board_size_transfer,32,9,0,Center/Greedy Agent,BLUE,BLUE,1,60,0,True
experimental_board_size_transfer,33,9,0,Center/Greedy Agent,RED,RED,1,69,0,True
experimental_board_size_transfer,34,9,0,Center/Greedy Agent,BLUE,BLUE,1,80,0,True
experimental_board_size_transfer,35,9,0,Center/Greedy Agent,RED,RED,1,57,0,True
experimental_board_size_transfer,36,9,0,Center/Greedy Agent,BLUE,BLUE,1,72,0,True
experimental_board_size_transfer,37,9,0,Center/Greedy Agent,RED,RED,1,81,0,True
experimental_board_size_transfer,38,9,0,Center/Greedy Agent,BLUE,BLUE,1,70,0,True
experimental_board_size_transfer,39,9,0,Center/Greedy Agent,RED,RED,1,63,0,True
experimental_board_size_transfer,40,9,0,Center/Greedy Agent,BLUE,BLUE,1,76,0,True
experimental_board_size_transfer,41,9,0,Center/Greedy Agent,RED,RED,1,59,0,True
experimental_board_size_transfer,42,9,0,Center/Greedy Agent,BLUE,BLUE,1,76,0,True
experimental_board_size_transfer,43,9,0,Center/Greedy Agent,RED,RED,1,73,0,True
experimental_board_size_transfer,44,9,0,Center/Greedy Agent,BLUE,BLUE,1,72,0,True
experimental_board_size_transfer,45,9,0,Center/Greedy Agent,RED,RED,1,71,0,True
experimental_board_size_transfer,46,9,0,Center/Greedy Agent,BLUE,BLUE,1,78,0,True
experimental_board_size_transfer,47,9,0,Center/Greedy Agent,RED,RED,1,75,0,True
experimental_board_size_transfer,48,9,0,Center/Greedy Agent,BLUE,BLUE,1,64,0,True
experimental_board_size_transfer,49,9,0,Center/Greedy Agent,RED,RED,1,61,0,True
experimental_board_size_transfer,50,9,0,Center/Greedy Agent,BLUE,BLUE,1,62,0,True
experimental_board_size_transfer,51,9,0,Center/Greedy Agent,RED,RED,1,71,0,True
experimental_board_size_transfer,52,9,0,Center/Greedy Agent,BLUE,BLUE,1,66,0,True
experimental_board_size_transfer,53,9,0,Center/Greedy Agent,RED,RED,1,65,0,True
experimental_board_size_transfer,54,9,0,Center/Greedy Agent,BLUE,BLUE,1,58,0,True
experimental_board_size_transfer,55,9,0,Center/Greedy Agent,RED,RED,1,69,0,True
experimental_board_size_transfer,56,9,0,Center/Greedy Agent,BLUE,RED,0,79,0,True
experimental_board_size_transfer,57,9,0,Center/Greedy Agent,RED,RED,1,61,0,True
experimental_board_size_transfer,58,9,0,Center/Greedy Agent,BLUE,BLUE,1,70,0,True
experimental_board_size_transfer,59,9,0,Center/Greedy Agent,RED,RED,1,65,0,True
experimental_board_size_transfer,60,9,0,Center/Greedy Agent,BLUE,BLUE,1,76,0,True
experimental_board_size_transfer,61,9,0,Center/Greedy Agent,RED,RED,1,69,0,True
experimental_board_size_transfer,62,9,0,Center/Greedy Agent,BLUE,BLUE,1,64,0,True
experimental_board_size_transfer,63,9,0,Center/Greedy Agent,RED,RED,1,71,0,True
experimental_board_size_transfer,64,9,0,Center/Greedy Agent,BLUE,BLUE,1,68,0,True
experimental_board_size_transfer,65,9,0,Center/Greedy Agent,RED,RED,1,57,0,True
experimental_board_size_transfer,66,9,0,Center/Greedy Agent,BLUE,BLUE,1,76,0,True
experimental_board_size_transfer,67,9,0,Center/Greedy Agent,RED,RED,1,59,0,True
experimental_board_size_transfer,68,9,0,Center/Greedy Agent,BLUE,BLUE,1,78,0,True
experimental_board_size_transfer,69,9,0,Center/Greedy Agent,RED,RED,1,65,0,True
experimental_board_size_transfer,70,9,0,Center/Greedy Agent,BLUE,BLUE,1,66,0,True
experimental_board_size_transfer,71,9,0,Center/Greedy Agent,RED,RED,1,73,0,True
experimental_board_size_transfer,72,9,0,Center/Greedy Agent,BLUE,BLUE,1,62,0,True
experimental_board_size_transfer,73,9,0,Center/Greedy Agent,RED,RED,1,63,0,True
experimental_board_size_transfer,74,9,0,Center/Greedy Agent,BLUE,BLUE,1,76,0,True
experimental_board_size_transfer,75,9,0,Center/Greedy Agent,RED,BLUE,0,80,0,True
experimental_board_size_transfer,76,9,0,Center/Greedy Agent,BLUE,BLUE,1,76,0,True
experimental_board_size_transfer,77,9,0,Center/Greedy Agent,RED,RED,1,75,0,True
experimental_board_size_transfer,78,9,0,Center/Greedy Agent,BLUE,BLUE,1,78,0,True
experimental_board_size_transfer,79,9,0,Center/Greedy Agent,RED,RED,1,57,0,True
experimental_board_size_transfer,80,9,0,Center/Greedy Agent,BLUE,BLUE,1,70,0,True
experimental_board_size_transfer,81,9,0,Center/Greedy Agent,RED,RED,1,57,0,True
experimental_board_size_transfer,82,9,0,Center/Greedy Agent,BLUE,BLUE,1,68,0,True
experimental_board_size_transfer,83,9,0,Center/Greedy Agent,RED,RED,1,65,0,True
experimental_board_size_transfer,84,9,0,Center/Greedy Agent,BLUE,RED,0,75,0,True
experimental_board_size_transfer,85,9,0,Center/Greedy Agent,RED,RED,1,67,0,True
experimental_board_size_transfer,86,9,0,Center/Greedy Agent,BLUE,BLUE,1,66,0,True
experimental_board_size_transfer,87,9,0,Center/Greedy Agent,RED,RED,1,63,0,True
experimental_board_size_transfer,88,9,0,Center/Greedy Agent,BLUE,BLUE,1,70,0,True
experimental_board_size_transfer,89,9,0,Center/Greedy Agent,RED,RED,1,67,0,True
experimental_board_size_transfer,90,9,0,Center/Greedy Agent,BLUE,BLUE,1,74,0,True
experimental_board_size_transfer,91,9,0,Center/Greedy Agent,RED,RED,1,73,0,True
experimental_board_size_transfer,92,9,0,Center/Greedy Agent,BLUE,BLUE,1,66,0,True
experimental_board_size_transfer,93,9,0,Center/Greedy Agent,RED,RED,1,57,0,True
experimental_board_size_transfer,94,9,0,Center/Greedy Agent,BLUE,BLUE,1,64,0,True
experimental_board_size_transfer,95,9,0,Center/Greedy Agent,RED,RED,1,77,0,True
experimental_board_size_transfer,96,9,0,Center/Greedy Agent,BLUE,RED,0,81,0,True
experimental_board_size_transfer,97,9,0,Center/Greedy Agent,RED,RED,1,69,0,True
experimental_board_size_transfer,98,9,0,Center/Greedy Agent,BLUE,BLUE,1,66,0,True
experimental_board_size_transfer,99,9,0,Center/Greedy Agent,RED,RED,1,63,0,True
experimental_board_size_transfer,100,9,0,Center/Greedy Agent,BLUE,BLUE,1,66,0,True
experimental_board_size_transfer,101,9,0,Center/Greedy Agent,RED,RED,1,63,0,True
experimental_board_size_transfer,102,9,0,Center/Greedy Agent,BLUE,RED,0,79,0,True
experimental_board_size_transfer,103,9,0,Center/Greedy Agent,RED,RED,1,59,0,True
experimental_board_size_transfer,104,9,0,Center/Greedy Agent,BLUE,RED,0,79,0,True
experimental_board_size_transfer,105,9,0,Center/Greedy Agent,RED,RED,1,61,0,True
experimental_board_size_transfer,106,9,0,Center/Greedy Agent,BLUE,BLUE,1,68,0,True
experimental_board_size_transfer,107,9,0,Center/Greedy Agent,RED,RED,1,57,0,True
experimental_board_size_transfer,108,9,0,Center/Greedy Agent,BLUE,BLUE,1,80,0,True
experimental_board_size_transfer,109,9,0,Center/Greedy Agent,RED,RED,1,63,0,True
experimental_board_size_transfer,110,9,0,Center/Greedy Agent,BLUE,BLUE,1,74,0,True
experimental_board_size_transfer,111,9,0,Center/Greedy Agent,RED,RED,1,59,0,True
experimental_board_size_transfer,112,9,0,Center/Greedy Agent,BLUE,BLUE,1,78,0,True
experimental_board_size_transfer,113,9,0,Center/Greedy Agent,RED,RED,1,71,0,True
experimental_board_size_transfer,114,9,0,Center/Greedy Agent,BLUE,BLUE,1,66,0,True
experimental_board_size_transfer,115,9,0,Center/Greedy Agent,RED,RED,1,59,0,True
experimental_board_size_transfer,116,9,0,Center/Greedy Agent,BLUE,BLUE,1,78,0,True
experimental_board_size_transfer,117,9,0,Center/Greedy Agent,RED,RED,1,67,0,True
experimental_board_size_transfer,118,9,0,Center/Greedy Agent,BLUE,BLUE,1,74,0,True
experimental_board_size_transfer,119,9,0,Center/Greedy Agent,RED,RED,1,69,0,True
experimental_board_size_transfer,120,9,0,Center/Greedy Agent,BLUE,BLUE,1,66,0,True
experimental_board_size_transfer,121,9,0,Center/Greedy Agent,RED,RED,1,67,0,True
experimental_board_size_transfer,122,9,0,Center/Greedy Agent,BLUE,BLUE,1,58,0,True
experimental_board_size_transfer,123,9,0,Center/Greedy Agent,RED,RED,1,65,0,True
experimental_board_size_transfer,124,9,0,Center/Greedy Agent,BLUE,RED,0,81,0,True
experimental_board_size_transfer,125,9,0,Center/Greedy Agent,RED,RED,1,63,0,True
experimental_board_size_transfer,126,9,0,Center/Greedy Agent,BLUE,RED,0,77,0,True
experimental_board_size_transfer,127,9,0,Center/Greedy Agent,RED,RED,1,59,0,True
experimental_board_size_transfer,128,9,0,Center/Greedy Agent,BLUE,RED,0,75,0,True
experimental_board_size_transfer,129,9,0,Center/Greedy Agent,RED,RED,1,71,0,True
experimental_board_size_transfer,130,9,0,Center/Greedy Agent,BLUE,BLUE,1,72,0,True
experimental_board_size_transfer,131,9,0,Center/Greedy Agent,RED,RED,1,77,0,True
experimental_board_size_transfer,132,9,0,Center/Greedy Agent,BLUE,BLUE,1,66,0,True
experimental_board_size_transfer,133,9,0,Center/Greedy Agent,RED,RED,1,61,0,True
experimental_board_size_transfer,134,9,0,Center/Greedy Agent,BLUE,RED,0,77,0,True
experimental_board_size_transfer,135,9,0,Center/Greedy Agent,RED,RED,1,61,0,True
experimental_board_size_transfer,136,9,0,Center/Greedy Agent,BLUE,BLUE,1,80,0,True
experimental_board_size_transfer,137,9,0,Center/Greedy Agent,RED,RED,1,63,0,True
experimental_board_size_transfer,138,9,0,Center/Greedy Agent,BLUE,BLUE,1,70,0,True
experimental_board_size_transfer,139,9,0,Center/Greedy Agent,RED,RED,1,81,0,True
experimental_board_size_transfer,140,9,0,Center/Greedy Agent,BLUE,BLUE,1,72,0,True
experimental_board_size_transfer,141,9,0,Center/Greedy Agent,RED,RED,1,69,0,True
experimental_board_size_transfer,142,9,0,Center/Greedy Agent,BLUE,BLUE,1,72,0,True
experimental_board_size_transfer,143,9,0,Center/Greedy Agent,RED,RED,1,57,0,True
experimental_board_size_transfer,144,9,0,Center/Greedy Agent,BLUE,RED,0,75,0,True
experimental_board_size_transfer,145,9,0,Center/Greedy Agent,RED,RED,1,67,0,True
experimental_board_size_transfer,146,9,0,Center/Greedy Agent,BLUE,BLUE,1,66,0,True
experimental_board_size_transfer,147,9,0,Center/Greedy Agent,RED,RED,1,57,0,True
experimental_board_size_transfer,148,9,0,Center/Greedy Agent,BLUE,BLUE,1,66,0,True
experimental_board_size_transfer,149,9,0,Center/Greedy Agent,RED,RED,1,69,0,True
experimental_board_size_transfer,150,9,0,Center/Greedy Agent,BLUE,BLUE,1,70,0,True
experimental_board_size_transfer,151,9,0,Center/Greedy Agent,RED,RED,1,63,0,True
experimental_board_size_transfer,152,9,0,Center/Greedy Agent,BLUE,BLUE,1,66,0,True
experimental_board_size_transfer,153,9,0,Center/Greedy Agent,RED,RED,1,63,0,True
experimental_board_size_transfer,154,9,0,Center/Greedy Agent,BLUE,BLUE,1,78,0,True
experimental_board_size_transfer,155,9,0,Center/Greedy Agent,RED,RED,1,61,0,True
experimental_board_size_transfer,156,9,0,Center/Greedy Agent,BLUE,BLUE,1,72,0,True
experimental_board_size_transfer,157,9,0,Center/Greedy Agent,RED,RED,1,75,0,True
experimental_board_size_transfer,158,9,0,Center/Greedy Agent,BLUE,BLUE,1,64,0,True
experimental_board_size_transfer,159,9,0,Center/Greedy Agent,RED,RED,1,59,0,True
experimental_board_size_transfer,160,9,0,Center/Greedy Agent,BLUE,BLUE,1,70,0,True
experimental_board_size_transfer,161,9,0,Center/Greedy Agent,RED,RED,1,61,0,True
experimental_board_size_transfer,162,9,0,Center/Greedy Agent,BLUE,BLUE,1,78,0,True
experimental_board_size_transfer,163,9,0,Center/Greedy Agent,RED,RED,1,71,0,True
experimental_board_size_transfer,164,9,0,Center/Greedy Agent,BLUE,BLUE,1,80,0,True
experimental_board_size_transfer,165,9,0,Center/Greedy Agent,RED,RED,1,71,0,True
experimental_board_size_transfer,166,9,0,Center/Greedy Agent,BLUE,BLUE,1,64,0,True
experimental_board_size_transfer,167,9,0,Center/Greedy Agent,RED,RED,1,61,0,True
experimental_board_size_transfer,168,9,0,Center/Greedy Agent,BLUE,BLUE,1,68,0,True
experimental_board_size_transfer,169,9,0,Center/Greedy Agent,RED,RED,1,61,0,True
experimental_board_size_transfer,170,9,0,Center/Greedy Agent,BLUE,RED,0,77,0,True
experimental_board_size_transfer,171,9,0,Center/Greedy Agent,RED,RED,1,69,0,True
experimental_board_size_transfer,172,9,0,Center/Greedy Agent,BLUE,BLUE,1,62,0,True
experimental_board_size_transfer,173,9,0,Center/Greedy Agent,RED,RED,1,59,0,True
experimental_board_size_transfer,174,9,0,Center/Greedy Agent,BLUE,BLUE,1,76,0,True
experimental_board_size_transfer,175,9,0,Center/Greedy Agent,RED,RED,1,67,0,True
experimental_board_size_transfer,176,9,0,Center/Greedy Agent,BLUE,BLUE,1,80,0,True
experimental_board_size_transfer,177,9,0,Center/Greedy Agent,RED,RED,1,61,0,True
experimental_board_size_transfer,178,9,0,Center/Greedy Agent,BLUE,BLUE,1,74,0,True
experimental_board_size_transfer,179,9,0,Center/Greedy Agent,RED,RED,1,63,0,True
experimental_board_size_transfer,180,9,0,Center/Greedy Agent,BLUE,BLUE,1,62,0,True
experimental_board_size_transfer,181,9,0,Center/Greedy Agent,RED,RED,1,59,0,True
experimental_board_size_transfer,182,9,0,Center/Greedy Agent,BLUE,BLUE,1,74,0,True
experimental_board_size_transfer,183,9,0,Center/Greedy Agent,RED,RED,1,67,0,True
experimental_board_size_transfer,184,9,0,Center/Greedy Agent,BLUE,BLUE,1,74,0,True
experimental_board_size_transfer,185,9,0,Center/Greedy Agent,RED,RED,1,79,0,True
experimental_board_size_transfer,186,9,0,Center/Greedy Agent,BLUE,BLUE,1,78,0,True
experimental_board_size_transfer,187,9,0,Center/Greedy Agent,RED,RED,1,61,0,True
experimental_board_size_transfer,188,9,0,Center/Greedy Agent,BLUE,BLUE,1,74,0,True
experimental_board_size_transfer,189,9,0,Center/Greedy Agent,RED,RED,1,75,0,True
experimental_board_size_transfer,190,9,0,Center/Greedy Agent,BLUE,BLUE,1,74,0,True
experimental_board_size_transfer,191,9,0,Center/Greedy Agent,RED,RED,1,77,0,True
experimental_board_size_transfer,192,9,0,Center/Greedy Agent,BLUE,RED,0,79,0,True
experimental_board_size_transfer,193,9,0,Center/Greedy Agent,RED,RED,1,71,0,True
experimental_board_size_transfer,194,9,0,Center/Greedy Agent,BLUE,BLUE,1,70,0,True
experimental_board_size_transfer,195,9,0,Center/Greedy Agent,RED,RED,1,61,0,True
experimental_board_size_transfer,196,9,0,Center/Greedy Agent,BLUE,BLUE,1,74,0,True
experimental_board_size_transfer,197,9,0,Center/Greedy Agent,RED,RED,1,57,0,True
experimental_board_size_transfer,198,9,0,Center/Greedy Agent,BLUE,BLUE,1,70,0,True
experimental_board_size_transfer,199,9,0,Center/Greedy Agent,RED,RED,1,65,0,True
experimental_board_size_transfer,200,9,0,Center/Greedy Agent,BLUE,BLUE,1,76,0,True
unseen_starting_positions,1,7,0,Random Agent,RED,RED,1,13,0,False
unseen_starting_positions,2,7,0,Random Agent,BLUE,BLUE,1,14,0,False
unseen_starting_positions,3,7,0,Random Agent,RED,RED,1,13,0,False
unseen_starting_positions,4,7,0,Random Agent,BLUE,BLUE,1,14,0,False
unseen_starting_positions,5,7,0,Random Agent,RED,RED,1,13,0,False
unseen_starting_positions,6,7,0,Random Agent,BLUE,BLUE,1,14,0,False
unseen_starting_positions,7,7,0,Random Agent,RED,BLUE,0,42,0,False
unseen_starting_positions,8,7,0,Random Agent,BLUE,BLUE,1,16,0,False
unseen_starting_positions,9,7,0,Random Agent,RED,RED,1,13,0,False
unseen_starting_positions,10,7,0,Random Agent,BLUE,BLUE,1,20,0,False
unseen_starting_positions,11,7,0,Random Agent,RED,RED,1,13,0,False
unseen_starting_positions,12,7,0,Random Agent,BLUE,BLUE,1,16,0,False
unseen_starting_positions,13,7,0,Random Agent,RED,RED,1,13,0,False
unseen_starting_positions,14,7,0,Random Agent,BLUE,BLUE,1,44,0,False
unseen_starting_positions,15,7,0,Random Agent,RED,RED,1,47,0,False
unseen_starting_positions,16,7,0,Random Agent,BLUE,BLUE,1,14,0,False
unseen_starting_positions,17,7,0,Random Agent,RED,RED,1,13,0,False
unseen_starting_positions,18,7,0,Random Agent,BLUE,BLUE,1,14,0,False
unseen_starting_positions,19,7,0,Random Agent,RED,RED,1,17,0,False
unseen_starting_positions,20,7,0,Random Agent,BLUE,BLUE,1,14,0,False
unseen_starting_positions,21,7,0,Random Agent,RED,RED,1,13,0,False
unseen_starting_positions,22,7,0,Random Agent,BLUE,RED,0,43,0,False
unseen_starting_positions,23,7,0,Random Agent,RED,RED,1,13,0,False
unseen_starting_positions,24,7,0,Random Agent,BLUE,BLUE,1,14,0,False
unseen_starting_positions,25,7,0,Random Agent,RED,RED,1,19,0,False
unseen_starting_positions,26,7,0,Random Agent,BLUE,RED,0,43,0,False
unseen_starting_positions,27,7,0,Random Agent,RED,RED,1,13,0,False
unseen_starting_positions,28,7,0,Random Agent,BLUE,BLUE,1,14,0,False
unseen_starting_positions,29,7,0,Random Agent,RED,RED,1,13,0,False
unseen_starting_positions,30,7,0,Random Agent,BLUE,BLUE,1,14,0,False
unseen_starting_positions,31,7,0,Random Agent,RED,RED,1,13,0,False
unseen_starting_positions,32,7,0,Random Agent,BLUE,RED,0,45,0,False
unseen_starting_positions,33,7,0,Random Agent,RED,RED,1,13,0,False
unseen_starting_positions,34,7,0,Random Agent,BLUE,BLUE,1,14,0,False
unseen_starting_positions,35,7,0,Random Agent,RED,RED,1,15,0,False
unseen_starting_positions,36,7,0,Random Agent,BLUE,BLUE,1,14,0,False
unseen_starting_positions,37,7,0,Random Agent,RED,RED,1,13,0,False
unseen_starting_positions,38,7,0,Random Agent,BLUE,BLUE,1,14,0,False
unseen_starting_positions,39,7,0,Random Agent,RED,RED,1,15,0,False
unseen_starting_positions,40,7,0,Random Agent,BLUE,BLUE,1,14,0,False
unseen_starting_positions,41,7,0,Random Agent,RED,RED,1,33,0,False
unseen_starting_positions,42,7,0,Random Agent,BLUE,BLUE,1,14,0,False
unseen_starting_positions,43,7,0,Random Agent,RED,RED,1,13,0,False
unseen_starting_positions,44,7,0,Random Agent,BLUE,BLUE,1,14,0,False
unseen_starting_positions,45,7,0,Random Agent,RED,RED,1,13,0,False
unseen_starting_positions,46,7,0,Random Agent,BLUE,BLUE,1,14,0,False
unseen_starting_positions,47,7,0,Random Agent,RED,RED,1,13,0,False
unseen_starting_positions,48,7,0,Random Agent,BLUE,BLUE,1,14,0,False
unseen_starting_positions,49,7,0,Random Agent,RED,RED,1,17,0,False
unseen_starting_positions,50,7,0,Random Agent,BLUE,BLUE,1,14,0,False
unseen_starting_positions,51,7,0,Random Agent,RED,RED,1,13,0,False
unseen_starting_positions,52,7,0,Random Agent,BLUE,RED,0,41,0,False
unseen_starting_positions,53,7,0,Random Agent,RED,RED,1,15,0,False
unseen_starting_positions,54,7,0,Random Agent,BLUE,BLUE,1,14,0,False
unseen_starting_positions,55,7,0,Random Agent,RED,RED,1,13,0,False
unseen_starting_positions,56,7,0,Random Agent,BLUE,BLUE,1,14,0,False
unseen_starting_positions,57,7,0,Random Agent,RED,RED,1,13,0,False
unseen_starting_positions,58,7,0,Random Agent,BLUE,BLUE,1,14,0,False
unseen_starting_positions,59,7,0,Random Agent,RED,RED,1,13,0,False
unseen_starting_positions,60,7,0,Random Agent,BLUE,BLUE,1,14,0,False
unseen_starting_positions,61,7,0,Random Agent,RED,RED,1,19,0,False
unseen_starting_positions,62,7,0,Random Agent,BLUE,BLUE,1,14,0,False
unseen_starting_positions,63,7,0,Random Agent,RED,RED,1,13,0,False
unseen_starting_positions,64,7,0,Random Agent,BLUE,BLUE,1,14,0,False
unseen_starting_positions,65,7,0,Random Agent,RED,RED,1,13,0,False
unseen_starting_positions,66,7,0,Random Agent,BLUE,BLUE,1,38,0,False
unseen_starting_positions,67,7,0,Random Agent,RED,RED,1,13,0,False
unseen_starting_positions,68,7,0,Random Agent,BLUE,BLUE,1,16,0,False
unseen_starting_positions,69,7,0,Random Agent,RED,RED,1,13,0,False
unseen_starting_positions,70,7,0,Random Agent,BLUE,BLUE,1,14,0,False
unseen_starting_positions,71,7,0,Random Agent,RED,RED,1,13,0,False
unseen_starting_positions,72,7,0,Random Agent,BLUE,BLUE,1,14,0,False
unseen_starting_positions,73,7,0,Random Agent,RED,RED,1,13,0,False
unseen_starting_positions,74,7,0,Random Agent,BLUE,BLUE,1,18,0,False
unseen_starting_positions,75,7,0,Random Agent,RED,RED,1,13,0,False
unseen_starting_positions,76,7,0,Random Agent,BLUE,BLUE,1,14,0,False
unseen_starting_positions,77,7,0,Random Agent,RED,RED,1,13,0,False
unseen_starting_positions,78,7,0,Random Agent,BLUE,BLUE,1,14,0,False
unseen_starting_positions,79,7,0,Random Agent,RED,RED,1,13,0,False
unseen_starting_positions,80,7,0,Random Agent,BLUE,BLUE,1,14,0,False
unseen_starting_positions,81,7,0,Random Agent,RED,RED,1,13,0,False
unseen_starting_positions,82,7,0,Random Agent,BLUE,BLUE,1,20,0,False
unseen_starting_positions,83,7,0,Random Agent,RED,RED,1,13,0,False
unseen_starting_positions,84,7,0,Random Agent,BLUE,BLUE,1,14,0,False
unseen_starting_positions,85,7,0,Random Agent,RED,RED,1,15,0,False
unseen_starting_positions,86,7,0,Random Agent,BLUE,BLUE,1,20,0,False
unseen_starting_positions,87,7,0,Random Agent,RED,RED,1,13,0,False
unseen_starting_positions,88,7,0,Random Agent,BLUE,BLUE,1,14,0,False
unseen_starting_positions,89,7,0,Random Agent,RED,RED,1,13,0,False
unseen_starting_positions,90,7,0,Random Agent,BLUE,BLUE,1,38,0,False
unseen_starting_positions,91,7,0,Random Agent,RED,RED,1,15,0,False
unseen_starting_positions,92,7,0,Random Agent,BLUE,BLUE,1,18,0,False
unseen_starting_positions,93,7,0,Random Agent,RED,RED,1,13,0,False
unseen_starting_positions,94,7,0,Random Agent,BLUE,BLUE,1,14,0,False
unseen_starting_positions,95,7,0,Random Agent,RED,RED,1,19,0,False
unseen_starting_positions,96,7,0,Random Agent,BLUE,BLUE,1,14,0,False
unseen_starting_positions,97,7,0,Random Agent,RED,RED,1,13,0,False
unseen_starting_positions,98,7,0,Random Agent,BLUE,BLUE,1,14,0,False
unseen_starting_positions,99,7,0,Random Agent,RED,RED,1,13,0,False
unseen_starting_positions,100,7,0,Random Agent,BLUE,BLUE,1,22,0,False
unseen_starting_positions,101,7,0,Random Agent,RED,RED,1,13,0,False
unseen_starting_positions,102,7,0,Random Agent,BLUE,BLUE,1,14,0,False
unseen_starting_positions,103,7,0,Random Agent,RED,RED,1,13,0,False
unseen_starting_positions,104,7,0,Random Agent,BLUE,BLUE,1,14,0,False
unseen_starting_positions,105,7,0,Random Agent,RED,RED,1,15,0,False
unseen_starting_positions,106,7,0,Random Agent,BLUE,BLUE,1,14,0,False
unseen_starting_positions,107,7,0,Random Agent,RED,RED,1,13,0,False
unseen_starting_positions,108,7,0,Random Agent,BLUE,BLUE,1,24,0,False
unseen_starting_positions,109,7,0,Random Agent,RED,RED,1,13,0,False
unseen_starting_positions,110,7,0,Random Agent,BLUE,BLUE,1,14,0,False
unseen_starting_positions,111,7,0,Random Agent,RED,RED,1,13,0,False
unseen_starting_positions,112,7,0,Random Agent,BLUE,BLUE,1,16,0,False
unseen_starting_positions,113,7,0,Random Agent,RED,RED,1,13,0,False
unseen_starting_positions,114,7,0,Random Agent,BLUE,RED,0,35,0,False
unseen_starting_positions,115,7,0,Random Agent,RED,RED,1,13,0,False
unseen_starting_positions,116,7,0,Random Agent,BLUE,BLUE,1,14,0,False
unseen_starting_positions,117,7,0,Random Agent,RED,RED,1,13,0,False
unseen_starting_positions,118,7,0,Random Agent,BLUE,BLUE,1,14,0,False
unseen_starting_positions,119,7,0,Random Agent,RED,RED,1,13,0,False
unseen_starting_positions,120,7,0,Random Agent,BLUE,BLUE,1,14,0,False
unseen_starting_positions,121,7,0,Random Agent,RED,RED,1,13,0,False
unseen_starting_positions,122,7,0,Random Agent,BLUE,BLUE,1,14,0,False
unseen_starting_positions,123,7,0,Random Agent,RED,RED,1,15,0,False
unseen_starting_positions,124,7,0,Random Agent,BLUE,BLUE,1,20,0,False
unseen_starting_positions,125,7,0,Random Agent,RED,RED,1,13,0,False
unseen_starting_positions,126,7,0,Random Agent,BLUE,BLUE,1,14,0,False
unseen_starting_positions,127,7,0,Random Agent,RED,BLUE,0,48,0,False
unseen_starting_positions,128,7,0,Random Agent,BLUE,BLUE,1,14,0,False
unseen_starting_positions,129,7,0,Random Agent,RED,RED,1,13,0,False
unseen_starting_positions,130,7,0,Random Agent,BLUE,BLUE,1,16,0,False
unseen_starting_positions,131,7,0,Random Agent,RED,RED,1,13,0,False
unseen_starting_positions,132,7,0,Random Agent,BLUE,BLUE,1,16,0,False
unseen_starting_positions,133,7,0,Random Agent,RED,RED,1,15,0,False
unseen_starting_positions,134,7,0,Random Agent,BLUE,BLUE,1,14,0,False
unseen_starting_positions,135,7,0,Random Agent,RED,RED,1,13,0,False
unseen_starting_positions,136,7,0,Random Agent,BLUE,BLUE,1,14,0,False
unseen_starting_positions,137,7,0,Random Agent,RED,RED,1,13,0,False
unseen_starting_positions,138,7,0,Random Agent,BLUE,BLUE,1,14,0,False
unseen_starting_positions,139,7,0,Random Agent,RED,RED,1,13,0,False
unseen_starting_positions,140,7,0,Random Agent,BLUE,BLUE,1,20,0,False
unseen_starting_positions,141,7,0,Random Agent,RED,RED,1,13,0,False
unseen_starting_positions,142,7,0,Random Agent,BLUE,BLUE,1,14,0,False
unseen_starting_positions,143,7,0,Random Agent,RED,RED,1,13,0,False
unseen_starting_positions,144,7,0,Random Agent,BLUE,RED,0,43,0,False
unseen_starting_positions,145,7,0,Random Agent,RED,RED,1,13,0,False
unseen_starting_positions,146,7,0,Random Agent,BLUE,BLUE,1,14,0,False
unseen_starting_positions,147,7,0,Random Agent,RED,RED,1,15,0,False
unseen_starting_positions,148,7,0,Random Agent,BLUE,BLUE,1,14,0,False
unseen_starting_positions,149,7,0,Random Agent,RED,RED,1,13,0,False
unseen_starting_positions,150,7,0,Random Agent,BLUE,BLUE,1,16,0,False
unseen_starting_positions,151,7,0,Random Agent,RED,RED,1,13,0,False
unseen_starting_positions,152,7,0,Random Agent,BLUE,BLUE,1,14,0,False
unseen_starting_positions,153,7,0,Random Agent,RED,RED,1,13,0,False
unseen_starting_positions,154,7,0,Random Agent,BLUE,BLUE,1,38,0,False
unseen_starting_positions,155,7,0,Random Agent,RED,RED,1,13,0,False
unseen_starting_positions,156,7,0,Random Agent,BLUE,BLUE,1,30,0,False
unseen_starting_positions,157,7,0,Random Agent,RED,RED,1,13,0,False
unseen_starting_positions,158,7,0,Random Agent,BLUE,RED,0,45,0,False
unseen_starting_positions,159,7,0,Random Agent,RED,BLUE,0,34,0,False
unseen_starting_positions,160,7,0,Random Agent,BLUE,BLUE,1,14,0,False
unseen_starting_positions,161,7,0,Random Agent,RED,RED,1,13,0,False
unseen_starting_positions,162,7,0,Random Agent,BLUE,BLUE,1,14,0,False
unseen_starting_positions,163,7,0,Random Agent,RED,RED,1,21,0,False
unseen_starting_positions,164,7,0,Random Agent,BLUE,BLUE,1,14,0,False
unseen_starting_positions,165,7,0,Random Agent,RED,RED,1,13,0,False
unseen_starting_positions,166,7,0,Random Agent,BLUE,BLUE,1,14,0,False
unseen_starting_positions,167,7,0,Random Agent,RED,RED,1,13,0,False
unseen_starting_positions,168,7,0,Random Agent,BLUE,BLUE,1,18,0,False
unseen_starting_positions,169,7,0,Random Agent,RED,RED,1,13,0,False
unseen_starting_positions,170,7,0,Random Agent,BLUE,BLUE,1,14,0,False
unseen_starting_positions,171,7,0,Random Agent,RED,RED,1,13,0,False
unseen_starting_positions,172,7,0,Random Agent,BLUE,BLUE,1,14,0,False
unseen_starting_positions,173,7,0,Random Agent,RED,RED,1,13,0,False
unseen_starting_positions,174,7,0,Random Agent,BLUE,RED,0,47,0,False
unseen_starting_positions,175,7,0,Random Agent,RED,RED,1,13,0,False
unseen_starting_positions,176,7,0,Random Agent,BLUE,BLUE,1,14,0,False
unseen_starting_positions,177,7,0,Random Agent,RED,RED,1,23,0,False
unseen_starting_positions,178,7,0,Random Agent,BLUE,BLUE,1,14,0,False
unseen_starting_positions,179,7,0,Random Agent,RED,RED,1,13,0,False
unseen_starting_positions,180,7,0,Random Agent,BLUE,BLUE,1,16,0,False
unseen_starting_positions,181,7,0,Random Agent,RED,RED,1,15,0,False
unseen_starting_positions,182,7,0,Random Agent,BLUE,BLUE,1,16,0,False
unseen_starting_positions,183,7,0,Random Agent,RED,RED,1,13,0,False
unseen_starting_positions,184,7,0,Random Agent,BLUE,BLUE,1,16,0,False
unseen_starting_positions,185,7,0,Random Agent,RED,RED,1,17,0,False
unseen_starting_positions,186,7,0,Random Agent,BLUE,BLUE,1,16,0,False
unseen_starting_positions,187,7,0,Random Agent,RED,RED,1,17,0,False
unseen_starting_positions,188,7,0,Random Agent,BLUE,BLUE,1,18,0,False
unseen_starting_positions,189,7,0,Random Agent,RED,RED,1,13,0,False
unseen_starting_positions,190,7,0,Random Agent,BLUE,BLUE,1,14,0,False
unseen_starting_positions,191,7,0,Random Agent,RED,RED,1,13,0,False
unseen_starting_positions,192,7,0,Random Agent,BLUE,BLUE,1,16,0,False
unseen_starting_positions,193,7,0,Random Agent,RED,RED,1,13,0,False
unseen_starting_positions,194,7,0,Random Agent,BLUE,BLUE,1,14,0,False
unseen_starting_positions,195,7,0,Random Agent,RED,RED,1,13,0,False
unseen_starting_positions,196,7,0,Random Agent,BLUE,BLUE,1,46,0,False
unseen_starting_positions,197,7,0,Random Agent,RED,RED,1,17,0,False
unseen_starting_positions,198,7,0,Random Agent,BLUE,BLUE,1,14,0,False
unseen_starting_positions,199,7,0,Random Agent,RED,RED,1,13,0,False
unseen_starting_positions,200,7,0,Random Agent,BLUE,BLUE,1,16,0,False
unseen_starting_positions,1,7,0,Center/Greedy Agent,RED,RED,1,13,0,False
unseen_starting_positions,2,7,0,Center/Greedy Agent,BLUE,BLUE,1,14,0,False
unseen_starting_positions,3,7,0,Center/Greedy Agent,RED,RED,1,13,0,False
unseen_starting_positions,4,7,0,Center/Greedy Agent,BLUE,BLUE,1,14,0,False
unseen_starting_positions,5,7,0,Center/Greedy Agent,RED,RED,1,13,0,False
unseen_starting_positions,6,7,0,Center/Greedy Agent,BLUE,BLUE,1,14,0,False
unseen_starting_positions,7,7,0,Center/Greedy Agent,RED,RED,1,13,0,False
unseen_starting_positions,8,7,0,Center/Greedy Agent,BLUE,BLUE,1,14,0,False
unseen_starting_positions,9,7,0,Center/Greedy Agent,RED,RED,1,13,0,False
unseen_starting_positions,10,7,0,Center/Greedy Agent,BLUE,BLUE,1,14,0,False
unseen_starting_positions,11,7,0,Center/Greedy Agent,RED,RED,1,13,0,False
unseen_starting_positions,12,7,0,Center/Greedy Agent,BLUE,BLUE,1,14,0,False
unseen_starting_positions,13,7,0,Center/Greedy Agent,RED,RED,1,13,0,False
unseen_starting_positions,14,7,0,Center/Greedy Agent,BLUE,BLUE,1,14,0,False
unseen_starting_positions,15,7,0,Center/Greedy Agent,RED,RED,1,13,0,False
unseen_starting_positions,16,7,0,Center/Greedy Agent,BLUE,BLUE,1,14,0,False
unseen_starting_positions,17,7,0,Center/Greedy Agent,RED,RED,1,13,0,False
unseen_starting_positions,18,7,0,Center/Greedy Agent,BLUE,BLUE,1,14,0,False
unseen_starting_positions,19,7,0,Center/Greedy Agent,RED,RED,1,13,0,False
unseen_starting_positions,20,7,0,Center/Greedy Agent,BLUE,BLUE,1,14,0,False
unseen_starting_positions,21,7,0,Center/Greedy Agent,RED,RED,1,13,0,False
unseen_starting_positions,22,7,0,Center/Greedy Agent,BLUE,BLUE,1,14,0,False
unseen_starting_positions,23,7,0,Center/Greedy Agent,RED,RED,1,13,0,False
unseen_starting_positions,24,7,0,Center/Greedy Agent,BLUE,BLUE,1,14,0,False
unseen_starting_positions,25,7,0,Center/Greedy Agent,RED,RED,1,13,0,False
unseen_starting_positions,26,7,0,Center/Greedy Agent,BLUE,BLUE,1,14,0,False
unseen_starting_positions,27,7,0,Center/Greedy Agent,RED,RED,1,13,0,False
unseen_starting_positions,28,7,0,Center/Greedy Agent,BLUE,BLUE,1,14,0,False
unseen_starting_positions,29,7,0,Center/Greedy Agent,RED,RED,1,13,0,False
unseen_starting_positions,30,7,0,Center/Greedy Agent,BLUE,BLUE,1,14,0,False
unseen_starting_positions,31,7,0,Center/Greedy Agent,RED,RED,1,13,0,False
unseen_starting_positions,32,7,0,Center/Greedy Agent,BLUE,BLUE,1,14,0,False
unseen_starting_positions,33,7,0,Center/Greedy Agent,RED,RED,1,13,0,False
unseen_starting_positions,34,7,0,Center/Greedy Agent,BLUE,BLUE,1,14,0,False
unseen_starting_positions,35,7,0,Center/Greedy Agent,RED,RED,1,13,0,False
unseen_starting_positions,36,7,0,Center/Greedy Agent,BLUE,BLUE,1,14,0,False
unseen_starting_positions,37,7,0,Center/Greedy Agent,RED,RED,1,13,0,False
unseen_starting_positions,38,7,0,Center/Greedy Agent,BLUE,BLUE,1,14,0,False
unseen_starting_positions,39,7,0,Center/Greedy Agent,RED,RED,1,13,0,False
unseen_starting_positions,40,7,0,Center/Greedy Agent,BLUE,BLUE,1,14,0,False
unseen_starting_positions,41,7,0,Center/Greedy Agent,RED,RED,1,13,0,False
unseen_starting_positions,42,7,0,Center/Greedy Agent,BLUE,BLUE,1,14,0,False
unseen_starting_positions,43,7,0,Center/Greedy Agent,RED,RED,1,13,0,False
unseen_starting_positions,44,7,0,Center/Greedy Agent,BLUE,BLUE,1,14,0,False
unseen_starting_positions,45,7,0,Center/Greedy Agent,RED,RED,1,13,0,False
unseen_starting_positions,46,7,0,Center/Greedy Agent,BLUE,BLUE,1,14,0,False
unseen_starting_positions,47,7,0,Center/Greedy Agent,RED,RED,1,13,0,False
unseen_starting_positions,48,7,0,Center/Greedy Agent,BLUE,BLUE,1,14,0,False
unseen_starting_positions,49,7,0,Center/Greedy Agent,RED,RED,1,13,0,False
unseen_starting_positions,50,7,0,Center/Greedy Agent,BLUE,BLUE,1,14,0,False
unseen_starting_positions,51,7,0,Center/Greedy Agent,RED,RED,1,13,0,False
unseen_starting_positions,52,7,0,Center/Greedy Agent,BLUE,BLUE,1,14,0,False
unseen_starting_positions,53,7,0,Center/Greedy Agent,RED,RED,1,13,0,False
unseen_starting_positions,54,7,0,Center/Greedy Agent,BLUE,BLUE,1,14,0,False
unseen_starting_positions,55,7,0,Center/Greedy Agent,RED,RED,1,13,0,False
unseen_starting_positions,56,7,0,Center/Greedy Agent,BLUE,BLUE,1,14,0,False
unseen_starting_positions,57,7,0,Center/Greedy Agent,RED,RED,1,13,0,False
unseen_starting_positions,58,7,0,Center/Greedy Agent,BLUE,BLUE,1,14,0,False
unseen_starting_positions,59,7,0,Center/Greedy Agent,RED,RED,1,13,0,False
unseen_starting_positions,60,7,0,Center/Greedy Agent,BLUE,BLUE,1,14,0,False
unseen_starting_positions,61,7,0,Center/Greedy Agent,RED,RED,1,13,0,False
unseen_starting_positions,62,7,0,Center/Greedy Agent,BLUE,BLUE,1,14,0,False
unseen_starting_positions,63,7,0,Center/Greedy Agent,RED,RED,1,13,0,False
unseen_starting_positions,64,7,0,Center/Greedy Agent,BLUE,BLUE,1,14,0,False
unseen_starting_positions,65,7,0,Center/Greedy Agent,RED,RED,1,13,0,False
unseen_starting_positions,66,7,0,Center/Greedy Agent,BLUE,BLUE,1,14,0,False
unseen_starting_positions,67,7,0,Center/Greedy Agent,RED,RED,1,13,0,False
unseen_starting_positions,68,7,0,Center/Greedy Agent,BLUE,BLUE,1,14,0,False
unseen_starting_positions,69,7,0,Center/Greedy Agent,RED,RED,1,13,0,False
unseen_starting_positions,70,7,0,Center/Greedy Agent,BLUE,BLUE,1,14,0,False
unseen_starting_positions,71,7,0,Center/Greedy Agent,RED,RED,1,13,0,False
unseen_starting_positions,72,7,0,Center/Greedy Agent,BLUE,BLUE,1,14,0,False
unseen_starting_positions,73,7,0,Center/Greedy Agent,RED,RED,1,13,0,False
unseen_starting_positions,74,7,0,Center/Greedy Agent,BLUE,BLUE,1,14,0,False
unseen_starting_positions,75,7,0,Center/Greedy Agent,RED,RED,1,13,0,False
unseen_starting_positions,76,7,0,Center/Greedy Agent,BLUE,BLUE,1,14,0,False
unseen_starting_positions,77,7,0,Center/Greedy Agent,RED,RED,1,13,0,False
unseen_starting_positions,78,7,0,Center/Greedy Agent,BLUE,BLUE,1,14,0,False
unseen_starting_positions,79,7,0,Center/Greedy Agent,RED,RED,1,13,0,False
unseen_starting_positions,80,7,0,Center/Greedy Agent,BLUE,BLUE,1,14,0,False
unseen_starting_positions,81,7,0,Center/Greedy Agent,RED,RED,1,13,0,False
unseen_starting_positions,82,7,0,Center/Greedy Agent,BLUE,BLUE,1,14,0,False
unseen_starting_positions,83,7,0,Center/Greedy Agent,RED,RED,1,13,0,False
unseen_starting_positions,84,7,0,Center/Greedy Agent,BLUE,BLUE,1,14,0,False
unseen_starting_positions,85,7,0,Center/Greedy Agent,RED,RED,1,13,0,False
unseen_starting_positions,86,7,0,Center/Greedy Agent,BLUE,BLUE,1,14,0,False
unseen_starting_positions,87,7,0,Center/Greedy Agent,RED,RED,1,13,0,False
unseen_starting_positions,88,7,0,Center/Greedy Agent,BLUE,BLUE,1,14,0,False
unseen_starting_positions,89,7,0,Center/Greedy Agent,RED,RED,1,13,0,False
unseen_starting_positions,90,7,0,Center/Greedy Agent,BLUE,BLUE,1,14,0,False
unseen_starting_positions,91,7,0,Center/Greedy Agent,RED,RED,1,13,0,False
unseen_starting_positions,92,7,0,Center/Greedy Agent,BLUE,BLUE,1,14,0,False
unseen_starting_positions,93,7,0,Center/Greedy Agent,RED,RED,1,13,0,False
unseen_starting_positions,94,7,0,Center/Greedy Agent,BLUE,BLUE,1,14,0,False
unseen_starting_positions,95,7,0,Center/Greedy Agent,RED,RED,1,13,0,False
unseen_starting_positions,96,7,0,Center/Greedy Agent,BLUE,BLUE,1,14,0,False
unseen_starting_positions,97,7,0,Center/Greedy Agent,RED,RED,1,13,0,False
unseen_starting_positions,98,7,0,Center/Greedy Agent,BLUE,BLUE,1,14,0,False
unseen_starting_positions,99,7,0,Center/Greedy Agent,RED,RED,1,13,0,False
unseen_starting_positions,100,7,0,Center/Greedy Agent,BLUE,BLUE,1,14,0,False
unseen_starting_positions,101,7,0,Center/Greedy Agent,RED,RED,1,13,0,False
unseen_starting_positions,102,7,0,Center/Greedy Agent,BLUE,BLUE,1,14,0,False
unseen_starting_positions,103,7,0,Center/Greedy Agent,RED,RED,1,13,0,False
unseen_starting_positions,104,7,0,Center/Greedy Agent,BLUE,BLUE,1,14,0,False
unseen_starting_positions,105,7,0,Center/Greedy Agent,RED,RED,1,13,0,False
unseen_starting_positions,106,7,0,Center/Greedy Agent,BLUE,BLUE,1,14,0,False
unseen_starting_positions,107,7,0,Center/Greedy Agent,RED,RED,1,13,0,False
unseen_starting_positions,108,7,0,Center/Greedy Agent,BLUE,BLUE,1,14,0,False
unseen_starting_positions,109,7,0,Center/Greedy Agent,RED,RED,1,13,0,False
unseen_starting_positions,110,7,0,Center/Greedy Agent,BLUE,BLUE,1,14,0,False
unseen_starting_positions,111,7,0,Center/Greedy Agent,RED,RED,1,13,0,False
unseen_starting_positions,112,7,0,Center/Greedy Agent,BLUE,BLUE,1,14,0,False
unseen_starting_positions,113,7,0,Center/Greedy Agent,RED,RED,1,13,0,False
unseen_starting_positions,114,7,0,Center/Greedy Agent,BLUE,BLUE,1,14,0,False
unseen_starting_positions,115,7,0,Center/Greedy Agent,RED,RED,1,13,0,False
unseen_starting_positions,116,7,0,Center/Greedy Agent,BLUE,BLUE,1,14,0,False
unseen_starting_positions,117,7,0,Center/Greedy Agent,RED,RED,1,13,0,False
unseen_starting_positions,118,7,0,Center/Greedy Agent,BLUE,BLUE,1,14,0,False
unseen_starting_positions,119,7,0,Center/Greedy Agent,RED,RED,1,13,0,False
unseen_starting_positions,120,7,0,Center/Greedy Agent,BLUE,BLUE,1,14,0,False
unseen_starting_positions,121,7,0,Center/Greedy Agent,RED,RED,1,13,0,False
unseen_starting_positions,122,7,0,Center/Greedy Agent,BLUE,BLUE,1,14,0,False
unseen_starting_positions,123,7,0,Center/Greedy Agent,RED,RED,1,13,0,False
unseen_starting_positions,124,7,0,Center/Greedy Agent,BLUE,BLUE,1,14,0,False
unseen_starting_positions,125,7,0,Center/Greedy Agent,RED,RED,1,13,0,False
unseen_starting_positions,126,7,0,Center/Greedy Agent,BLUE,BLUE,1,14,0,False
unseen_starting_positions,127,7,0,Center/Greedy Agent,RED,RED,1,13,0,False
unseen_starting_positions,128,7,0,Center/Greedy Agent,BLUE,BLUE,1,14,0,False
unseen_starting_positions,129,7,0,Center/Greedy Agent,RED,RED,1,13,0,False
unseen_starting_positions,130,7,0,Center/Greedy Agent,BLUE,BLUE,1,14,0,False
unseen_starting_positions,131,7,0,Center/Greedy Agent,RED,RED,1,13,0,False
unseen_starting_positions,132,7,0,Center/Greedy Agent,BLUE,BLUE,1,14,0,False
unseen_starting_positions,133,7,0,Center/Greedy Agent,RED,RED,1,13,0,False
unseen_starting_positions,134,7,0,Center/Greedy Agent,BLUE,BLUE,1,14,0,False
unseen_starting_positions,135,7,0,Center/Greedy Agent,RED,RED,1,13,0,False
unseen_starting_positions,136,7,0,Center/Greedy Agent,BLUE,BLUE,1,14,0,False
unseen_starting_positions,137,7,0,Center/Greedy Agent,RED,RED,1,13,0,False
unseen_starting_positions,138,7,0,Center/Greedy Agent,BLUE,BLUE,1,14,0,False
unseen_starting_positions,139,7,0,Center/Greedy Agent,RED,RED,1,13,0,False
unseen_starting_positions,140,7,0,Center/Greedy Agent,BLUE,BLUE,1,14,0,False
unseen_starting_positions,141,7,0,Center/Greedy Agent,RED,RED,1,13,0,False
unseen_starting_positions,142,7,0,Center/Greedy Agent,BLUE,BLUE,1,14,0,False
unseen_starting_positions,143,7,0,Center/Greedy Agent,RED,RED,1,13,0,False
unseen_starting_positions,144,7,0,Center/Greedy Agent,BLUE,BLUE,1,14,0,False
unseen_starting_positions,145,7,0,Center/Greedy Agent,RED,RED,1,13,0,False
unseen_starting_positions,146,7,0,Center/Greedy Agent,BLUE,BLUE,1,14,0,False
unseen_starting_positions,147,7,0,Center/Greedy Agent,RED,RED,1,13,0,False
unseen_starting_positions,148,7,0,Center/Greedy Agent,BLUE,BLUE,1,14,0,False
unseen_starting_positions,149,7,0,Center/Greedy Agent,RED,RED,1,13,0,False
unseen_starting_positions,150,7,0,Center/Greedy Agent,BLUE,BLUE,1,14,0,False
unseen_starting_positions,151,7,0,Center/Greedy Agent,RED,RED,1,13,0,False
unseen_starting_positions,152,7,0,Center/Greedy Agent,BLUE,BLUE,1,14,0,False
unseen_starting_positions,153,7,0,Center/Greedy Agent,RED,RED,1,13,0,False
unseen_starting_positions,154,7,0,Center/Greedy Agent,BLUE,BLUE,1,14,0,False
unseen_starting_positions,155,7,0,Center/Greedy Agent,RED,RED,1,13,0,False
unseen_starting_positions,156,7,0,Center/Greedy Agent,BLUE,BLUE,1,14,0,False
unseen_starting_positions,157,7,0,Center/Greedy Agent,RED,RED,1,13,0,False
unseen_starting_positions,158,7,0,Center/Greedy Agent,BLUE,BLUE,1,14,0,False
unseen_starting_positions,159,7,0,Center/Greedy Agent,RED,RED,1,13,0,False
unseen_starting_positions,160,7,0,Center/Greedy Agent,BLUE,BLUE,1,14,0,False
unseen_starting_positions,161,7,0,Center/Greedy Agent,RED,RED,1,13,0,False
unseen_starting_positions,162,7,0,Center/Greedy Agent,BLUE,BLUE,1,14,0,False
unseen_starting_positions,163,7,0,Center/Greedy Agent,RED,RED,1,13,0,False
unseen_starting_positions,164,7,0,Center/Greedy Agent,BLUE,BLUE,1,14,0,False
unseen_starting_positions,165,7,0,Center/Greedy Agent,RED,RED,1,13,0,False
unseen_starting_positions,166,7,0,Center/Greedy Agent,BLUE,BLUE,1,14,0,False
unseen_starting_positions,167,7,0,Center/Greedy Agent,RED,RED,1,13,0,False
unseen_starting_positions,168,7,0,Center/Greedy Agent,BLUE,BLUE,1,14,0,False
unseen_starting_positions,169,7,0,Center/Greedy Agent,RED,RED,1,13,0,False
unseen_starting_positions,170,7,0,Center/Greedy Agent,BLUE,BLUE,1,14,0,False
unseen_starting_positions,171,7,0,Center/Greedy Agent,RED,RED,1,13,0,False
unseen_starting_positions,172,7,0,Center/Greedy Agent,BLUE,BLUE,1,14,0,False
unseen_starting_positions,173,7,0,Center/Greedy Agent,RED,RED,1,13,0,False
unseen_starting_positions,174,7,0,Center/Greedy Agent,BLUE,BLUE,1,14,0,False
unseen_starting_positions,175,7,0,Center/Greedy Agent,RED,RED,1,13,0,False
unseen_starting_positions,176,7,0,Center/Greedy Agent,BLUE,BLUE,1,14,0,False
unseen_starting_positions,177,7,0,Center/Greedy Agent,RED,RED,1,13,0,False
unseen_starting_positions,178,7,0,Center/Greedy Agent,BLUE,BLUE,1,14,0,False
unseen_starting_positions,179,7,0,Center/Greedy Agent,RED,RED,1,13,0,False
unseen_starting_positions,180,7,0,Center/Greedy Agent,BLUE,BLUE,1,14,0,False
unseen_starting_positions,181,7,0,Center/Greedy Agent,RED,RED,1,13,0,False
unseen_starting_positions,182,7,0,Center/Greedy Agent,BLUE,BLUE,1,14,0,False
unseen_starting_positions,183,7,0,Center/Greedy Agent,RED,RED,1,13,0,False
unseen_starting_positions,184,7,0,Center/Greedy Agent,BLUE,BLUE,1,14,0,False
unseen_starting_positions,185,7,0,Center/Greedy Agent,RED,RED,1,13,0,False
unseen_starting_positions,186,7,0,Center/Greedy Agent,BLUE,BLUE,1,14,0,False
unseen_starting_positions,187,7,0,Center/Greedy Agent,RED,RED,1,13,0,False
unseen_starting_positions,188,7,0,Center/Greedy Agent,BLUE,BLUE,1,14,0,False
unseen_starting_positions,189,7,0,Center/Greedy Agent,RED,RED,1,13,0,False
unseen_starting_positions,190,7,0,Center/Greedy Agent,BLUE,BLUE,1,14,0,False
unseen_starting_positions,191,7,0,Center/Greedy Agent,RED,RED,1,13,0,False
unseen_starting_positions,192,7,0,Center/Greedy Agent,BLUE,BLUE,1,14,0,False
unseen_starting_positions,193,7,0,Center/Greedy Agent,RED,RED,1,13,0,False
unseen_starting_positions,194,7,0,Center/Greedy Agent,BLUE,BLUE,1,14,0,False
unseen_starting_positions,195,7,0,Center/Greedy Agent,RED,RED,1,13,0,False
unseen_starting_positions,196,7,0,Center/Greedy Agent,BLUE,BLUE,1,14,0,False
unseen_starting_positions,197,7,0,Center/Greedy Agent,RED,RED,1,13,0,False
unseen_starting_positions,198,7,0,Center/Greedy Agent,BLUE,BLUE,1,14,0,False
unseen_starting_positions,199,7,0,Center/Greedy Agent,RED,RED,1,13,0,False
unseen_starting_positions,200,7,0,Center/Greedy Agent,BLUE,BLUE,1,14,0,False
unseen_starting_positions,1,7,2,Random Agent,RED,RED,1,35,0,False
unseen_starting_positions,2,7,2,Random Agent,BLUE,BLUE,1,24,0,False
unseen_starting_positions,3,7,2,Random Agent,RED,RED,1,15,0,False
unseen_starting_positions,4,7,2,Random Agent,BLUE,BLUE,1,18,0,False
unseen_starting_positions,5,7,2,Random Agent,RED,RED,1,15,0,False
unseen_starting_positions,6,7,2,Random Agent,BLUE,BLUE,1,16,0,False
unseen_starting_positions,7,7,2,Random Agent,RED,RED,1,17,0,False
unseen_starting_positions,8,7,2,Random Agent,BLUE,BLUE,1,14,0,False
unseen_starting_positions,9,7,2,Random Agent,RED,RED,1,21,0,False
unseen_starting_positions,10,7,2,Random Agent,BLUE,BLUE,1,16,0,False
unseen_starting_positions,11,7,2,Random Agent,RED,RED,1,17,0,False
unseen_starting_positions,12,7,2,Random Agent,BLUE,RED,0,41,0,False
unseen_starting_positions,13,7,2,Random Agent,RED,RED,1,13,0,False
unseen_starting_positions,14,7,2,Random Agent,BLUE,BLUE,1,16,0,False
unseen_starting_positions,15,7,2,Random Agent,RED,RED,1,17,0,False
unseen_starting_positions,16,7,2,Random Agent,BLUE,BLUE,1,20,0,False
unseen_starting_positions,17,7,2,Random Agent,RED,RED,1,13,0,False
unseen_starting_positions,18,7,2,Random Agent,BLUE,BLUE,1,16,0,False
unseen_starting_positions,19,7,2,Random Agent,RED,BLUE,0,34,0,False
unseen_starting_positions,20,7,2,Random Agent,BLUE,BLUE,1,18,0,False
unseen_starting_positions,21,7,2,Random Agent,RED,RED,1,19,0,False
unseen_starting_positions,22,7,2,Random Agent,BLUE,BLUE,1,30,0,False
unseen_starting_positions,23,7,2,Random Agent,RED,RED,1,13,0,False
unseen_starting_positions,24,7,2,Random Agent,BLUE,RED,0,31,0,False
unseen_starting_positions,25,7,2,Random Agent,RED,RED,1,17,0,False
unseen_starting_positions,26,7,2,Random Agent,BLUE,BLUE,1,24,0,False
unseen_starting_positions,27,7,2,Random Agent,RED,RED,1,15,0,False
unseen_starting_positions,28,7,2,Random Agent,BLUE,BLUE,1,34,0,False
unseen_starting_positions,29,7,2,Random Agent,RED,RED,1,15,0,False
unseen_starting_positions,30,7,2,Random Agent,BLUE,BLUE,1,14,0,False
unseen_starting_positions,31,7,2,Random Agent,RED,RED,1,15,0,False
unseen_starting_positions,32,7,2,Random Agent,BLUE,BLUE,1,16,0,False
unseen_starting_positions,33,7,2,Random Agent,RED,RED,1,15,0,False
unseen_starting_positions,34,7,2,Random Agent,BLUE,RED,0,25,0,False
unseen_starting_positions,35,7,2,Random Agent,RED,RED,1,13,0,False
unseen_starting_positions,36,7,2,Random Agent,BLUE,BLUE,1,14,0,False
unseen_starting_positions,37,7,2,Random Agent,RED,BLUE,0,38,0,False
unseen_starting_positions,38,7,2,Random Agent,BLUE,BLUE,1,24,0,False
unseen_starting_positions,39,7,2,Random Agent,RED,RED,1,35,0,False
unseen_starting_positions,40,7,2,Random Agent,BLUE,BLUE,1,16,0,False
unseen_starting_positions,41,7,2,Random Agent,RED,RED,1,17,0,False
unseen_starting_positions,42,7,2,Random Agent,BLUE,BLUE,1,14,0,False
unseen_starting_positions,43,7,2,Random Agent,RED,RED,1,15,0,False
unseen_starting_positions,44,7,2,Random Agent,BLUE,BLUE,1,44,0,False
unseen_starting_positions,45,7,2,Random Agent,RED,RED,1,17,0,False
unseen_starting_positions,46,7,2,Random Agent,BLUE,BLUE,1,18,0,False
unseen_starting_positions,47,7,2,Random Agent,RED,RED,1,13,0,False
unseen_starting_positions,48,7,2,Random Agent,BLUE,BLUE,1,16,0,False
unseen_starting_positions,49,7,2,Random Agent,RED,RED,1,15,0,False
unseen_starting_positions,50,7,2,Random Agent,BLUE,BLUE,1,14,0,False
unseen_starting_positions,51,7,2,Random Agent,RED,RED,1,41,0,False
unseen_starting_positions,52,7,2,Random Agent,BLUE,BLUE,1,16,0,False
unseen_starting_positions,53,7,2,Random Agent,RED,RED,1,17,0,False
unseen_starting_positions,54,7,2,Random Agent,BLUE,BLUE,1,32,0,False
unseen_starting_positions,55,7,2,Random Agent,RED,RED,1,13,0,False
unseen_starting_positions,56,7,2,Random Agent,BLUE,BLUE,1,16,0,False
unseen_starting_positions,57,7,2,Random Agent,RED,RED,1,47,0,False
unseen_starting_positions,58,7,2,Random Agent,BLUE,BLUE,1,18,0,False
unseen_starting_positions,59,7,2,Random Agent,RED,RED,1,13,0,False
unseen_starting_positions,60,7,2,Random Agent,BLUE,BLUE,1,30,0,False
unseen_starting_positions,61,7,2,Random Agent,RED,RED,1,21,0,False
unseen_starting_positions,62,7,2,Random Agent,BLUE,BLUE,1,18,0,False
unseen_starting_positions,63,7,2,Random Agent,RED,RED,1,15,0,False
unseen_starting_positions,64,7,2,Random Agent,BLUE,BLUE,1,14,0,False
unseen_starting_positions,65,7,2,Random Agent,RED,RED,1,15,0,False
unseen_starting_positions,66,7,2,Random Agent,BLUE,BLUE,1,20,0,False
unseen_starting_positions,67,7,2,Random Agent,RED,RED,1,15,0,False
unseen_starting_positions,68,7,2,Random Agent,BLUE,BLUE,1,18,0,False
unseen_starting_positions,69,7,2,Random Agent,RED,RED,1,13,0,False
unseen_starting_positions,70,7,2,Random Agent,BLUE,BLUE,1,16,0,False
unseen_starting_positions,71,7,2,Random Agent,RED,RED,1,17,0,False
unseen_starting_positions,72,7,2,Random Agent,BLUE,BLUE,1,30,0,False
unseen_starting_positions,73,7,2,Random Agent,RED,BLUE,0,46,0,False
unseen_starting_positions,74,7,2,Random Agent,BLUE,BLUE,1,18,0,False
unseen_starting_positions,75,7,2,Random Agent,RED,RED,1,17,0,False
unseen_starting_positions,76,7,2,Random Agent,BLUE,BLUE,1,22,0,False
unseen_starting_positions,77,7,2,Random Agent,RED,RED,1,17,0,False
unseen_starting_positions,78,7,2,Random Agent,BLUE,BLUE,1,20,0,False
unseen_starting_positions,79,7,2,Random Agent,RED,RED,1,19,0,False
unseen_starting_positions,80,7,2,Random Agent,BLUE,BLUE,1,16,0,False
unseen_starting_positions,81,7,2,Random Agent,RED,RED,1,13,0,False
unseen_starting_positions,82,7,2,Random Agent,BLUE,BLUE,1,16,0,False
unseen_starting_positions,83,7,2,Random Agent,RED,RED,1,13,0,False
unseen_starting_positions,84,7,2,Random Agent,BLUE,BLUE,1,20,0,False
unseen_starting_positions,85,7,2,Random Agent,RED,RED,1,15,0,False
unseen_starting_positions,86,7,2,Random Agent,BLUE,BLUE,1,16,0,False
unseen_starting_positions,87,7,2,Random Agent,RED,BLUE,0,44,0,False
unseen_starting_positions,88,7,2,Random Agent,BLUE,BLUE,1,36,0,False
unseen_starting_positions,89,7,2,Random Agent,RED,RED,1,49,0,False
unseen_starting_positions,90,7,2,Random Agent,BLUE,BLUE,1,16,0,False
unseen_starting_positions,91,7,2,Random Agent,RED,RED,1,17,0,False
unseen_starting_positions,92,7,2,Random Agent,BLUE,BLUE,1,44,0,False
unseen_starting_positions,93,7,2,Random Agent,RED,RED,1,21,0,False
unseen_starting_positions,94,7,2,Random Agent,BLUE,BLUE,1,20,0,False
unseen_starting_positions,95,7,2,Random Agent,RED,RED,1,15,0,False
unseen_starting_positions,96,7,2,Random Agent,BLUE,BLUE,1,16,0,False
unseen_starting_positions,97,7,2,Random Agent,RED,RED,1,29,0,False
unseen_starting_positions,98,7,2,Random Agent,BLUE,BLUE,1,30,0,False
unseen_starting_positions,99,7,2,Random Agent,RED,RED,1,19,0,False
unseen_starting_positions,100,7,2,Random Agent,BLUE,BLUE,1,20,0,False
unseen_starting_positions,101,7,2,Random Agent,RED,RED,1,15,0,False
unseen_starting_positions,102,7,2,Random Agent,BLUE,BLUE,1,16,0,False
unseen_starting_positions,103,7,2,Random Agent,RED,RED,1,29,0,False
unseen_starting_positions,104,7,2,Random Agent,BLUE,BLUE,1,16,0,False
unseen_starting_positions,105,7,2,Random Agent,RED,RED,1,13,0,False
unseen_starting_positions,106,7,2,Random Agent,BLUE,BLUE,1,20,0,False
unseen_starting_positions,107,7,2,Random Agent,RED,RED,1,17,0,False
unseen_starting_positions,108,7,2,Random Agent,BLUE,BLUE,1,18,0,False
unseen_starting_positions,109,7,2,Random Agent,RED,RED,1,21,0,False
unseen_starting_positions,110,7,2,Random Agent,BLUE,BLUE,1,18,0,False
unseen_starting_positions,111,7,2,Random Agent,RED,RED,1,13,0,False
unseen_starting_positions,112,7,2,Random Agent,BLUE,BLUE,1,16,0,False
unseen_starting_positions,113,7,2,Random Agent,RED,RED,1,15,0,False
unseen_starting_positions,114,7,2,Random Agent,BLUE,BLUE,1,20,0,False
unseen_starting_positions,115,7,2,Random Agent,RED,RED,1,15,0,False
unseen_starting_positions,116,7,2,Random Agent,BLUE,RED,0,37,0,False
unseen_starting_positions,117,7,2,Random Agent,RED,RED,1,29,0,False
unseen_starting_positions,118,7,2,Random Agent,BLUE,RED,0,47,0,False
unseen_starting_positions,119,7,2,Random Agent,RED,RED,1,15,0,False
unseen_starting_positions,120,7,2,Random Agent,BLUE,BLUE,1,16,0,False
unseen_starting_positions,121,7,2,Random Agent,RED,RED,1,15,0,False
unseen_starting_positions,122,7,2,Random Agent,BLUE,BLUE,1,16,0,False
unseen_starting_positions,123,7,2,Random Agent,RED,RED,1,15,0,False
unseen_starting_positions,124,7,2,Random Agent,BLUE,BLUE,1,16,0,False
unseen_starting_positions,125,7,2,Random Agent,RED,RED,1,13,0,False
unseen_starting_positions,126,7,2,Random Agent,BLUE,BLUE,1,44,0,False
unseen_starting_positions,127,7,2,Random Agent,RED,RED,1,17,0,False
unseen_starting_positions,128,7,2,Random Agent,BLUE,BLUE,1,18,0,False
unseen_starting_positions,129,7,2,Random Agent,RED,RED,1,47,0,False
unseen_starting_positions,130,7,2,Random Agent,BLUE,BLUE,1,16,0,False
unseen_starting_positions,131,7,2,Random Agent,RED,RED,1,15,0,False
unseen_starting_positions,132,7,2,Random Agent,BLUE,BLUE,1,16,0,False
unseen_starting_positions,133,7,2,Random Agent,RED,RED,1,33,0,False
unseen_starting_positions,134,7,2,Random Agent,BLUE,BLUE,1,16,0,False
unseen_starting_positions,135,7,2,Random Agent,RED,RED,1,15,0,False
unseen_starting_positions,136,7,2,Random Agent,BLUE,BLUE,1,26,0,False
unseen_starting_positions,137,7,2,Random Agent,RED,RED,1,19,0,False
unseen_starting_positions,138,7,2,Random Agent,BLUE,BLUE,1,36,0,False
unseen_starting_positions,139,7,2,Random Agent,RED,RED,1,19,0,False
unseen_starting_positions,140,7,2,Random Agent,BLUE,BLUE,1,20,0,False
unseen_starting_positions,141,7,2,Random Agent,RED,RED,1,13,0,False
unseen_starting_positions,142,7,2,Random Agent,BLUE,BLUE,1,16,0,False
unseen_starting_positions,143,7,2,Random Agent,RED,RED,1,17,0,False
unseen_starting_positions,144,7,2,Random Agent,BLUE,BLUE,1,16,0,False
unseen_starting_positions,145,7,2,Random Agent,RED,RED,1,23,0,False
unseen_starting_positions,146,7,2,Random Agent,BLUE,BLUE,1,14,0,False
unseen_starting_positions,147,7,2,Random Agent,RED,RED,1,15,0,False
unseen_starting_positions,148,7,2,Random Agent,BLUE,BLUE,1,22,0,False
unseen_starting_positions,149,7,2,Random Agent,RED,RED,1,15,0,False
unseen_starting_positions,150,7,2,Random Agent,BLUE,BLUE,1,30,0,False
unseen_starting_positions,151,7,2,Random Agent,RED,RED,1,17,0,False
unseen_starting_positions,152,7,2,Random Agent,BLUE,BLUE,1,16,0,False
unseen_starting_positions,153,7,2,Random Agent,RED,RED,1,15,0,False
unseen_starting_positions,154,7,2,Random Agent,BLUE,BLUE,1,26,0,False
unseen_starting_positions,155,7,2,Random Agent,RED,RED,1,17,0,False
unseen_starting_positions,156,7,2,Random Agent,BLUE,BLUE,1,34,0,False
unseen_starting_positions,157,7,2,Random Agent,RED,RED,1,17,0,False
unseen_starting_positions,158,7,2,Random Agent,BLUE,BLUE,1,20,0,False
unseen_starting_positions,159,7,2,Random Agent,RED,RED,1,15,0,False
unseen_starting_positions,160,7,2,Random Agent,BLUE,BLUE,1,20,0,False
unseen_starting_positions,161,7,2,Random Agent,RED,RED,1,23,0,False
unseen_starting_positions,162,7,2,Random Agent,BLUE,BLUE,1,14,0,False
unseen_starting_positions,163,7,2,Random Agent,RED,RED,1,23,0,False
unseen_starting_positions,164,7,2,Random Agent,BLUE,BLUE,1,28,0,False
unseen_starting_positions,165,7,2,Random Agent,RED,RED,1,15,0,False
unseen_starting_positions,166,7,2,Random Agent,BLUE,BLUE,1,16,0,False
unseen_starting_positions,167,7,2,Random Agent,RED,RED,1,21,0,False
unseen_starting_positions,168,7,2,Random Agent,BLUE,BLUE,1,18,0,False
unseen_starting_positions,169,7,2,Random Agent,RED,RED,1,25,0,False
unseen_starting_positions,170,7,2,Random Agent,BLUE,BLUE,1,16,0,False
unseen_starting_positions,171,7,2,Random Agent,RED,RED,1,17,0,False
unseen_starting_positions,172,7,2,Random Agent,BLUE,BLUE,1,22,0,False
unseen_starting_positions,173,7,2,Random Agent,RED,RED,1,27,0,False
unseen_starting_positions,174,7,2,Random Agent,BLUE,BLUE,1,16,0,False
unseen_starting_positions,175,7,2,Random Agent,RED,RED,1,17,0,False
unseen_starting_positions,176,7,2,Random Agent,BLUE,BLUE,1,16,0,False
unseen_starting_positions,177,7,2,Random Agent,RED,RED,1,13,0,False
unseen_starting_positions,178,7,2,Random Agent,BLUE,BLUE,1,28,0,False
unseen_starting_positions,179,7,2,Random Agent,RED,RED,1,13,0,False
unseen_starting_positions,180,7,2,Random Agent,BLUE,BLUE,1,14,0,False
unseen_starting_positions,181,7,2,Random Agent,RED,RED,1,15,0,False
unseen_starting_positions,182,7,2,Random Agent,BLUE,BLUE,1,16,0,False
unseen_starting_positions,183,7,2,Random Agent,RED,RED,1,15,0,False
unseen_starting_positions,184,7,2,Random Agent,BLUE,BLUE,1,36,0,False
unseen_starting_positions,185,7,2,Random Agent,RED,BLUE,0,30,0,False
unseen_starting_positions,186,7,2,Random Agent,BLUE,BLUE,1,20,0,False
unseen_starting_positions,187,7,2,Random Agent,RED,RED,1,15,0,False
unseen_starting_positions,188,7,2,Random Agent,BLUE,BLUE,1,18,0,False
unseen_starting_positions,189,7,2,Random Agent,RED,RED,1,27,0,False
unseen_starting_positions,190,7,2,Random Agent,BLUE,BLUE,1,16,0,False
unseen_starting_positions,191,7,2,Random Agent,RED,RED,1,15,0,False
unseen_starting_positions,192,7,2,Random Agent,BLUE,BLUE,1,14,0,False
unseen_starting_positions,193,7,2,Random Agent,RED,RED,1,13,0,False
unseen_starting_positions,194,7,2,Random Agent,BLUE,BLUE,1,14,0,False
unseen_starting_positions,195,7,2,Random Agent,RED,RED,1,13,0,False
unseen_starting_positions,196,7,2,Random Agent,BLUE,RED,0,43,0,False
unseen_starting_positions,197,7,2,Random Agent,RED,RED,1,15,0,False
unseen_starting_positions,198,7,2,Random Agent,BLUE,BLUE,1,16,0,False
unseen_starting_positions,199,7,2,Random Agent,RED,RED,1,15,0,False
unseen_starting_positions,200,7,2,Random Agent,BLUE,BLUE,1,16,0,False
unseen_starting_positions,1,7,2,Center/Greedy Agent,RED,RED,1,19,0,False
unseen_starting_positions,2,7,2,Center/Greedy Agent,BLUE,BLUE,1,16,0,False
unseen_starting_positions,3,7,2,Center/Greedy Agent,RED,RED,1,13,0,False
unseen_starting_positions,4,7,2,Center/Greedy Agent,BLUE,BLUE,1,16,0,False
unseen_starting_positions,5,7,2,Center/Greedy Agent,RED,RED,1,15,0,False
unseen_starting_positions,6,7,2,Center/Greedy Agent,BLUE,BLUE,1,16,0,False
unseen_starting_positions,7,7,2,Center/Greedy Agent,RED,RED,1,13,0,False
unseen_starting_positions,8,7,2,Center/Greedy Agent,BLUE,BLUE,1,18,0,False
unseen_starting_positions,9,7,2,Center/Greedy Agent,RED,RED,1,15,0,False
unseen_starting_positions,10,7,2,Center/Greedy Agent,BLUE,BLUE,1,16,0,False
unseen_starting_positions,11,7,2,Center/Greedy Agent,RED,RED,1,15,0,False
unseen_starting_positions,12,7,2,Center/Greedy Agent,BLUE,BLUE,1,26,0,False
unseen_starting_positions,13,7,2,Center/Greedy Agent,RED,RED,1,13,0,False
unseen_starting_positions,14,7,2,Center/Greedy Agent,BLUE,BLUE,1,16,0,False
unseen_starting_positions,15,7,2,Center/Greedy Agent,RED,RED,1,21,0,False
unseen_starting_positions,16,7,2,Center/Greedy Agent,BLUE,BLUE,1,16,0,False
unseen_starting_positions,17,7,2,Center/Greedy Agent,RED,RED,1,13,0,False
unseen_starting_positions,18,7,2,Center/Greedy Agent,BLUE,BLUE,1,16,0,False
unseen_starting_positions,19,7,2,Center/Greedy Agent,RED,RED,1,15,0,False
unseen_starting_positions,20,7,2,Center/Greedy Agent,BLUE,BLUE,1,16,0,False
unseen_starting_positions,21,7,2,Center/Greedy Agent,RED,RED,1,23,0,False
unseen_starting_positions,22,7,2,Center/Greedy Agent,BLUE,BLUE,1,20,0,False
unseen_starting_positions,23,7,2,Center/Greedy Agent,RED,RED,1,13,0,False
unseen_starting_positions,24,7,2,Center/Greedy Agent,BLUE,BLUE,1,16,0,False
unseen_starting_positions,25,7,2,Center/Greedy Agent,RED,RED,1,15,0,False
unseen_starting_positions,26,7,2,Center/Greedy Agent,BLUE,RED,0,31,0,False
unseen_starting_positions,27,7,2,Center/Greedy Agent,RED,RED,1,15,0,False
unseen_starting_positions,28,7,2,Center/Greedy Agent,BLUE,BLUE,1,20,0,False
unseen_starting_positions,29,7,2,Center/Greedy Agent,RED,RED,1,15,0,False
unseen_starting_positions,30,7,2,Center/Greedy Agent,BLUE,BLUE,1,14,0,False
unseen_starting_positions,31,7,2,Center/Greedy Agent,RED,RED,1,15,0,False
unseen_starting_positions,32,7,2,Center/Greedy Agent,BLUE,BLUE,1,16,0,False
unseen_starting_positions,33,7,2,Center/Greedy Agent,RED,RED,1,15,0,False
unseen_starting_positions,34,7,2,Center/Greedy Agent,BLUE,BLUE,1,24,0,False
unseen_starting_positions,35,7,2,Center/Greedy Agent,RED,RED,1,13,0,False
unseen_starting_positions,36,7,2,Center/Greedy Agent,BLUE,BLUE,1,14,0,False
unseen_starting_positions,37,7,2,Center/Greedy Agent,RED,RED,1,15,0,False
unseen_starting_positions,38,7,2,Center/Greedy Agent,BLUE,BLUE,1,18,0,False
unseen_starting_positions,39,7,2,Center/Greedy Agent,RED,RED,1,15,0,False
unseen_starting_positions,40,7,2,Center/Greedy Agent,BLUE,BLUE,1,16,0,False
unseen_starting_positions,41,7,2,Center/Greedy Agent,RED,RED,1,15,0,False
unseen_starting_positions,42,7,2,Center/Greedy Agent,BLUE,BLUE,1,14,0,False
unseen_starting_positions,43,7,2,Center/Greedy Agent,RED,RED,1,17,0,False
unseen_starting_positions,44,7,2,Center/Greedy Agent,BLUE,BLUE,1,16,0,False
unseen_starting_positions,45,7,2,Center/Greedy Agent,RED,RED,1,21,0,False
unseen_starting_positions,46,7,2,Center/Greedy Agent,BLUE,BLUE,1,24,0,False
unseen_starting_positions,47,7,2,Center/Greedy Agent,RED,RED,1,13,0,False
unseen_starting_positions,48,7,2,Center/Greedy Agent,BLUE,BLUE,1,16,0,False
unseen_starting_positions,49,7,2,Center/Greedy Agent,RED,RED,1,15,0,False
unseen_starting_positions,50,7,2,Center/Greedy Agent,BLUE,BLUE,1,14,0,False
unseen_starting_positions,51,7,2,Center/Greedy Agent,RED,RED,1,21,0,False
unseen_starting_positions,52,7,2,Center/Greedy Agent,BLUE,BLUE,1,18,0,False
unseen_starting_positions,53,7,2,Center/Greedy Agent,RED,RED,1,15,0,False
unseen_starting_positions,54,7,2,Center/Greedy Agent,BLUE,BLUE,1,14,0,False
unseen_starting_positions,55,7,2,Center/Greedy Agent,RED,RED,1,13,0,False
unseen_starting_positions,56,7,2,Center/Greedy Agent,BLUE,BLUE,1,16,0,False
unseen_starting_positions,57,7,2,Center/Greedy Agent,RED,RED,1,19,0,False
unseen_starting_positions,58,7,2,Center/Greedy Agent,BLUE,BLUE,1,16,0,False
unseen_starting_positions,59,7,2,Center/Greedy Agent,RED,RED,1,13,0,False
unseen_starting_positions,60,7,2,Center/Greedy Agent,BLUE,BLUE,1,16,0,False
unseen_starting_positions,61,7,2,Center/Greedy Agent,RED,RED,1,15,0,False
unseen_starting_positions,62,7,2,Center/Greedy Agent,BLUE,BLUE,1,18,0,False
unseen_starting_positions,63,7,2,Center/Greedy Agent,RED,RED,1,15,0,False
unseen_starting_positions,64,7,2,Center/Greedy Agent,BLUE,BLUE,1,14,0,False
unseen_starting_positions,65,7,2,Center/Greedy Agent,RED,RED,1,15,0,False
unseen_starting_positions,66,7,2,Center/Greedy Agent,BLUE,BLUE,1,16,0,False
unseen_starting_positions,67,7,2,Center/Greedy Agent,RED,RED,1,15,0,False
unseen_starting_positions,68,7,2,Center/Greedy Agent,BLUE,BLUE,1,16,0,False
unseen_starting_positions,69,7,2,Center/Greedy Agent,RED,RED,1,13,0,False
unseen_starting_positions,70,7,2,Center/Greedy Agent,BLUE,BLUE,1,16,0,False
unseen_starting_positions,71,7,2,Center/Greedy Agent,RED,RED,1,15,0,False
unseen_starting_positions,72,7,2,Center/Greedy Agent,BLUE,BLUE,1,20,0,False
unseen_starting_positions,73,7,2,Center/Greedy Agent,RED,RED,1,17,0,False
unseen_starting_positions,74,7,2,Center/Greedy Agent,BLUE,BLUE,1,16,0,False
unseen_starting_positions,75,7,2,Center/Greedy Agent,RED,RED,1,29,0,False
unseen_starting_positions,76,7,2,Center/Greedy Agent,BLUE,BLUE,1,28,0,False
unseen_starting_positions,77,7,2,Center/Greedy Agent,RED,RED,1,33,0,False
unseen_starting_positions,78,7,2,Center/Greedy Agent,BLUE,BLUE,1,22,0,False
unseen_starting_positions,79,7,2,Center/Greedy Agent,RED,RED,1,23,0,False
unseen_starting_positions,80,7,2,Center/Greedy Agent,BLUE,BLUE,1,16,0,False
unseen_starting_positions,81,7,2,Center/Greedy Agent,RED,RED,1,13,0,False
unseen_starting_positions,82,7,2,Center/Greedy Agent,BLUE,BLUE,1,20,0,False
unseen_starting_positions,83,7,2,Center/Greedy Agent,RED,RED,1,13,0,False
unseen_starting_positions,84,7,2,Center/Greedy Agent,BLUE,BLUE,1,16,0,False
unseen_starting_positions,85,7,2,Center/Greedy Agent,RED,RED,1,15,0,False
unseen_starting_positions,86,7,2,Center/Greedy Agent,BLUE,BLUE,1,16,0,False
unseen_starting_positions,87,7,2,Center/Greedy Agent,RED,RED,1,17,0,False
unseen_starting_positions,88,7,2,Center/Greedy Agent,BLUE,BLUE,1,14,0,False
unseen_starting_positions,89,7,2,Center/Greedy Agent,RED,RED,1,15,0,False
unseen_starting_positions,90,7,2,Center/Greedy Agent,BLUE,BLUE,1,16,0,False
unseen_starting_positions,91,7,2,Center/Greedy Agent,RED,RED,1,15,0,False
unseen_starting_positions,92,7,2,Center/Greedy Agent,BLUE,BLUE,1,16,0,False
unseen_starting_positions,93,7,2,Center/Greedy Agent,RED,RED,1,13,0,False
unseen_starting_positions,94,7,2,Center/Greedy Agent,BLUE,BLUE,1,16,0,False
unseen_starting_positions,95,7,2,Center/Greedy Agent,RED,RED,1,15,0,False
unseen_starting_positions,96,7,2,Center/Greedy Agent,BLUE,BLUE,1,16,0,False
unseen_starting_positions,97,7,2,Center/Greedy Agent,RED,RED,1,15,0,False
unseen_starting_positions,98,7,2,Center/Greedy Agent,BLUE,BLUE,1,16,0,False
unseen_starting_positions,99,7,2,Center/Greedy Agent,RED,RED,1,15,0,False
unseen_starting_positions,100,7,2,Center/Greedy Agent,BLUE,BLUE,1,16,0,False
unseen_starting_positions,101,7,2,Center/Greedy Agent,RED,RED,1,15,0,False
unseen_starting_positions,102,7,2,Center/Greedy Agent,BLUE,BLUE,1,16,0,False
unseen_starting_positions,103,7,2,Center/Greedy Agent,RED,RED,1,21,0,False
unseen_starting_positions,104,7,2,Center/Greedy Agent,BLUE,BLUE,1,14,0,False
unseen_starting_positions,105,7,2,Center/Greedy Agent,RED,RED,1,13,0,False
unseen_starting_positions,106,7,2,Center/Greedy Agent,BLUE,BLUE,1,16,0,False
unseen_starting_positions,107,7,2,Center/Greedy Agent,RED,RED,1,19,0,False
unseen_starting_positions,108,7,2,Center/Greedy Agent,BLUE,BLUE,1,18,0,False
unseen_starting_positions,109,7,2,Center/Greedy Agent,RED,RED,1,15,0,False
unseen_starting_positions,110,7,2,Center/Greedy Agent,BLUE,BLUE,1,16,0,False
unseen_starting_positions,111,7,2,Center/Greedy Agent,RED,RED,1,13,0,False
unseen_starting_positions,112,7,2,Center/Greedy Agent,BLUE,BLUE,1,14,0,False
unseen_starting_positions,113,7,2,Center/Greedy Agent,RED,RED,1,15,0,False
unseen_starting_positions,114,7,2,Center/Greedy Agent,BLUE,BLUE,1,16,0,False
unseen_starting_positions,115,7,2,Center/Greedy Agent,RED,RED,1,17,0,False
unseen_starting_positions,116,7,2,Center/Greedy Agent,BLUE,BLUE,1,16,0,False
unseen_starting_positions,117,7,2,Center/Greedy Agent,RED,RED,1,23,0,False
unseen_starting_positions,118,7,2,Center/Greedy Agent,BLUE,BLUE,1,18,0,False
unseen_starting_positions,119,7,2,Center/Greedy Agent,RED,RED,1,15,0,False
unseen_starting_positions,120,7,2,Center/Greedy Agent,BLUE,BLUE,1,16,0,False
unseen_starting_positions,121,7,2,Center/Greedy Agent,RED,RED,1,21,0,False
unseen_starting_positions,122,7,2,Center/Greedy Agent,BLUE,BLUE,1,16,0,False
unseen_starting_positions,123,7,2,Center/Greedy Agent,RED,RED,1,17,0,False
unseen_starting_positions,124,7,2,Center/Greedy Agent,BLUE,BLUE,1,18,0,False
unseen_starting_positions,125,7,2,Center/Greedy Agent,RED,RED,1,13,0,False
unseen_starting_positions,126,7,2,Center/Greedy Agent,BLUE,BLUE,1,18,0,False
unseen_starting_positions,127,7,2,Center/Greedy Agent,RED,RED,1,19,0,False
unseen_starting_positions,128,7,2,Center/Greedy Agent,BLUE,BLUE,1,16,0,False
unseen_starting_positions,129,7,2,Center/Greedy Agent,RED,RED,1,17,0,False
unseen_starting_positions,130,7,2,Center/Greedy Agent,BLUE,BLUE,1,16,0,False
unseen_starting_positions,131,7,2,Center/Greedy Agent,RED,RED,1,15,0,False
unseen_starting_positions,132,7,2,Center/Greedy Agent,BLUE,BLUE,1,16,0,False
unseen_starting_positions,133,7,2,Center/Greedy Agent,RED,RED,1,15,0,False
unseen_starting_positions,134,7,2,Center/Greedy Agent,BLUE,BLUE,1,16,0,False
unseen_starting_positions,135,7,2,Center/Greedy Agent,RED,RED,1,17,0,False
unseen_starting_positions,136,7,2,Center/Greedy Agent,BLUE,BLUE,1,16,0,False
unseen_starting_positions,137,7,2,Center/Greedy Agent,RED,RED,1,17,0,False
unseen_starting_positions,138,7,2,Center/Greedy Agent,BLUE,BLUE,1,26,0,False
unseen_starting_positions,139,7,2,Center/Greedy Agent,RED,RED,1,19,0,False
unseen_starting_positions,140,7,2,Center/Greedy Agent,BLUE,BLUE,1,16,0,False
unseen_starting_positions,141,7,2,Center/Greedy Agent,RED,RED,1,13,0,False
unseen_starting_positions,142,7,2,Center/Greedy Agent,BLUE,BLUE,1,16,0,False
unseen_starting_positions,143,7,2,Center/Greedy Agent,RED,RED,1,15,0,False
unseen_starting_positions,144,7,2,Center/Greedy Agent,BLUE,RED,0,41,0,False
unseen_starting_positions,145,7,2,Center/Greedy Agent,RED,RED,1,17,0,False
unseen_starting_positions,146,7,2,Center/Greedy Agent,BLUE,BLUE,1,14,0,False
unseen_starting_positions,147,7,2,Center/Greedy Agent,RED,RED,1,21,0,False
unseen_starting_positions,148,7,2,Center/Greedy Agent,BLUE,BLUE,1,18,0,False
unseen_starting_positions,149,7,2,Center/Greedy Agent,RED,RED,1,13,0,False
unseen_starting_positions,150,7,2,Center/Greedy Agent,BLUE,BLUE,1,14,0,False
unseen_starting_positions,151,7,2,Center/Greedy Agent,RED,RED,1,15,0,False
unseen_starting_positions,152,7,2,Center/Greedy Agent,BLUE,BLUE,1,18,0,False
unseen_starting_positions,153,7,2,Center/Greedy Agent,RED,RED,1,15,0,False
unseen_starting_positions,154,7,2,Center/Greedy Agent,BLUE,BLUE,1,16,0,False
unseen_starting_positions,155,7,2,Center/Greedy Agent,RED,RED,1,15,0,False
unseen_starting_positions,156,7,2,Center/Greedy Agent,BLUE,BLUE,1,16,0,False
unseen_starting_positions,157,7,2,Center/Greedy Agent,RED,RED,1,15,0,False
unseen_starting_positions,158,7,2,Center/Greedy Agent,BLUE,BLUE,1,16,0,False
unseen_starting_positions,159,7,2,Center/Greedy Agent,RED,RED,1,15,0,False
unseen_starting_positions,160,7,2,Center/Greedy Agent,BLUE,BLUE,1,16,0,False
unseen_starting_positions,161,7,2,Center/Greedy Agent,RED,RED,1,15,0,False
unseen_starting_positions,162,7,2,Center/Greedy Agent,BLUE,BLUE,1,14,0,False
unseen_starting_positions,163,7,2,Center/Greedy Agent,RED,RED,1,25,0,False
unseen_starting_positions,164,7,2,Center/Greedy Agent,BLUE,BLUE,1,22,0,False
unseen_starting_positions,165,7,2,Center/Greedy Agent,RED,RED,1,15,0,False
unseen_starting_positions,166,7,2,Center/Greedy Agent,BLUE,BLUE,1,16,0,False
unseen_starting_positions,167,7,2,Center/Greedy Agent,RED,RED,1,15,0,False
unseen_starting_positions,168,7,2,Center/Greedy Agent,BLUE,BLUE,1,16,0,False
unseen_starting_positions,169,7,2,Center/Greedy Agent,RED,RED,1,15,0,False
unseen_starting_positions,170,7,2,Center/Greedy Agent,BLUE,BLUE,1,14,0,False
unseen_starting_positions,171,7,2,Center/Greedy Agent,RED,RED,1,15,0,False
unseen_starting_positions,172,7,2,Center/Greedy Agent,BLUE,BLUE,1,16,0,False
unseen_starting_positions,173,7,2,Center/Greedy Agent,RED,RED,1,19,0,False
unseen_starting_positions,174,7,2,Center/Greedy Agent,BLUE,BLUE,1,16,0,False
unseen_starting_positions,175,7,2,Center/Greedy Agent,RED,RED,1,17,0,False
unseen_starting_positions,176,7,2,Center/Greedy Agent,BLUE,BLUE,1,22,0,False
unseen_starting_positions,177,7,2,Center/Greedy Agent,RED,RED,1,13,0,False
unseen_starting_positions,178,7,2,Center/Greedy Agent,BLUE,BLUE,1,14,0,False
unseen_starting_positions,179,7,2,Center/Greedy Agent,RED,RED,1,13,0,False
unseen_starting_positions,180,7,2,Center/Greedy Agent,BLUE,BLUE,1,14,0,False
unseen_starting_positions,181,7,2,Center/Greedy Agent,RED,RED,1,15,0,False
unseen_starting_positions,182,7,2,Center/Greedy Agent,BLUE,BLUE,1,18,0,False
unseen_starting_positions,183,7,2,Center/Greedy Agent,RED,RED,1,15,0,False
unseen_starting_positions,184,7,2,Center/Greedy Agent,BLUE,BLUE,1,16,0,False
unseen_starting_positions,185,7,2,Center/Greedy Agent,RED,RED,1,13,0,False
unseen_starting_positions,186,7,2,Center/Greedy Agent,BLUE,BLUE,1,16,0,False
unseen_starting_positions,187,7,2,Center/Greedy Agent,RED,RED,1,15,0,False
unseen_starting_positions,188,7,2,Center/Greedy Agent,BLUE,BLUE,1,16,0,False
unseen_starting_positions,189,7,2,Center/Greedy Agent,RED,RED,1,17,0,False
unseen_starting_positions,190,7,2,Center/Greedy Agent,BLUE,BLUE,1,16,0,False
unseen_starting_positions,191,7,2,Center/Greedy Agent,RED,RED,1,15,0,False
unseen_starting_positions,192,7,2,Center/Greedy Agent,BLUE,BLUE,1,14,0,False
unseen_starting_positions,193,7,2,Center/Greedy Agent,RED,RED,1,13,0,False
unseen_starting_positions,194,7,2,Center/Greedy Agent,BLUE,BLUE,1,14,0,False
unseen_starting_positions,195,7,2,Center/Greedy Agent,RED,RED,1,13,0,False
unseen_starting_positions,196,7,2,Center/Greedy Agent,BLUE,BLUE,1,16,0,False
unseen_starting_positions,197,7,2,Center/Greedy Agent,RED,RED,1,15,0,False
unseen_starting_positions,198,7,2,Center/Greedy Agent,BLUE,BLUE,1,14,0,False
unseen_starting_positions,199,7,2,Center/Greedy Agent,RED,RED,1,15,0,False
unseen_starting_positions,200,7,2,Center/Greedy Agent,BLUE,BLUE,1,14,0,False
unseen_starting_positions,1,7,4,Random Agent,RED,RED,1,13,0,False
unseen_starting_positions,2,7,4,Random Agent,BLUE,BLUE,1,22,0,False
unseen_starting_positions,3,7,4,Random Agent,RED,RED,1,19,0,False
unseen_starting_positions,4,7,4,Random Agent,BLUE,RED,0,33,0,False
unseen_starting_positions,5,7,4,Random Agent,RED,RED,1,15,0,False
unseen_starting_positions,6,7,4,Random Agent,BLUE,BLUE,1,22,0,False
unseen_starting_positions,7,7,4,Random Agent,RED,RED,1,19,0,False
unseen_starting_positions,8,7,4,Random Agent,BLUE,BLUE,1,16,0,False
unseen_starting_positions,9,7,4,Random Agent,RED,RED,1,19,0,False
unseen_starting_positions,10,7,4,Random Agent,BLUE,BLUE,1,18,0,False
unseen_starting_positions,11,7,4,Random Agent,RED,RED,1,19,0,False
unseen_starting_positions,12,7,4,Random Agent,BLUE,RED,0,47,0,False
unseen_starting_positions,13,7,4,Random Agent,RED,RED,1,17,0,False
unseen_starting_positions,14,7,4,Random Agent,BLUE,BLUE,1,22,0,False
unseen_starting_positions,15,7,4,Random Agent,RED,RED,1,15,0,False
unseen_starting_positions,16,7,4,Random Agent,BLUE,BLUE,1,48,0,False
unseen_starting_positions,17,7,4,Random Agent,RED,RED,1,15,0,False
unseen_starting_positions,18,7,4,Random Agent,BLUE,RED,0,39,0,False
unseen_starting_positions,19,7,4,Random Agent,RED,RED,1,17,0,False
unseen_starting_positions,20,7,4,Random Agent,BLUE,BLUE,1,28,0,False
unseen_starting_positions,21,7,4,Random Agent,RED,BLUE,0,44,0,False
unseen_starting_positions,22,7,4,Random Agent,BLUE,BLUE,1,22,0,False
unseen_starting_positions,23,7,4,Random Agent,RED,RED,1,15,0,False
unseen_starting_positions,24,7,4,Random Agent,BLUE,BLUE,1,24,0,False
unseen_starting_positions,25,7,4,Random Agent,RED,RED,1,17,0,False
unseen_starting_positions,26,7,4,Random Agent,BLUE,BLUE,1,42,0,False
unseen_starting_positions,27,7,4,Random Agent,RED,RED,1,17,0,False
unseen_starting_positions,28,7,4,Random Agent,BLUE,BLUE,1,24,0,False
unseen_starting_positions,29,7,4,Random Agent,RED,RED,1,23,0,False
unseen_starting_positions,30,7,4,Random Agent,BLUE,BLUE,1,16,0,False
unseen_starting_positions,31,7,4,Random Agent,RED,RED,1,21,0,False
unseen_starting_positions,32,7,4,Random Agent,BLUE,BLUE,1,44,0,False
unseen_starting_positions,33,7,4,Random Agent,RED,RED,1,25,0,False
unseen_starting_positions,34,7,4,Random Agent,BLUE,BLUE,1,18,0,False
unseen_starting_positions,35,7,4,Random Agent,RED,RED,1,17,0,False
unseen_starting_positions,36,7,4,Random Agent,BLUE,BLUE,1,36,0,False
unseen_starting_positions,37,7,4,Random Agent,RED,RED,1,17,0,False
unseen_starting_positions,38,7,4,Random Agent,BLUE,RED,0,37,0,False
unseen_starting_positions,39,7,4,Random Agent,RED,RED,1,15,0,False
unseen_starting_positions,40,7,4,Random Agent,BLUE,BLUE,1,20,0,False
unseen_starting_positions,41,7,4,Random Agent,RED,RED,1,19,0,False
unseen_starting_positions,42,7,4,Random Agent,BLUE,RED,0,39,0,False
unseen_starting_positions,43,7,4,Random Agent,RED,RED,1,17,0,False
unseen_starting_positions,44,7,4,Random Agent,BLUE,BLUE,1,20,0,False
unseen_starting_positions,45,7,4,Random Agent,RED,RED,1,49,0,False
unseen_starting_positions,46,7,4,Random Agent,BLUE,BLUE,1,18,0,False
unseen_starting_positions,47,7,4,Random Agent,RED,RED,1,15,0,False
unseen_starting_positions,48,7,4,Random Agent,BLUE,BLUE,1,18,0,False
unseen_starting_positions,49,7,4,Random Agent,RED,RED,1,17,0,False
unseen_starting_positions,50,7,4,Random Agent,BLUE,BLUE,1,20,0,False
unseen_starting_positions,51,7,4,Random Agent,RED,RED,1,15,0,False
unseen_starting_positions,52,7,4,Random Agent,BLUE,BLUE,1,26,0,False
unseen_starting_positions,53,7,4,Random Agent,RED,RED,1,15,0,False
unseen_starting_positions,54,7,4,Random Agent,BLUE,BLUE,1,48,0,False
unseen_starting_positions,55,7,4,Random Agent,RED,RED,1,29,0,False
unseen_starting_positions,56,7,4,Random Agent,BLUE,BLUE,1,44,0,False
unseen_starting_positions,57,7,4,Random Agent,RED,RED,1,21,0,False
unseen_starting_positions,58,7,4,Random Agent,BLUE,BLUE,1,22,0,False
unseen_starting_positions,59,7,4,Random Agent,RED,RED,1,15,0,False
unseen_starting_positions,60,7,4,Random Agent,BLUE,BLUE,1,22,0,False
unseen_starting_positions,61,7,4,Random Agent,RED,RED,1,15,0,False
unseen_starting_positions,62,7,4,Random Agent,BLUE,BLUE,1,42,0,False
unseen_starting_positions,63,7,4,Random Agent,RED,RED,1,43,0,False
unseen_starting_positions,64,7,4,Random Agent,BLUE,BLUE,1,20,0,False
unseen_starting_positions,65,7,4,Random Agent,RED,RED,1,15,0,False
unseen_starting_positions,66,7,4,Random Agent,BLUE,BLUE,1,40,0,False
unseen_starting_positions,67,7,4,Random Agent,RED,RED,1,27,0,False
unseen_starting_positions,68,7,4,Random Agent,BLUE,RED,0,25,0,False
unseen_starting_positions,69,7,4,Random Agent,RED,RED,1,17,0,False
unseen_starting_positions,70,7,4,Random Agent,BLUE,BLUE,1,34,0,False
unseen_starting_positions,71,7,4,Random Agent,RED,RED,1,19,0,False
unseen_starting_positions,72,7,4,Random Agent,BLUE,BLUE,1,16,0,False
unseen_starting_positions,73,7,4,Random Agent,RED,RED,1,19,0,False
unseen_starting_positions,74,7,4,Random Agent,BLUE,RED,0,39,0,False
unseen_starting_positions,75,7,4,Random Agent,RED,RED,1,17,0,False
unseen_starting_positions,76,7,4,Random Agent,BLUE,BLUE,1,18,0,False
unseen_starting_positions,77,7,4,Random Agent,RED,RED,1,17,0,False
unseen_starting_positions,78,7,4,Random Agent,BLUE,BLUE,1,18,0,False
unseen_starting_positions,79,7,4,Random Agent,RED,RED,1,15,0,False
unseen_starting_positions,80,7,4,Random Agent,BLUE,BLUE,1,38,0,False
unseen_starting_positions,81,7,4,Random Agent,RED,RED,1,17,0,False
unseen_starting_positions,82,7,4,Random Agent,BLUE,BLUE,1,20,0,False
unseen_starting_positions,83,7,4,Random Agent,RED,RED,1,23,0,False
unseen_starting_positions,84,7,4,Random Agent,BLUE,BLUE,1,18,0,False
unseen_starting_positions,85,7,4,Random Agent,RED,BLUE,0,48,0,False
unseen_starting_positions,86,7,4,Random Agent,BLUE,BLUE,1,26,0,False
unseen_starting_positions,87,7,4,Random Agent,RED,RED,1,19,0,False
unseen_starting_positions,88,7,4,Random Agent,BLUE,BLUE,1,22,0,False
unseen_starting_positions,89,7,4,Random Agent,RED,RED,1,15,0,False
unseen_starting_positions,90,7,4,Random Agent,BLUE,BLUE,1,22,0,False
unseen_starting_positions,91,7,4,Random Agent,RED,RED,1,19,0,False
unseen_starting_positions,92,7,4,Random Agent,BLUE,BLUE,1,18,0,False
unseen_starting_positions,93,7,4,Random Agent,RED,RED,1,35,0,False
unseen_starting_positions,94,7,4,Random Agent,BLUE,BLUE,1,44,0,False
unseen_starting_positions,95,7,4,Random Agent,RED,RED,1,17,0,False
unseen_starting_positions,96,7,4,Random Agent,BLUE,BLUE,1,44,0,False
unseen_starting_positions,97,7,4,Random Agent,RED,RED,1,27,0,False
unseen_starting_positions,98,7,4,Random Agent,BLUE,BLUE,1,18,0,False
unseen_starting_positions,99,7,4,Random Agent,RED,RED,1,17,0,False
unseen_starting_positions,100,7,4,Random Agent,BLUE,BLUE,1,16,0,False
unseen_starting_positions,101,7,4,Random Agent,RED,RED,1,31,0,False
unseen_starting_positions,102,7,4,Random Agent,BLUE,BLUE,1,16,0,False
unseen_starting_positions,103,7,4,Random Agent,RED,BLUE,0,44,0,False
unseen_starting_positions,104,7,4,Random Agent,BLUE,BLUE,1,46,0,False
unseen_starting_positions,105,7,4,Random Agent,RED,RED,1,17,0,False
unseen_starting_positions,106,7,4,Random Agent,BLUE,BLUE,1,18,0,False
unseen_starting_positions,107,7,4,Random Agent,RED,RED,1,19,0,False
unseen_starting_positions,108,7,4,Random Agent,BLUE,BLUE,1,18,0,False
unseen_starting_positions,109,7,4,Random Agent,RED,RED,1,23,0,False
unseen_starting_positions,110,7,4,Random Agent,BLUE,BLUE,1,18,0,False
unseen_starting_positions,111,7,4,Random Agent,RED,RED,1,17,0,False
unseen_starting_positions,112,7,4,Random Agent,BLUE,BLUE,1,16,0,False
unseen_starting_positions,113,7,4,Random Agent,RED,RED,1,21,0,False
unseen_starting_positions,114,7,4,Random Agent,BLUE,BLUE,1,16,0,False
unseen_starting_positions,115,7,4,Random Agent,RED,RED,1,15,0,False
unseen_starting_positions,116,7,4,Random Agent,BLUE,BLUE,1,28,0,False
unseen_starting_positions,117,7,4,Random Agent,RED,RED,1,21,0,False
unseen_starting_positions,118,7,4,Random Agent,BLUE,BLUE,1,16,0,False
unseen_starting_positions,119,7,4,Random Agent,RED,RED,1,21,0,False
unseen_starting_positions,120,7,4,Random Agent,BLUE,BLUE,1,22,0,False
unseen_starting_positions,121,7,4,Random Agent,RED,RED,1,15,0,False
unseen_starting_positions,122,7,4,Random Agent,BLUE,BLUE,1,18,0,False
unseen_starting_positions,123,7,4,Random Agent,RED,RED,1,19,0,False
unseen_starting_positions,124,7,4,Random Agent,BLUE,RED,0,49,0,False
unseen_starting_positions,125,7,4,Random Agent,RED,RED,1,27,0,False
unseen_starting_positions,126,7,4,Random Agent,BLUE,BLUE,1,18,0,False
unseen_starting_positions,127,7,4,Random Agent,RED,RED,1,19,0,False
unseen_starting_positions,128,7,4,Random Agent,BLUE,BLUE,1,38,0,False
unseen_starting_positions,129,7,4,Random Agent,RED,RED,1,17,0,False
unseen_starting_positions,130,7,4,Random Agent,BLUE,BLUE,1,26,0,False
unseen_starting_positions,131,7,4,Random Agent,RED,RED,1,17,0,False
unseen_starting_positions,132,7,4,Random Agent,BLUE,BLUE,1,48,0,False
unseen_starting_positions,133,7,4,Random Agent,RED,BLUE,0,48,0,False
unseen_starting_positions,134,7,4,Random Agent,BLUE,BLUE,1,14,0,False
unseen_starting_positions,135,7,4,Random Agent,RED,RED,1,19,0,False
unseen_starting_positions,136,7,4,Random Agent,BLUE,BLUE,1,16,0,False
unseen_starting_positions,137,7,4,Random Agent,RED,RED,1,15,0,False
unseen_starting_positions,138,7,4,Random Agent,BLUE,BLUE,1,18,0,False
unseen_starting_positions,139,7,4,Random Agent,RED,RED,1,17,0,False
unseen_starting_positions,140,7,4,Random Agent,BLUE,BLUE,1,20,0,False
unseen_starting_positions,141,7,4,Random Agent,RED,RED,1,33,0,False
unseen_starting_positions,142,7,4,Random Agent,BLUE,BLUE,1,40,0,False
unseen_starting_positions,143,7,4,Random Agent,RED,RED,1,21,0,False
unseen_starting_positions,144,7,4,Random Agent,BLUE,BLUE,1,36,0,False
unseen_starting_positions,145,7,4,Random Agent,RED,RED,1,19,0,False
unseen_starting_positions,146,7,4,Random Agent,BLUE,BLUE,1,32,0,False
unseen_starting_positions,147,7,4,Random Agent,RED,RED,1,17,0,False
unseen_starting_positions,148,7,4,Random Agent,BLUE,BLUE,1,34,0,False
unseen_starting_positions,149,7,4,Random Agent,RED,RED,1,17,0,False
unseen_starting_positions,150,7,4,Random Agent,BLUE,BLUE,1,22,0,False
unseen_starting_positions,151,7,4,Random Agent,RED,RED,1,17,0,False
unseen_starting_positions,152,7,4,Random Agent,BLUE,BLUE,1,32,0,False
unseen_starting_positions,153,7,4,Random Agent,RED,RED,1,17,0,False
unseen_starting_positions,154,7,4,Random Agent,BLUE,BLUE,1,20,0,False
unseen_starting_positions,155,7,4,Random Agent,RED,RED,1,17,0,False
unseen_starting_positions,156,7,4,Random Agent,BLUE,BLUE,1,30,0,False
unseen_starting_positions,157,7,4,Random Agent,RED,RED,1,15,0,False
unseen_starting_positions,158,7,4,Random Agent,BLUE,BLUE,1,16,0,False
unseen_starting_positions,159,7,4,Random Agent,RED,RED,1,23,0,False
unseen_starting_positions,160,7,4,Random Agent,BLUE,BLUE,1,18,0,False
unseen_starting_positions,161,7,4,Random Agent,RED,RED,1,31,0,False
unseen_starting_positions,162,7,4,Random Agent,BLUE,BLUE,1,42,0,False
unseen_starting_positions,163,7,4,Random Agent,RED,RED,1,17,0,False
unseen_starting_positions,164,7,4,Random Agent,BLUE,BLUE,1,30,0,False
unseen_starting_positions,165,7,4,Random Agent,RED,BLUE,0,38,0,False
unseen_starting_positions,166,7,4,Random Agent,BLUE,BLUE,1,18,0,False
unseen_starting_positions,167,7,4,Random Agent,RED,RED,1,17,0,False
unseen_starting_positions,168,7,4,Random Agent,BLUE,BLUE,1,20,0,False
unseen_starting_positions,169,7,4,Random Agent,RED,RED,1,17,0,False
unseen_starting_positions,170,7,4,Random Agent,BLUE,RED,0,33,0,False
unseen_starting_positions,171,7,4,Random Agent,RED,RED,1,17,0,False
unseen_starting_positions,172,7,4,Random Agent,BLUE,BLUE,1,34,0,False
unseen_starting_positions,173,7,4,Random Agent,RED,RED,1,19,0,False
unseen_starting_positions,174,7,4,Random Agent,BLUE,BLUE,1,14,0,False
unseen_starting_positions,175,7,4,Random Agent,RED,RED,1,19,0,False
unseen_starting_positions,176,7,4,Random Agent,BLUE,BLUE,1,48,0,False
unseen_starting_positions,177,7,4,Random Agent,RED,RED,1,17,0,False
unseen_starting_positions,178,7,4,Random Agent,BLUE,BLUE,1,42,0,False
unseen_starting_positions,179,7,4,Random Agent,RED,RED,1,13,0,False
unseen_starting_positions,180,7,4,Random Agent,BLUE,BLUE,1,20,0,False
unseen_starting_positions,181,7,4,Random Agent,RED,RED,1,17,0,False
unseen_starting_positions,182,7,4,Random Agent,BLUE,BLUE,1,20,0,False
unseen_starting_positions,183,7,4,Random Agent,RED,BLUE,0,42,0,False
unseen_starting_positions,184,7,4,Random Agent,BLUE,RED,0,41,0,False
unseen_starting_positions,185,7,4,Random Agent,RED,RED,1,19,0,False
unseen_starting_positions,186,7,4,Random Agent,BLUE,BLUE,1,30,0,False
unseen_starting_positions,187,7,4,Random Agent,RED,RED,1,15,0,False
unseen_starting_positions,188,7,4,Random Agent,BLUE,BLUE,1,22,0,False
unseen_starting_positions,189,7,4,Random Agent,RED,RED,1,15,0,False
unseen_starting_positions,190,7,4,Random Agent,BLUE,BLUE,1,48,0,False
unseen_starting_positions,191,7,4,Random Agent,RED,RED,1,17,0,False
unseen_starting_positions,192,7,4,Random Agent,BLUE,BLUE,1,38,0,False
unseen_starting_positions,193,7,4,Random Agent,RED,RED,1,49,0,False
unseen_starting_positions,194,7,4,Random Agent,BLUE,BLUE,1,18,0,False
unseen_starting_positions,195,7,4,Random Agent,RED,RED,1,21,0,False
unseen_starting_positions,196,7,4,Random Agent,BLUE,BLUE,1,46,0,False
unseen_starting_positions,197,7,4,Random Agent,RED,RED,1,15,0,False
unseen_starting_positions,198,7,4,Random Agent,BLUE,BLUE,1,16,0,False
unseen_starting_positions,199,7,4,Random Agent,RED,RED,1,35,0,False
unseen_starting_positions,200,7,4,Random Agent,BLUE,RED,0,47,0,False
unseen_starting_positions,1,7,4,Center/Greedy Agent,RED,RED,1,13,0,False
unseen_starting_positions,2,7,4,Center/Greedy Agent,BLUE,RED,0,43,0,False
unseen_starting_positions,3,7,4,Center/Greedy Agent,RED,RED,1,19,0,False
unseen_starting_positions,4,7,4,Center/Greedy Agent,BLUE,BLUE,1,16,0,False
unseen_starting_positions,5,7,4,Center/Greedy Agent,RED,RED,1,15,0,False
unseen_starting_positions,6,7,4,Center/Greedy Agent,BLUE,BLUE,1,26,0,False
unseen_starting_positions,7,7,4,Center/Greedy Agent,RED,RED,1,21,0,False
unseen_starting_positions,8,7,4,Center/Greedy Agent,BLUE,BLUE,1,18,0,False
unseen_starting_positions,9,7,4,Center/Greedy Agent,RED,RED,1,29,0,False
unseen_starting_positions,10,7,4,Center/Greedy Agent,BLUE,BLUE,1,16,0,False
unseen_starting_positions,11,7,4,Center/Greedy Agent,RED,RED,1,19,0,False
unseen_starting_positions,12,7,4,Center/Greedy Agent,BLUE,BLUE,1,18,0,False
unseen_starting_positions,13,7,4,Center/Greedy Agent,RED,RED,1,15,0,False
unseen_starting_positions,14,7,4,Center/Greedy Agent,BLUE,BLUE,1,20,0,False
unseen_starting_positions,15,7,4,Center/Greedy Agent,RED,RED,1,19,0,False
unseen_starting_positions,16,7,4,Center/Greedy Agent,BLUE,BLUE,1,18,0,False
unseen_starting_positions,17,7,4,Center/Greedy Agent,RED,RED,1,15,0,False
unseen_starting_positions,18,7,4,Center/Greedy Agent,BLUE,BLUE,1,18,0,False
unseen_starting_positions,19,7,4,Center/Greedy Agent,RED,RED,1,17,0,False
unseen_starting_positions,20,7,4,Center/Greedy Agent,BLUE,BLUE,1,16,0,False
unseen_starting_positions,21,7,4,Center/Greedy Agent,RED,RED,1,17,0,False
unseen_starting_positions,22,7,4,Center/Greedy Agent,BLUE,BLUE,1,22,0,False
unseen_starting_positions,23,7,4,Center/Greedy Agent,RED,RED,1,15,0,False
unseen_starting_positions,24,7,4,Center/Greedy Agent,BLUE,BLUE,1,18,0,False
unseen_starting_positions,25,7,4,Center/Greedy Agent,RED,RED,1,17,0,False
unseen_starting_positions,26,7,4,Center/Greedy Agent,BLUE,BLUE,1,32,0,False
unseen_starting_positions,27,7,4,Center/Greedy Agent,RED,RED,1,19,0,False
unseen_starting_positions,28,7,4,Center/Greedy Agent,BLUE,BLUE,1,18,0,False
unseen_starting_positions,29,7,4,Center/Greedy Agent,RED,RED,1,27,0,False
unseen_starting_positions,30,7,4,Center/Greedy Agent,BLUE,BLUE,1,16,0,False
unseen_starting_positions,31,7,4,Center/Greedy Agent,RED,RED,1,17,0,False
unseen_starting_positions,32,7,4,Center/Greedy Agent,BLUE,BLUE,1,16,0,False
unseen_starting_positions,33,7,4,Center/Greedy Agent,RED,RED,1,21,0,False
unseen_starting_positions,34,7,4,Center/Greedy Agent,BLUE,BLUE,1,16,0,False
unseen_starting_positions,35,7,4,Center/Greedy Agent,RED,RED,1,15,0,False
unseen_starting_positions,36,7,4,Center/Greedy Agent,BLUE,BLUE,1,18,0,False
unseen_starting_positions,37,7,4,Center/Greedy Agent,RED,RED,1,17,0,False
unseen_starting_positions,38,7,4,Center/Greedy Agent,BLUE,BLUE,1,18,0,False
unseen_starting_positions,39,7,4,Center/Greedy Agent,RED,RED,1,15,0,False
unseen_starting_positions,40,7,4,Center/Greedy Agent,BLUE,BLUE,1,28,0,False
unseen_starting_positions,41,7,4,Center/Greedy Agent,RED,RED,1,15,0,False
unseen_starting_positions,42,7,4,Center/Greedy Agent,BLUE,BLUE,1,38,0,False
unseen_starting_positions,43,7,4,Center/Greedy Agent,RED,RED,1,17,0,False
unseen_starting_positions,44,7,4,Center/Greedy Agent,BLUE,BLUE,1,16,0,False
unseen_starting_positions,45,7,4,Center/Greedy Agent,RED,RED,1,17,0,False
unseen_starting_positions,46,7,4,Center/Greedy Agent,BLUE,BLUE,1,18,0,False
unseen_starting_positions,47,7,4,Center/Greedy Agent,RED,RED,1,15,0,False
unseen_starting_positions,48,7,4,Center/Greedy Agent,BLUE,BLUE,1,18,0,False
unseen_starting_positions,49,7,4,Center/Greedy Agent,RED,RED,1,17,0,False
unseen_starting_positions,50,7,4,Center/Greedy Agent,BLUE,BLUE,1,18,0,False
unseen_starting_positions,51,7,4,Center/Greedy Agent,RED,RED,1,15,0,False
unseen_starting_positions,52,7,4,Center/Greedy Agent,BLUE,RED,0,33,0,False
unseen_starting_positions,53,7,4,Center/Greedy Agent,RED,RED,1,15,0,False
unseen_starting_positions,54,7,4,Center/Greedy Agent,BLUE,BLUE,1,16,0,False
unseen_starting_positions,55,7,4,Center/Greedy Agent,RED,RED,1,19,0,False
unseen_starting_positions,56,7,4,Center/Greedy Agent,BLUE,BLUE,1,18,0,False
unseen_starting_positions,57,7,4,Center/Greedy Agent,RED,RED,1,17,0,False
unseen_starting_positions,58,7,4,Center/Greedy Agent,BLUE,BLUE,1,16,0,False
unseen_starting_positions,59,7,4,Center/Greedy Agent,RED,RED,1,17,0,False
unseen_starting_positions,60,7,4,Center/Greedy Agent,BLUE,BLUE,1,18,0,False
unseen_starting_positions,61,7,4,Center/Greedy Agent,RED,RED,1,15,0,False
unseen_starting_positions,62,7,4,Center/Greedy Agent,BLUE,BLUE,1,24,0,False
unseen_starting_positions,63,7,4,Center/Greedy Agent,RED,RED,1,31,0,False
unseen_starting_positions,64,7,4,Center/Greedy Agent,BLUE,BLUE,1,18,0,False
unseen_starting_positions,65,7,4,Center/Greedy Agent,RED,RED,1,15,0,False
unseen_starting_positions,66,7,4,Center/Greedy Agent,BLUE,BLUE,1,34,0,False
unseen_starting_positions,67,7,4,Center/Greedy Agent,RED,RED,1,27,0,False
unseen_starting_positions,68,7,4,Center/Greedy Agent,BLUE,BLUE,1,18,0,False
unseen_starting_positions,69,7,4,Center/Greedy Agent,RED,RED,1,17,0,False
unseen_starting_positions,70,7,4,Center/Greedy Agent,BLUE,BLUE,1,36,0,False
unseen_starting_positions,71,7,4,Center/Greedy Agent,RED,RED,1,17,0,False
unseen_starting_positions,72,7,4,Center/Greedy Agent,BLUE,BLUE,1,16,0,False
unseen_starting_positions,73,7,4,Center/Greedy Agent,RED,RED,1,17,0,False
unseen_starting_positions,74,7,4,Center/Greedy Agent,BLUE,BLUE,1,14,0,False
unseen_starting_positions,75,7,4,Center/Greedy Agent,RED,RED,1,21,0,False
unseen_starting_positions,76,7,4,Center/Greedy Agent,BLUE,BLUE,1,16,0,False
unseen_starting_positions,77,7,4,Center/Greedy Agent,RED,RED,1,19,0,False
unseen_starting_positions,78,7,4,Center/Greedy Agent,BLUE,BLUE,1,18,0,False
unseen_starting_positions,79,7,4,Center/Greedy Agent,RED,RED,1,15,0,False
unseen_starting_positions,80,7,4,Center/Greedy Agent,BLUE,BLUE,1,16,0,False
unseen_starting_positions,81,7,4,Center/Greedy Agent,RED,RED,1,17,0,False
unseen_starting_positions,82,7,4,Center/Greedy Agent,BLUE,BLUE,1,34,0,False
unseen_starting_positions,83,7,4,Center/Greedy Agent,RED,RED,1,25,0,False
unseen_starting_positions,84,7,4,Center/Greedy Agent,BLUE,BLUE,1,18,0,False
unseen_starting_positions,85,7,4,Center/Greedy Agent,RED,RED,1,19,0,False
unseen_starting_positions,86,7,4,Center/Greedy Agent,BLUE,BLUE,1,36,0,False
unseen_starting_positions,87,7,4,Center/Greedy Agent,RED,RED,1,15,0,False
unseen_starting_positions,88,7,4,Center/Greedy Agent,BLUE,BLUE,1,18,0,False
unseen_starting_positions,89,7,4,Center/Greedy Agent,RED,RED,1,17,0,False
unseen_starting_positions,90,7,4,Center/Greedy Agent,BLUE,RED,0,29,0,False
unseen_starting_positions,91,7,4,Center/Greedy Agent,RED,RED,1,21,0,False
unseen_starting_positions,92,7,4,Center/Greedy Agent,BLUE,BLUE,1,18,0,False
unseen_starting_positions,93,7,4,Center/Greedy Agent,RED,RED,1,19,0,False
unseen_starting_positions,94,7,4,Center/Greedy Agent,BLUE,BLUE,1,16,0,False
unseen_starting_positions,95,7,4,Center/Greedy Agent,RED,RED,1,17,0,False
unseen_starting_positions,96,7,4,Center/Greedy Agent,BLUE,BLUE,1,26,0,False
unseen_starting_positions,97,7,4,Center/Greedy Agent,RED,RED,1,21,0,False
unseen_starting_positions,98,7,4,Center/Greedy Agent,BLUE,BLUE,1,16,0,False
unseen_starting_positions,99,7,4,Center/Greedy Agent,RED,RED,1,17,0,False
unseen_starting_positions,100,7,4,Center/Greedy Agent,BLUE,BLUE,1,16,0,False
unseen_starting_positions,101,7,4,Center/Greedy Agent,RED,RED,1,27,0,False
unseen_starting_positions,102,7,4,Center/Greedy Agent,BLUE,BLUE,1,16,0,False
unseen_starting_positions,103,7,4,Center/Greedy Agent,RED,RED,1,17,0,False
unseen_starting_positions,104,7,4,Center/Greedy Agent,BLUE,BLUE,1,18,0,False
unseen_starting_positions,105,7,4,Center/Greedy Agent,RED,RED,1,15,0,False
unseen_starting_positions,106,7,4,Center/Greedy Agent,BLUE,BLUE,1,18,0,False
unseen_starting_positions,107,7,4,Center/Greedy Agent,RED,RED,1,19,0,False
unseen_starting_positions,108,7,4,Center/Greedy Agent,BLUE,BLUE,1,16,0,False
unseen_starting_positions,109,7,4,Center/Greedy Agent,RED,RED,1,15,0,False
unseen_starting_positions,110,7,4,Center/Greedy Agent,BLUE,BLUE,1,18,0,False
unseen_starting_positions,111,7,4,Center/Greedy Agent,RED,RED,1,21,0,False
unseen_starting_positions,112,7,4,Center/Greedy Agent,BLUE,BLUE,1,16,0,False
unseen_starting_positions,113,7,4,Center/Greedy Agent,RED,RED,1,17,0,False
unseen_starting_positions,114,7,4,Center/Greedy Agent,BLUE,BLUE,1,16,0,False
unseen_starting_positions,115,7,4,Center/Greedy Agent,RED,RED,1,15,0,False
unseen_starting_positions,116,7,4,Center/Greedy Agent,BLUE,BLUE,1,24,0,False
unseen_starting_positions,117,7,4,Center/Greedy Agent,RED,RED,1,19,0,False
unseen_starting_positions,118,7,4,Center/Greedy Agent,BLUE,BLUE,1,16,0,False
unseen_starting_positions,119,7,4,Center/Greedy Agent,RED,RED,1,21,0,False
unseen_starting_positions,120,7,4,Center/Greedy Agent,BLUE,BLUE,1,18,0,False
unseen_starting_positions,121,7,4,Center/Greedy Agent,RED,RED,1,15,0,False
unseen_starting_positions,122,7,4,Center/Greedy Agent,BLUE,BLUE,1,16,0,False
unseen_starting_positions,123,7,4,Center/Greedy Agent,RED,RED,1,17,0,False
unseen_starting_positions,124,7,4,Center/Greedy Agent,BLUE,BLUE,1,16,0,False
unseen_starting_positions,125,7,4,Center/Greedy Agent,RED,RED,1,17,0,False
unseen_starting_positions,126,7,4,Center/Greedy Agent,BLUE,BLUE,1,18,0,False
unseen_starting_positions,127,7,4,Center/Greedy Agent,RED,RED,1,21,0,False
unseen_starting_positions,128,7,4,Center/Greedy Agent,BLUE,BLUE,1,20,0,False
unseen_starting_positions,129,7,4,Center/Greedy Agent,RED,RED,1,17,0,False
unseen_starting_positions,130,7,4,Center/Greedy Agent,BLUE,BLUE,1,20,0,False
unseen_starting_positions,131,7,4,Center/Greedy Agent,RED,RED,1,17,0,False
unseen_starting_positions,132,7,4,Center/Greedy Agent,BLUE,RED,0,31,0,False
unseen_starting_positions,133,7,4,Center/Greedy Agent,RED,RED,1,17,0,False
unseen_starting_positions,134,7,4,Center/Greedy Agent,BLUE,BLUE,1,14,0,False
unseen_starting_positions,135,7,4,Center/Greedy Agent,RED,RED,1,15,0,False
unseen_starting_positions,136,7,4,Center/Greedy Agent,BLUE,BLUE,1,16,0,False
unseen_starting_positions,137,7,4,Center/Greedy Agent,RED,RED,1,17,0,False
unseen_starting_positions,138,7,4,Center/Greedy Agent,BLUE,BLUE,1,26,0,False
unseen_starting_positions,139,7,4,Center/Greedy Agent,RED,RED,1,17,0,False
unseen_starting_positions,140,7,4,Center/Greedy Agent,BLUE,BLUE,1,22,0,False
unseen_starting_positions,141,7,4,Center/Greedy Agent,RED,RED,1,25,0,False
unseen_starting_positions,142,7,4,Center/Greedy Agent,BLUE,BLUE,1,18,0,False
unseen_starting_positions,143,7,4,Center/Greedy Agent,RED,RED,1,17,0,False
unseen_starting_positions,144,7,4,Center/Greedy Agent,BLUE,BLUE,1,18,0,False
unseen_starting_positions,145,7,4,Center/Greedy Agent,RED,RED,1,15,0,False
unseen_starting_positions,146,7,4,Center/Greedy Agent,BLUE,BLUE,1,18,0,False
unseen_starting_positions,147,7,4,Center/Greedy Agent,RED,RED,1,17,0,False
unseen_starting_positions,148,7,4,Center/Greedy Agent,BLUE,RED,0,29,0,False
unseen_starting_positions,149,7,4,Center/Greedy Agent,RED,RED,1,17,0,False
unseen_starting_positions,150,7,4,Center/Greedy Agent,BLUE,BLUE,1,18,0,False
unseen_starting_positions,151,7,4,Center/Greedy Agent,RED,RED,1,17,0,False
unseen_starting_positions,152,7,4,Center/Greedy Agent,BLUE,BLUE,1,26,0,False
unseen_starting_positions,153,7,4,Center/Greedy Agent,RED,RED,1,17,0,False
unseen_starting_positions,154,7,4,Center/Greedy Agent,BLUE,BLUE,1,20,0,False
unseen_starting_positions,155,7,4,Center/Greedy Agent,RED,RED,1,17,0,False
unseen_starting_positions,156,7,4,Center/Greedy Agent,BLUE,BLUE,1,26,0,False
unseen_starting_positions,157,7,4,Center/Greedy Agent,RED,RED,1,15,0,False
unseen_starting_positions,158,7,4,Center/Greedy Agent,BLUE,BLUE,1,20,0,False
unseen_starting_positions,159,7,4,Center/Greedy Agent,RED,RED,1,19,0,False
unseen_starting_positions,160,7,4,Center/Greedy Agent,BLUE,BLUE,1,18,0,False
unseen_starting_positions,161,7,4,Center/Greedy Agent,RED,RED,1,17,0,False
unseen_starting_positions,162,7,4,Center/Greedy Agent,BLUE,BLUE,1,18,0,False
unseen_starting_positions,163,7,4,Center/Greedy Agent,RED,RED,1,17,0,False
unseen_starting_positions,164,7,4,Center/Greedy Agent,BLUE,BLUE,1,20,0,False
unseen_starting_positions,165,7,4,Center/Greedy Agent,RED,RED,1,17,0,False
unseen_starting_positions,166,7,4,Center/Greedy Agent,BLUE,BLUE,1,16,0,False
unseen_starting_positions,167,7,4,Center/Greedy Agent,RED,RED,1,31,0,False
unseen_starting_positions,168,7,4,Center/Greedy Agent,BLUE,BLUE,1,20,0,False
unseen_starting_positions,169,7,4,Center/Greedy Agent,RED,RED,1,15,0,False
unseen_starting_positions,170,7,4,Center/Greedy Agent,BLUE,BLUE,1,22,0,False
unseen_starting_positions,171,7,4,Center/Greedy Agent,RED,RED,1,17,0,False
unseen_starting_positions,172,7,4,Center/Greedy Agent,BLUE,BLUE,1,18,0,False
unseen_starting_positions,173,7,4,Center/Greedy Agent,RED,RED,1,17,0,False
unseen_starting_positions,174,7,4,Center/Greedy Agent,BLUE,BLUE,1,16,0,False
unseen_starting_positions,175,7,4,Center/Greedy Agent,RED,RED,1,19,0,False
unseen_starting_positions,176,7,4,Center/Greedy Agent,BLUE,BLUE,1,18,0,False
unseen_starting_positions,177,7,4,Center/Greedy Agent,RED,RED,1,19,0,False
unseen_starting_positions,178,7,4,Center/Greedy Agent,BLUE,BLUE,1,28,0,False
unseen_starting_positions,179,7,4,Center/Greedy Agent,RED,RED,1,13,0,False
unseen_starting_positions,180,7,4,Center/Greedy Agent,BLUE,BLUE,1,18,0,False
unseen_starting_positions,181,7,4,Center/Greedy Agent,RED,RED,1,15,0,False
unseen_starting_positions,182,7,4,Center/Greedy Agent,BLUE,BLUE,1,20,0,False
unseen_starting_positions,183,7,4,Center/Greedy Agent,RED,RED,1,31,0,False
unseen_starting_positions,184,7,4,Center/Greedy Agent,BLUE,BLUE,1,18,0,False
unseen_starting_positions,185,7,4,Center/Greedy Agent,RED,RED,1,17,0,False
unseen_starting_positions,186,7,4,Center/Greedy Agent,BLUE,BLUE,1,20,0,False
unseen_starting_positions,187,7,4,Center/Greedy Agent,RED,RED,1,17,0,False
unseen_starting_positions,188,7,4,Center/Greedy Agent,BLUE,BLUE,1,16,0,False
unseen_starting_positions,189,7,4,Center/Greedy Agent,RED,RED,1,15,0,False
unseen_starting_positions,190,7,4,Center/Greedy Agent,BLUE,BLUE,1,20,0,False
unseen_starting_positions,191,7,4,Center/Greedy Agent,RED,RED,1,17,0,False
unseen_starting_positions,192,7,4,Center/Greedy Agent,BLUE,BLUE,1,18,0,False
unseen_starting_positions,193,7,4,Center/Greedy Agent,RED,RED,1,17,0,False
unseen_starting_positions,194,7,4,Center/Greedy Agent,BLUE,BLUE,1,16,0,False
unseen_starting_positions,195,7,4,Center/Greedy Agent,RED,RED,1,15,0,False
unseen_starting_positions,196,7,4,Center/Greedy Agent,BLUE,BLUE,1,22,0,False
unseen_starting_positions,197,7,4,Center/Greedy Agent,RED,RED,1,15,0,False
unseen_starting_positions,198,7,4,Center/Greedy Agent,BLUE,BLUE,1,16,0,False
unseen_starting_positions,199,7,4,Center/Greedy Agent,RED,RED,1,21,0,False
unseen_starting_positions,200,7,4,Center/Greedy Agent,BLUE,BLUE,1,36,0,False
unseen_starting_positions,1,7,6,Random Agent,RED,RED,1,19,0,False
unseen_starting_positions,2,7,6,Random Agent,BLUE,RED,0,49,0,False
unseen_starting_positions,3,7,6,Random Agent,RED,RED,1,21,0,False
unseen_starting_positions,4,7,6,Random Agent,BLUE,BLUE,1,36,0,False
unseen_starting_positions,5,7,6,Random Agent,RED,RED,1,17,0,False
unseen_starting_positions,6,7,6,Random Agent,BLUE,BLUE,1,24,0,False
unseen_starting_positions,7,7,6,Random Agent,RED,RED,1,43,0,False
unseen_starting_positions,8,7,6,Random Agent,BLUE,BLUE,1,22,0,False
unseen_starting_positions,9,7,6,Random Agent,RED,RED,1,45,0,False
unseen_starting_positions,10,7,6,Random Agent,BLUE,BLUE,1,44,0,False
unseen_starting_positions,11,7,6,Random Agent,RED,RED,1,21,0,False
unseen_starting_positions,12,7,6,Random Agent,BLUE,RED,0,49,0,False
unseen_starting_positions,13,7,6,Random Agent,RED,RED,1,17,0,False
unseen_starting_positions,14,7,6,Random Agent,BLUE,BLUE,1,20,0,False
unseen_starting_positions,15,7,6,Random Agent,RED,RED,1,19,0,False
unseen_starting_positions,16,7,6,Random Agent,BLUE,BLUE,1,46,0,False
unseen_starting_positions,17,7,6,Random Agent,RED,RED,1,43,0,False
unseen_starting_positions,18,7,6,Random Agent,BLUE,BLUE,1,18,0,False
unseen_starting_positions,19,7,6,Random Agent,RED,RED,1,19,0,False
unseen_starting_positions,20,7,6,Random Agent,BLUE,BLUE,1,24,0,False
unseen_starting_positions,21,7,6,Random Agent,RED,RED,1,19,0,False
unseen_starting_positions,22,7,6,Random Agent,BLUE,RED,0,25,0,False
unseen_starting_positions,23,7,6,Random Agent,RED,RED,1,17,0,False
unseen_starting_positions,24,7,6,Random Agent,BLUE,BLUE,1,28,0,False
unseen_starting_positions,25,7,6,Random Agent,RED,RED,1,25,0,False
unseen_starting_positions,26,7,6,Random Agent,BLUE,BLUE,1,20,0,False
unseen_starting_positions,27,7,6,Random Agent,RED,RED,1,27,0,False
unseen_starting_positions,28,7,6,Random Agent,BLUE,BLUE,1,42,0,False
unseen_starting_positions,29,7,6,Random Agent,RED,RED,1,17,0,False
unseen_starting_positions,30,7,6,Random Agent,BLUE,RED,0,41,0,False
unseen_starting_positions,31,7,6,Random Agent,RED,RED,1,21,0,False
unseen_starting_positions,32,7,6,Random Agent,BLUE,BLUE,1,18,0,False
unseen_starting_positions,33,7,6,Random Agent,RED,RED,1,19,0,False
unseen_starting_positions,34,7,6,Random Agent,BLUE,RED,0,47,0,False
unseen_starting_positions,35,7,6,Random Agent,RED,RED,1,27,0,False
unseen_starting_positions,36,7,6,Random Agent,BLUE,BLUE,1,20,0,False
unseen_starting_positions,37,7,6,Random Agent,RED,RED,1,45,0,False
unseen_starting_positions,38,7,6,Random Agent,BLUE,BLUE,1,34,0,False
unseen_starting_positions,39,7,6,Random Agent,RED,RED,1,19,0,False
unseen_starting_positions,40,7,6,Random Agent,BLUE,BLUE,1,30,0,False
unseen_starting_positions,41,7,6,Random Agent,RED,RED,1,29,0,False
unseen_starting_positions,42,7,6,Random Agent,BLUE,RED,0,45,0,False
unseen_starting_positions,43,7,6,Random Agent,RED,RED,1,17,0,False
unseen_starting_positions,44,7,6,Random Agent,BLUE,BLUE,1,18,0,False
unseen_starting_positions,45,7,6,Random Agent,RED,RED,1,19,0,False
unseen_starting_positions,46,7,6,Random Agent,BLUE,RED,0,29,0,False
unseen_starting_positions,47,7,6,Random Agent,RED,RED,1,41,0,False
unseen_starting_positions,48,7,6,Random Agent,BLUE,BLUE,1,18,0,False
unseen_starting_positions,49,7,6,Random Agent,RED,RED,1,35,0,False
unseen_starting_positions,50,7,6,Random Agent,BLUE,RED,0,47,0,False
unseen_starting_positions,51,7,6,Random Agent,RED,RED,1,21,0,False
unseen_starting_positions,52,7,6,Random Agent,BLUE,BLUE,1,18,0,False
unseen_starting_positions,53,7,6,Random Agent,RED,RED,1,19,0,False
unseen_starting_positions,54,7,6,Random Agent,BLUE,BLUE,1,26,0,False
unseen_starting_positions,55,7,6,Random Agent,RED,RED,1,31,0,False
unseen_starting_positions,56,7,6,Random Agent,BLUE,BLUE,1,16,0,False
unseen_starting_positions,57,7,6,Random Agent,RED,BLUE,0,28,0,False
unseen_starting_positions,58,7,6,Random Agent,BLUE,BLUE,1,20,0,False
unseen_starting_positions,59,7,6,Random Agent,RED,RED,1,43,0,False
unseen_starting_positions,60,7,6,Random Agent,BLUE,BLUE,1,40,0,False
unseen_starting_positions,61,7,6,Random Agent,RED,RED,1,49,0,False
unseen_starting_positions,62,7,6,Random Agent,BLUE,BLUE,1,22,0,False
unseen_starting_positions,63,7,6,Random Agent,RED,RED,1,17,0,False
unseen_starting_positions,64,7,6,Random Agent,BLUE,BLUE,1,18,0,False
unseen_starting_positions,65,7,6,Random Agent,RED,RED,1,17,0,False
unseen_starting_positions,66,7,6,Random Agent,BLUE,BLUE,1,30,0,False
unseen_starting_positions,67,7,6,Random Agent,RED,BLUE,0,38,0,False
unseen_starting_positions,68,7,6,Random Agent,BLUE,BLUE,1,18,0,False
unseen_starting_positions,69,7,6,Random Agent,RED,RED,1,19,0,False
unseen_starting_positions,70,7,6,Random Agent,BLUE,RED,0,45,0,False
unseen_starting_positions,71,7,6,Random Agent,RED,RED,1,31,0,False
unseen_starting_positions,72,7,6,Random Agent,BLUE,BLUE,1,30,0,False
unseen_starting_positions,73,7,6,Random Agent,RED,RED,1,19,0,False
unseen_starting_positions,74,7,6,Random Agent,BLUE,BLUE,1,46,0,False
unseen_starting_positions,75,7,6,Random Agent,RED,RED,1,15,0,False
unseen_starting_positions,76,7,6,Random Agent,BLUE,RED,0,39,0,False
unseen_starting_positions,77,7,6,Random Agent,RED,RED,1,15,0,False
unseen_starting_positions,78,7,6,Random Agent,BLUE,BLUE,1,16,0,False
unseen_starting_positions,79,7,6,Random Agent,RED,RED,1,21,0,False
unseen_starting_positions,80,7,6,Random Agent,BLUE,BLUE,1,16,0,False
unseen_starting_positions,81,7,6,Random Agent,RED,RED,1,25,0,False
unseen_starting_positions,82,7,6,Random Agent,BLUE,BLUE,1,48,0,False
unseen_starting_positions,83,7,6,Random Agent,RED,RED,1,23,0,False
unseen_starting_positions,84,7,6,Random Agent,BLUE,BLUE,1,22,0,False
unseen_starting_positions,85,7,6,Random Agent,RED,BLUE,0,30,0,False
unseen_starting_positions,86,7,6,Random Agent,BLUE,BLUE,1,18,0,False
unseen_starting_positions,87,7,6,Random Agent,RED,RED,1,19,0,False
unseen_starting_positions,88,7,6,Random Agent,BLUE,BLUE,1,32,0,False
unseen_starting_positions,89,7,6,Random Agent,RED,RED,1,29,0,False
unseen_starting_positions,90,7,6,Random Agent,BLUE,BLUE,1,36,0,False
unseen_starting_positions,91,7,6,Random Agent,RED,RED,1,21,0,False
unseen_starting_positions,92,7,6,Random Agent,BLUE,RED,0,41,0,False
unseen_starting_positions,93,7,6,Random Agent,RED,BLUE,0,40,0,False
unseen_starting_positions,94,7,6,Random Agent,BLUE,BLUE,1,24,0,False
unseen_starting_positions,95,7,6,Random Agent,RED,RED,1,25,0,False
unseen_starting_positions,96,7,6,Random Agent,BLUE,RED,0,43,0,False
unseen_starting_positions,97,7,6,Random Agent,RED,RED,1,49,0,False
unseen_starting_positions,98,7,6,Random Agent,BLUE,BLUE,1,24,0,False
unseen_starting_positions,99,7,6,Random Agent,RED,RED,1,19,0,False
unseen_starting_positions,100,7,6,Random Agent,BLUE,BLUE,1,20,0,False
unseen_starting_positions,101,7,6,Random Agent,RED,RED,1,43,0,False
unseen_starting_positions,102,7,6,Random Agent,BLUE,BLUE,1,46,0,False
unseen_starting_positions,103,7,6,Random Agent,RED,RED,1,23,0,False
unseen_starting_positions,104,7,6,Random Agent,BLUE,BLUE,1,36,0,False
unseen_starting_positions,105,7,6,Random Agent,RED,RED,1,23,0,False
unseen_starting_positions,106,7,6,Random Agent,BLUE,BLUE,1,20,0,False
unseen_starting_positions,107,7,6,Random Agent,RED,BLUE,0,34,0,False
unseen_starting_positions,108,7,6,Random Agent,BLUE,RED,0,39,0,False
unseen_starting_positions,109,7,6,Random Agent,RED,BLUE,0,38,0,False
unseen_starting_positions,110,7,6,Random Agent,BLUE,BLUE,1,38,0,False
unseen_starting_positions,111,7,6,Random Agent,RED,RED,1,23,0,False
unseen_starting_positions,112,7,6,Random Agent,BLUE,BLUE,1,20,0,False
unseen_starting_positions,113,7,6,Random Agent,RED,RED,1,23,0,False
unseen_starting_positions,114,7,6,Random Agent,BLUE,RED,0,33,0,False
unseen_starting_positions,115,7,6,Random Agent,RED,RED,1,21,0,False
unseen_starting_positions,116,7,6,Random Agent,BLUE,BLUE,1,20,0,False
unseen_starting_positions,117,7,6,Random Agent,RED,RED,1,47,0,False
unseen_starting_positions,118,7,6,Random Agent,BLUE,BLUE,1,22,0,False
unseen_starting_positions,119,7,6,Random Agent,RED,RED,1,19,0,False
unseen_starting_positions,120,7,6,Random Agent,BLUE,BLUE,1,28,0,False
unseen_starting_positions,121,7,6,Random Agent,RED,RED,1,17,0,False
unseen_starting_positions,122,7,6,Random Agent,BLUE,BLUE,1,20,0,False
unseen_starting_positions,123,7,6,Random Agent,RED,BLUE,0,48,0,False
unseen_starting_positions,124,7,6,Random Agent,BLUE,BLUE,1,20,0,False
unseen_starting_positions,125,7,6,Random Agent,RED,RED,1,25,0,False
unseen_starting_positions,126,7,6,Random Agent,BLUE,RED,0,43,0,False
unseen_starting_positions,127,7,6,Random Agent,RED,RED,1,17,0,False
unseen_starting_positions,128,7,6,Random Agent,BLUE,BLUE,1,20,0,False
unseen_starting_positions,129,7,6,Random Agent,RED,RED,1,19,0,False
unseen_starting_positions,130,7,6,Random Agent,BLUE,BLUE,1,24,0,False
unseen_starting_positions,131,7,6,Random Agent,RED,RED,1,17,0,False
unseen_starting_positions,132,7,6,Random Agent,BLUE,BLUE,1,20,0,False
unseen_starting_positions,133,7,6,Random Agent,RED,RED,1,23,0,False
unseen_starting_positions,134,7,6,Random Agent,BLUE,RED,0,47,0,False
unseen_starting_positions,135,7,6,Random Agent,RED,RED,1,17,0,False
unseen_starting_positions,136,7,6,Random Agent,BLUE,BLUE,1,20,0,False
unseen_starting_positions,137,7,6,Random Agent,RED,RED,1,19,0,False
unseen_starting_positions,138,7,6,Random Agent,BLUE,BLUE,1,18,0,False
unseen_starting_positions,139,7,6,Random Agent,RED,BLUE,0,42,0,False
unseen_starting_positions,140,7,6,Random Agent,BLUE,BLUE,1,20,0,False
unseen_starting_positions,141,7,6,Random Agent,RED,RED,1,21,0,False
unseen_starting_positions,142,7,6,Random Agent,BLUE,BLUE,1,42,0,False
unseen_starting_positions,143,7,6,Random Agent,RED,RED,1,47,0,False
unseen_starting_positions,144,7,6,Random Agent,BLUE,BLUE,1,48,0,False
unseen_starting_positions,145,7,6,Random Agent,RED,BLUE,0,36,0,False
unseen_starting_positions,146,7,6,Random Agent,BLUE,BLUE,1,20,0,False
unseen_starting_positions,147,7,6,Random Agent,RED,RED,1,27,0,False
unseen_starting_positions,148,7,6,Random Agent,BLUE,RED,0,43,0,False
unseen_starting_positions,149,7,6,Random Agent,RED,RED,1,17,0,False
unseen_starting_positions,150,7,6,Random Agent,BLUE,BLUE,1,38,0,False
unseen_starting_positions,151,7,6,Random Agent,RED,RED,1,23,0,False
unseen_starting_positions,152,7,6,Random Agent,BLUE,BLUE,1,20,0,False
unseen_starting_positions,153,7,6,Random Agent,RED,RED,1,17,0,False
unseen_starting_positions,154,7,6,Random Agent,BLUE,BLUE,1,18,0,False
unseen_starting_positions,155,7,6,Random Agent,RED,RED,1,27,0,False
unseen_starting_positions,156,7,6,Random Agent,BLUE,BLUE,1,20,0,False
unseen_starting_positions,157,7,6,Random Agent,RED,RED,1,17,0,False
unseen_starting_positions,158,7,6,Random Agent,BLUE,BLUE,1,20,0,False
unseen_starting_positions,159,7,6,Random Agent,RED,RED,1,33,0,False
unseen_starting_positions,160,7,6,Random Agent,BLUE,BLUE,1,16,0,False
unseen_starting_positions,161,7,6,Random Agent,RED,RED,1,25,0,False
unseen_starting_positions,162,7,6,Random Agent,BLUE,BLUE,1,24,0,False
unseen_starting_positions,163,7,6,Random Agent,RED,RED,1,15,0,False
unseen_starting_positions,164,7,6,Random Agent,BLUE,BLUE,1,30,0,False
unseen_starting_positions,165,7,6,Random Agent,RED,RED,1,21,0,False
unseen_starting_positions,166,7,6,Random Agent,BLUE,BLUE,1,22,0,False
unseen_starting_positions,167,7,6,Random Agent,RED,RED,1,17,0,False
unseen_starting_positions,168,7,6,Random Agent,BLUE,BLUE,1,16,0,False
unseen_starting_positions,169,7,6,Random Agent,RED,RED,1,17,0,False
unseen_starting_positions,170,7,6,Random Agent,BLUE,BLUE,1,30,0,False
unseen_starting_positions,171,7,6,Random Agent,RED,RED,1,17,0,False
unseen_starting_positions,172,7,6,Random Agent,BLUE,BLUE,1,22,0,False
unseen_starting_positions,173,7,6,Random Agent,RED,BLUE,0,44,0,False
unseen_starting_positions,174,7,6,Random Agent,BLUE,BLUE,1,18,0,False
unseen_starting_positions,175,7,6,Random Agent,RED,RED,1,19,0,False
unseen_starting_positions,176,7,6,Random Agent,BLUE,RED,0,47,0,False
unseen_starting_positions,177,7,6,Random Agent,RED,RED,1,19,0,False
unseen_starting_positions,178,7,6,Random Agent,BLUE,BLUE,1,20,0,False
unseen_starting_positions,179,7,6,Random Agent,RED,RED,1,23,0,False
unseen_starting_positions,180,7,6,Random Agent,BLUE,RED,0,47,0,False
unseen_starting_positions,181,7,6,Random Agent,RED,BLUE,0,40,0,False
unseen_starting_positions,182,7,6,Random Agent,BLUE,RED,0,41,0,False
unseen_starting_positions,183,7,6,Random Agent,RED,RED,1,21,0,False
unseen_starting_positions,184,7,6,Random Agent,BLUE,BLUE,1,22,0,False
unseen_starting_positions,185,7,6,Random Agent,RED,RED,1,27,0,False
unseen_starting_positions,186,7,6,Random Agent,BLUE,BLUE,1,18,0,False
unseen_starting_positions,187,7,6,Random Agent,RED,RED,1,17,0,False
unseen_starting_positions,188,7,6,Random Agent,BLUE,BLUE,1,40,0,False
unseen_starting_positions,189,7,6,Random Agent,RED,BLUE,0,48,0,False
unseen_starting_positions,190,7,6,Random Agent,BLUE,RED,0,43,0,False
unseen_starting_positions,191,7,6,Random Agent,RED,RED,1,17,0,False
unseen_starting_positions,192,7,6,Random Agent,BLUE,BLUE,1,46,0,False
unseen_starting_positions,193,7,6,Random Agent,RED,BLUE,0,44,0,False
unseen_starting_positions,194,7,6,Random Agent,BLUE,BLUE,1,22,0,False
unseen_starting_positions,195,7,6,Random Agent,RED,RED,1,19,0,False
unseen_starting_positions,196,7,6,Random Agent,BLUE,BLUE,1,20,0,False
unseen_starting_positions,197,7,6,Random Agent,RED,RED,1,23,0,False
unseen_starting_positions,198,7,6,Random Agent,BLUE,BLUE,1,22,0,False
unseen_starting_positions,199,7,6,Random Agent,RED,RED,1,31,0,False
unseen_starting_positions,200,7,6,Random Agent,BLUE,BLUE,1,18,0,False
unseen_starting_positions,1,7,6,Center/Greedy Agent,RED,RED,1,19,0,False
unseen_starting_positions,2,7,6,Center/Greedy Agent,BLUE,BLUE,1,20,0,False
unseen_starting_positions,3,7,6,Center/Greedy Agent,RED,RED,1,21,0,False
unseen_starting_positions,4,7,6,Center/Greedy Agent,BLUE,BLUE,1,22,0,False
unseen_starting_positions,5,7,6,Center/Greedy Agent,RED,RED,1,17,0,False
unseen_starting_positions,6,7,6,Center/Greedy Agent,BLUE,BLUE,1,20,0,False
unseen_starting_positions,7,7,6,Center/Greedy Agent,RED,RED,1,25,0,False
unseen_starting_positions,8,7,6,Center/Greedy Agent,BLUE,BLUE,1,40,0,False
unseen_starting_positions,9,7,6,Center/Greedy Agent,RED,RED,1,19,0,False
unseen_starting_positions,10,7,6,Center/Greedy Agent,BLUE,BLUE,1,18,0,False
unseen_starting_positions,11,7,6,Center/Greedy Agent,RED,RED,1,23,0,False
unseen_starting_positions,12,7,6,Center/Greedy Agent,BLUE,BLUE,1,38,0,False
unseen_starting_positions,13,7,6,Center/Greedy Agent,RED,RED,1,19,0,False
unseen_starting_positions,14,7,6,Center/Greedy Agent,BLUE,RED,0,41,0,False
unseen_starting_positions,15,7,6,Center/Greedy Agent,RED,RED,1,23,0,False
unseen_starting_positions,16,7,6,Center/Greedy Agent,BLUE,RED,0,35,0,False
unseen_starting_positions,17,7,6,Center/Greedy Agent,RED,RED,1,23,0,False
unseen_starting_positions,18,7,6,Center/Greedy Agent,BLUE,BLUE,1,20,0,False
unseen_starting_positions,19,7,6,Center/Greedy Agent,RED,RED,1,17,0,False
unseen_starting_positions,20,7,6,Center/Greedy Agent,BLUE,BLUE,1,22,0,False
unseen_starting_positions,21,7,6,Center/Greedy Agent,RED,RED,1,19,0,False
unseen_starting_positions,22,7,6,Center/Greedy Agent,BLUE,BLUE,1,20,0,False
unseen_starting_positions,23,7,6,Center/Greedy Agent,RED,RED,1,17,0,False
unseen_starting_positions,24,7,6,Center/Greedy Agent,BLUE,RED,0,33,0,False
unseen_starting_positions,25,7,6,Center/Greedy Agent,RED,RED,1,19,0,False
unseen_starting_positions,26,7,6,Center/Greedy Agent,BLUE,BLUE,1,18,0,False
unseen_starting_positions,27,7,6,Center/Greedy Agent,RED,RED,1,25,0,False
unseen_starting_positions,28,7,6,Center/Greedy Agent,BLUE,BLUE,1,20,0,False
unseen_starting_positions,29,7,6,Center/Greedy Agent,RED,RED,1,17,0,False
unseen_starting_positions,30,7,6,Center/Greedy Agent,BLUE,BLUE,1,46,0,False
unseen_starting_positions,31,7,6,Center/Greedy Agent,RED,RED,1,19,0,False
unseen_starting_positions,32,7,6,Center/Greedy Agent,BLUE,BLUE,1,18,0,False
unseen_starting_positions,33,7,6,Center/Greedy Agent,RED,RED,1,21,0,False
unseen_starting_positions,34,7,6,Center/Greedy Agent,BLUE,BLUE,1,20,0,False
unseen_starting_positions,35,7,6,Center/Greedy Agent,RED,RED,1,29,0,False
unseen_starting_positions,36,7,6,Center/Greedy Agent,BLUE,RED,0,29,0,False
unseen_starting_positions,37,7,6,Center/Greedy Agent,RED,RED,1,21,0,False
unseen_starting_positions,38,7,6,Center/Greedy Agent,BLUE,BLUE,1,18,0,False
unseen_starting_positions,39,7,6,Center/Greedy Agent,RED,RED,1,21,0,False
unseen_starting_positions,40,7,6,Center/Greedy Agent,BLUE,BLUE,1,26,0,False
unseen_starting_positions,41,7,6,Center/Greedy Agent,RED,RED,1,19,0,False
unseen_starting_positions,42,7,6,Center/Greedy Agent,BLUE,RED,0,33,0,False
unseen_starting_positions,43,7,6,Center/Greedy Agent,RED,RED,1,21,0,False
unseen_starting_positions,44,7,6,Center/Greedy Agent,BLUE,BLUE,1,18,0,False
unseen_starting_positions,45,7,6,Center/Greedy Agent,RED,RED,1,21,0,False
unseen_starting_positions,46,7,6,Center/Greedy Agent,BLUE,BLUE,1,20,0,False
unseen_starting_positions,47,7,6,Center/Greedy Agent,RED,RED,1,19,0,False
unseen_starting_positions,48,7,6,Center/Greedy Agent,BLUE,BLUE,1,18,0,False
unseen_starting_positions,49,7,6,Center/Greedy Agent,RED,RED,1,21,0,False
unseen_starting_positions,50,7,6,Center/Greedy Agent,BLUE,BLUE,1,20,0,False
unseen_starting_positions,51,7,6,Center/Greedy Agent,RED,RED,1,25,0,False
unseen_starting_positions,52,7,6,Center/Greedy Agent,BLUE,BLUE,1,18,0,False
unseen_starting_positions,53,7,6,Center/Greedy Agent,RED,RED,1,15,0,False
unseen_starting_positions,54,7,6,Center/Greedy Agent,BLUE,BLUE,1,22,0,False
unseen_starting_positions,55,7,6,Center/Greedy Agent,RED,RED,1,23,0,False
unseen_starting_positions,56,7,6,Center/Greedy Agent,BLUE,BLUE,1,16,0,False
unseen_starting_positions,57,7,6,Center/Greedy Agent,RED,RED,1,19,0,False
unseen_starting_positions,58,7,6,Center/Greedy Agent,BLUE,BLUE,1,18,0,False
unseen_starting_positions,59,7,6,Center/Greedy Agent,RED,RED,1,19,0,False
unseen_starting_positions,60,7,6,Center/Greedy Agent,BLUE,BLUE,1,32,0,False
unseen_starting_positions,61,7,6,Center/Greedy Agent,RED,RED,1,25,0,False
unseen_starting_positions,62,7,6,Center/Greedy Agent,BLUE,BLUE,1,18,0,False
unseen_starting_positions,63,7,6,Center/Greedy Agent,RED,RED,1,19,0,False
unseen_starting_positions,64,7,6,Center/Greedy Agent,BLUE,BLUE,1,18,0,False
unseen_starting_positions,65,7,6,Center/Greedy Agent,RED,RED,1,17,0,False
unseen_starting_positions,66,7,6,Center/Greedy Agent,BLUE,BLUE,1,32,0,False
unseen_starting_positions,67,7,6,Center/Greedy Agent,RED,RED,1,41,0,False
unseen_starting_positions,68,7,6,Center/Greedy Agent,BLUE,BLUE,1,18,0,False
unseen_starting_positions,69,7,6,Center/Greedy Agent,RED,RED,1,19,0,False
unseen_starting_positions,70,7,6,Center/Greedy Agent,BLUE,BLUE,1,34,0,False
unseen_starting_positions,71,7,6,Center/Greedy Agent,RED,RED,1,25,0,False
unseen_starting_positions,72,7,6,Center/Greedy Agent,BLUE,BLUE,1,34,0,False
unseen_starting_positions,73,7,6,Center/Greedy Agent,RED,RED,1,29,0,False
unseen_starting_positions,74,7,6,Center/Greedy Agent,BLUE,BLUE,1,28,0,False
unseen_starting_positions,75,7,6,Center/Greedy Agent,RED,RED,1,19,0,False
unseen_starting_positions,76,7,6,Center/Greedy Agent,BLUE,RED,0,31,0,False
unseen_starting_positions,77,7,6,Center/Greedy Agent,RED,RED,1,15,0,False
unseen_starting_positions,78,7,6,Center/Greedy Agent,BLUE,BLUE,1,18,0,False
unseen_starting_positions,79,7,6,Center/Greedy Agent,RED,RED,1,19,0,False
unseen_starting_positions,80,7,6,Center/Greedy Agent,BLUE,BLUE,1,20,0,False
unseen_starting_positions,81,7,6,Center/Greedy Agent,RED,RED,1,19,0,False
unseen_starting_positions,82,7,6,Center/Greedy Agent,BLUE,BLUE,1,34,0,False
unseen_starting_positions,83,7,6,Center/Greedy Agent,RED,RED,1,23,0,False
unseen_starting_positions,84,7,6,Center/Greedy Agent,BLUE,BLUE,1,22,0,False
unseen_starting_positions,85,7,6,Center/Greedy Agent,RED,RED,1,27,0,False
unseen_starting_positions,86,7,6,Center/Greedy Agent,BLUE,BLUE,1,18,0,False
unseen_starting_positions,87,7,6,Center/Greedy Agent,RED,RED,1,17,0,False
unseen_starting_positions,88,7,6,Center/Greedy Agent,BLUE,BLUE,1,22,0,False
unseen_starting_positions,89,7,6,Center/Greedy Agent,RED,RED,1,21,0,False
unseen_starting_positions,90,7,6,Center/Greedy Agent,BLUE,BLUE,1,22,0,False
unseen_starting_positions,91,7,6,Center/Greedy Agent,RED,RED,1,19,0,False
unseen_starting_positions,92,7,6,Center/Greedy Agent,BLUE,BLUE,1,34,0,False
unseen_starting_positions,93,7,6,Center/Greedy Agent,RED,RED,1,25,0,False
unseen_starting_positions,94,7,6,Center/Greedy Agent,BLUE,BLUE,1,20,0,False
unseen_starting_positions,95,7,6,Center/Greedy Agent,RED,RED,1,21,0,False
unseen_starting_positions,96,7,6,Center/Greedy Agent,BLUE,BLUE,1,18,0,False
unseen_starting_positions,97,7,6,Center/Greedy Agent,RED,RED,1,29,0,False
unseen_starting_positions,98,7,6,Center/Greedy Agent,BLUE,BLUE,1,18,0,False
unseen_starting_positions,99,7,6,Center/Greedy Agent,RED,RED,1,17,0,False
unseen_starting_positions,100,7,6,Center/Greedy Agent,BLUE,BLUE,1,22,0,False
unseen_starting_positions,101,7,6,Center/Greedy Agent,RED,RED,1,19,0,False
unseen_starting_positions,102,7,6,Center/Greedy Agent,BLUE,BLUE,1,20,0,False
unseen_starting_positions,103,7,6,Center/Greedy Agent,RED,RED,1,19,0,False
unseen_starting_positions,104,7,6,Center/Greedy Agent,BLUE,BLUE,1,44,0,False
unseen_starting_positions,105,7,6,Center/Greedy Agent,RED,RED,1,21,0,False
unseen_starting_positions,106,7,6,Center/Greedy Agent,BLUE,BLUE,1,20,0,False
unseen_starting_positions,107,7,6,Center/Greedy Agent,RED,RED,1,19,0,False
unseen_starting_positions,108,7,6,Center/Greedy Agent,BLUE,BLUE,1,22,0,False
unseen_starting_positions,109,7,6,Center/Greedy Agent,RED,RED,1,19,0,False
unseen_starting_positions,110,7,6,Center/Greedy Agent,BLUE,RED,0,49,0,False
unseen_starting_positions,111,7,6,Center/Greedy Agent,RED,RED,1,19,0,False
unseen_starting_positions,112,7,6,Center/Greedy Agent,BLUE,BLUE,1,18,0,False
unseen_starting_positions,113,7,6,Center/Greedy Agent,RED,RED,1,19,0,False
unseen_starting_positions,114,7,6,Center/Greedy Agent,BLUE,BLUE,1,30,0,False
unseen_starting_positions,115,7,6,Center/Greedy Agent,RED,RED,1,27,0,False
unseen_starting_positions,116,7,6,Center/Greedy Agent,BLUE,BLUE,1,18,0,False
unseen_starting_positions,117,7,6,Center/Greedy Agent,RED,RED,1,41,0,False
unseen_starting_positions,118,7,6,Center/Greedy Agent,BLUE,BLUE,1,18,0,False
unseen_starting_positions,119,7,6,Center/Greedy Agent,RED,RED,1,31,0,False
unseen_starting_positions,120,7,6,Center/Greedy Agent,BLUE,BLUE,1,18,0,False
unseen_starting_positions,121,7,6,Center/Greedy Agent,RED,RED,1,17,0,False
unseen_starting_positions,122,7,6,Center/Greedy Agent,BLUE,BLUE,1,20,0,False
unseen_starting_positions,123,7,6,Center/Greedy Agent,RED,RED,1,19,0,False
unseen_starting_positions,124,7,6,Center/Greedy Agent,BLUE,BLUE,1,20,0,False
unseen_starting_positions,125,7,6,Center/Greedy Agent,RED,RED,1,17,0,False
unseen_starting_positions,126,7,6,Center/Greedy Agent,BLUE,BLUE,1,18,0,False
unseen_starting_positions,127,7,6,Center/Greedy Agent,RED,RED,1,19,0,False
unseen_starting_positions,128,7,6,Center/Greedy Agent,BLUE,BLUE,1,30,0,False
unseen_starting_positions,129,7,6,Center/Greedy Agent,RED,RED,1,29,0,False
unseen_starting_positions,130,7,6,Center/Greedy Agent,BLUE,BLUE,1,20,0,False
unseen_starting_positions,131,7,6,Center/Greedy Agent,RED,RED,1,17,0,False
unseen_starting_positions,132,7,6,Center/Greedy Agent,BLUE,BLUE,1,20,0,False
unseen_starting_positions,133,7,6,Center/Greedy Agent,RED,RED,1,15,0,False
unseen_starting_positions,134,7,6,Center/Greedy Agent,BLUE,RED,0,21,0,False
unseen_starting_positions,135,7,6,Center/Greedy Agent,RED,RED,1,17,0,False
unseen_starting_positions,136,7,6,Center/Greedy Agent,BLUE,BLUE,1,22,0,False
unseen_starting_positions,137,7,6,Center/Greedy Agent,RED,RED,1,25,0,False
unseen_starting_positions,138,7,6,Center/Greedy Agent,BLUE,BLUE,1,18,0,False
unseen_starting_positions,139,7,6,Center/Greedy Agent,RED,RED,1,15,0,False
unseen_starting_positions,140,7,6,Center/Greedy Agent,BLUE,BLUE,1,18,0,False
unseen_starting_positions,141,7,6,Center/Greedy Agent,RED,RED,1,19,0,False
unseen_starting_positions,142,7,6,Center/Greedy Agent,BLUE,BLUE,1,18,0,False
unseen_starting_positions,143,7,6,Center/Greedy Agent,RED,RED,1,19,0,False
unseen_starting_positions,144,7,6,Center/Greedy Agent,BLUE,BLUE,1,20,0,False
unseen_starting_positions,145,7,6,Center/Greedy Agent,RED,RED,1,19,0,False
unseen_starting_positions,146,7,6,Center/Greedy Agent,BLUE,BLUE,1,22,0,False
unseen_starting_positions,147,7,6,Center/Greedy Agent,RED,RED,1,21,0,False
unseen_starting_positions,148,7,6,Center/Greedy Agent,BLUE,BLUE,1,26,0,False
unseen_starting_positions,149,7,6,Center/Greedy Agent,RED,RED,1,17,0,False
unseen_starting_positions,150,7,6,Center/Greedy Agent,BLUE,BLUE,1,22,0,False
unseen_starting_positions,151,7,6,Center/Greedy Agent,RED,RED,1,19,0,False
unseen_starting_positions,152,7,6,Center/Greedy Agent,BLUE,BLUE,1,22,0,False
unseen_starting_positions,153,7,6,Center/Greedy Agent,RED,RED,1,17,0,False
unseen_starting_positions,154,7,6,Center/Greedy Agent,BLUE,BLUE,1,18,0,False
unseen_starting_positions,155,7,6,Center/Greedy Agent,RED,RED,1,19,0,False
unseen_starting_positions,156,7,6,Center/Greedy Agent,BLUE,BLUE,1,16,0,False
unseen_starting_positions,157,7,6,Center/Greedy Agent,RED,RED,1,21,0,False
unseen_starting_positions,158,7,6,Center/Greedy Agent,BLUE,BLUE,1,16,0,False
unseen_starting_positions,159,7,6,Center/Greedy Agent,RED,RED,1,19,0,False
unseen_starting_positions,160,7,6,Center/Greedy Agent,BLUE,BLUE,1,16,0,False
unseen_starting_positions,161,7,6,Center/Greedy Agent,RED,RED,1,25,0,False
unseen_starting_positions,162,7,6,Center/Greedy Agent,BLUE,BLUE,1,20,0,False
unseen_starting_positions,163,7,6,Center/Greedy Agent,RED,RED,1,17,0,False
unseen_starting_positions,164,7,6,Center/Greedy Agent,BLUE,BLUE,1,22,0,False
unseen_starting_positions,165,7,6,Center/Greedy Agent,RED,RED,1,19,0,False
unseen_starting_positions,166,7,6,Center/Greedy Agent,BLUE,BLUE,1,30,0,False
unseen_starting_positions,167,7,6,Center/Greedy Agent,RED,RED,1,17,0,False
unseen_starting_positions,168,7,6,Center/Greedy Agent,BLUE,BLUE,1,18,0,False
unseen_starting_positions,169,7,6,Center/Greedy Agent,RED,RED,1,17,0,False
unseen_starting_positions,170,7,6,Center/Greedy Agent,BLUE,BLUE,1,26,0,False
unseen_starting_positions,171,7,6,Center/Greedy Agent,RED,RED,1,19,0,False
unseen_starting_positions,172,7,6,Center/Greedy Agent,BLUE,BLUE,1,20,0,False
unseen_starting_positions,173,7,6,Center/Greedy Agent,RED,RED,1,19,0,False
unseen_starting_positions,174,7,6,Center/Greedy Agent,BLUE,BLUE,1,18,0,False
unseen_starting_positions,175,7,6,Center/Greedy Agent,RED,RED,1,19,0,False
unseen_starting_positions,176,7,6,Center/Greedy Agent,BLUE,RED,0,33,0,False
unseen_starting_positions,177,7,6,Center/Greedy Agent,RED,RED,1,21,0,False
unseen_starting_positions,178,7,6,Center/Greedy Agent,BLUE,BLUE,1,18,0,False
unseen_starting_positions,179,7,6,Center/Greedy Agent,RED,RED,1,21,0,False
unseen_starting_positions,180,7,6,Center/Greedy Agent,BLUE,BLUE,1,18,0,False
unseen_starting_positions,181,7,6,Center/Greedy Agent,RED,RED,1,21,0,False
unseen_starting_positions,182,7,6,Center/Greedy Agent,BLUE,BLUE,1,20,0,False
unseen_starting_positions,183,7,6,Center/Greedy Agent,RED,RED,1,25,0,False
unseen_starting_positions,184,7,6,Center/Greedy Agent,BLUE,BLUE,1,18,0,False
unseen_starting_positions,185,7,6,Center/Greedy Agent,RED,RED,1,27,0,False
unseen_starting_positions,186,7,6,Center/Greedy Agent,BLUE,BLUE,1,18,0,False
unseen_starting_positions,187,7,6,Center/Greedy Agent,RED,RED,1,17,0,False
unseen_starting_positions,188,7,6,Center/Greedy Agent,BLUE,BLUE,1,20,0,False
unseen_starting_positions,189,7,6,Center/Greedy Agent,RED,RED,1,19,0,False
unseen_starting_positions,190,7,6,Center/Greedy Agent,BLUE,BLUE,1,20,0,False
unseen_starting_positions,191,7,6,Center/Greedy Agent,RED,RED,1,23,0,False
unseen_starting_positions,192,7,6,Center/Greedy Agent,BLUE,BLUE,1,20,0,False
unseen_starting_positions,193,7,6,Center/Greedy Agent,RED,BLUE,0,34,0,False
unseen_starting_positions,194,7,6,Center/Greedy Agent,BLUE,BLUE,1,20,0,False
unseen_starting_positions,195,7,6,Center/Greedy Agent,RED,RED,1,19,0,False
unseen_starting_positions,196,7,6,Center/Greedy Agent,BLUE,BLUE,1,18,0,False
unseen_starting_positions,197,7,6,Center/Greedy Agent,RED,RED,1,25,0,False
unseen_starting_positions,198,7,6,Center/Greedy Agent,BLUE,BLUE,1,26,0,False
unseen_starting_positions,199,7,6,Center/Greedy Agent,RED,RED,1,21,0,False
unseen_starting_positions,200,7,6,Center/Greedy Agent,BLUE,BLUE,1,22,0,False
unseen_starting_positions,1,7,8,Random Agent,RED,RED,1,19,0,False
unseen_starting_positions,2,7,8,Random Agent,BLUE,BLUE,1,24,0,False
unseen_starting_positions,3,7,8,Random Agent,RED,RED,1,21,0,False
unseen_starting_positions,4,7,8,Random Agent,BLUE,BLUE,1,20,0,False
unseen_starting_positions,5,7,8,Random Agent,RED,RED,1,21,0,False
unseen_starting_positions,6,7,8,Random Agent,BLUE,RED,0,43,0,False
unseen_starting_positions,7,7,8,Random Agent,RED,RED,1,21,0,False
unseen_starting_positions,8,7,8,Random Agent,BLUE,BLUE,1,20,0,False
unseen_starting_positions,9,7,8,Random Agent,RED,RED,1,33,0,False
unseen_starting_positions,10,7,8,Random Agent,BLUE,BLUE,1,24,0,False
unseen_starting_positions,11,7,8,Random Agent,RED,RED,1,19,0,False
unseen_starting_positions,12,7,8,Random Agent,BLUE,RED,0,43,0,False
unseen_starting_positions,13,7,8,Random Agent,RED,RED,1,33,0,False
unseen_starting_positions,14,7,8,Random Agent,BLUE,BLUE,1,48,0,False
unseen_starting_positions,15,7,8,Random Agent,RED,RED,1,31,0,False
unseen_starting_positions,16,7,8,Random Agent,BLUE,BLUE,1,20,0,False
unseen_starting_positions,17,7,8,Random Agent,RED,RED,1,25,0,False
unseen_starting_positions,18,7,8,Random Agent,BLUE,BLUE,1,22,0,False
unseen_starting_positions,19,7,8,Random Agent,RED,RED,1,27,0,False
unseen_starting_positions,20,7,8,Random Agent,BLUE,BLUE,1,28,0,False
unseen_starting_positions,21,7,8,Random Agent,RED,RED,1,33,0,False
unseen_starting_positions,22,7,8,Random Agent,BLUE,RED,0,29,0,False
unseen_starting_positions,23,7,8,Random Agent,RED,BLUE,0,40,0,False
unseen_starting_positions,24,7,8,Random Agent,BLUE,RED,0,49,0,False
unseen_starting_positions,25,7,8,Random Agent,RED,RED,1,35,0,False
unseen_starting_positions,26,7,8,Random Agent,BLUE,BLUE,1,48,0,False
unseen_starting_positions,27,7,8,Random Agent,RED,RED,1,25,0,False
unseen_starting_positions,28,7,8,Random Agent,BLUE,BLUE,1,20,0,False
unseen_starting_positions,29,7,8,Random Agent,RED,RED,1,21,0,False
unseen_starting_positions,30,7,8,Random Agent,BLUE,BLUE,1,36,0,False
unseen_starting_positions,31,7,8,Random Agent,RED,RED,1,35,0,False
unseen_starting_positions,32,7,8,Random Agent,BLUE,BLUE,1,18,0,False
unseen_starting_positions,33,7,8,Random Agent,RED,RED,1,27,0,False
unseen_starting_positions,34,7,8,Random Agent,BLUE,BLUE,1,28,0,False
unseen_starting_positions,35,7,8,Random Agent,RED,BLUE,0,40,0,False
unseen_starting_positions,36,7,8,Random Agent,BLUE,BLUE,1,16,0,False
unseen_starting_positions,37,7,8,Random Agent,RED,RED,1,21,0,False
unseen_starting_positions,38,7,8,Random Agent,BLUE,BLUE,1,36,0,False
unseen_starting_positions,39,7,8,Random Agent,RED,RED,1,21,0,False
unseen_starting_positions,40,7,8,Random Agent,BLUE,BLUE,1,22,0,False
unseen_starting_positions,41,7,8,Random Agent,RED,RED,1,21,0,False
unseen_starting_positions,42,7,8,Random Agent,BLUE,BLUE,1,28,0,False
unseen_starting_positions,43,7,8,Random Agent,RED,RED,1,21,0,False
unseen_starting_positions,44,7,8,Random Agent,BLUE,BLUE,1,48,0,False
unseen_starting_positions,45,7,8,Random Agent,RED,RED,1,23,0,False
unseen_starting_positions,46,7,8,Random Agent,BLUE,BLUE,1,28,0,False
unseen_starting_positions,47,7,8,Random Agent,RED,BLUE,0,36,0,False
unseen_starting_positions,48,7,8,Random Agent,BLUE,BLUE,1,24,0,False
unseen_starting_positions,49,7,8,Random Agent,RED,RED,1,21,0,False
unseen_starting_positions,50,7,8,Random Agent,BLUE,RED,0,41,0,False
unseen_starting_positions,51,7,8,Random Agent,RED,RED,1,29,0,False
unseen_starting_positions,52,7,8,Random Agent,BLUE,BLUE,1,20,0,False
unseen_starting_positions,53,7,8,Random Agent,RED,RED,1,21,0,False
unseen_starting_positions,54,7,8,Random Agent,BLUE,BLUE,1,22,0,False
unseen_starting_positions,55,7,8,Random Agent,RED,RED,1,19,0,False
unseen_starting_positions,56,7,8,Random Agent,BLUE,BLUE,1,36,0,False
unseen_starting_positions,57,7,8,Random Agent,RED,RED,1,27,0,False
unseen_starting_positions,58,7,8,Random Agent,BLUE,BLUE,1,32,0,False
unseen_starting_positions,59,7,8,Random Agent,RED,RED,1,37,0,False
unseen_starting_positions,60,7,8,Random Agent,BLUE,RED,0,39,0,False
unseen_starting_positions,61,7,8,Random Agent,RED,RED,1,17,0,False
unseen_starting_positions,62,7,8,Random Agent,BLUE,BLUE,1,20,0,False
unseen_starting_positions,63,7,8,Random Agent,RED,RED,1,21,0,False
unseen_starting_positions,64,7,8,Random Agent,BLUE,RED,0,49,0,False
unseen_starting_positions,65,7,8,Random Agent,RED,RED,1,17,0,False
unseen_starting_positions,66,7,8,Random Agent,BLUE,BLUE,1,28,0,False
unseen_starting_positions,67,7,8,Random Agent,RED,RED,1,21,0,False
unseen_starting_positions,68,7,8,Random Agent,BLUE,BLUE,1,18,0,False
unseen_starting_positions,69,7,8,Random Agent,RED,RED,1,41,0,False
unseen_starting_positions,70,7,8,Random Agent,BLUE,BLUE,1,20,0,False
unseen_starting_positions,71,7,8,Random Agent,RED,RED,1,33,0,False
unseen_starting_positions,72,7,8,Random Agent,BLUE,BLUE,1,24,0,False
unseen_starting_positions,73,7,8,Random Agent,RED,RED,1,45,0,False
unseen_starting_positions,74,7,8,Random Agent,BLUE,BLUE,1,40,0,False
unseen_starting_positions,75,7,8,Random Agent,RED,RED,1,45,0,False
unseen_starting_positions,76,7,8,Random Agent,BLUE,RED,0,45,0,False
unseen_starting_positions,77,7,8,Random Agent,RED,RED,1,23,0,False
unseen_starting_positions,78,7,8,Random Agent,BLUE,RED,0,39,0,False
unseen_starting_positions,79,7,8,Random Agent,RED,RED,1,25,0,False
unseen_starting_positions,80,7,8,Random Agent,BLUE,BLUE,1,38,0,False
unseen_starting_positions,81,7,8,Random Agent,RED,RED,1,45,0,False
unseen_starting_positions,82,7,8,Random Agent,BLUE,RED,0,31,0,False
unseen_starting_positions,83,7,8,Random Agent,RED,RED,1,21,0,False
unseen_starting_positions,84,7,8,Random Agent,BLUE,RED,0,49,0,False
unseen_starting_positions,85,7,8,Random Agent,RED,BLUE,0,48,0,False
unseen_starting_positions,86,7,8,Random Agent,BLUE,BLUE,1,24,0,False
unseen_starting_positions,87,7,8,Random Agent,RED,RED,1,21,0,False
unseen_starting_positions,88,7,8,Random Agent,BLUE,RED,0,39,0,False
unseen_starting_positions,89,7,8,Random Agent,RED,RED,1,35,0,False
unseen_starting_positions,90,7,8,Random Agent,BLUE,BLUE,1,22,0,False
unseen_starting_positions,91,7,8,Random Agent,RED,RED,1,19,0,False
unseen_starting_positions,92,7,8,Random Agent,BLUE,BLUE,1,20,0,False
unseen_starting_positions,93,7,8,Random Agent,RED,RED,1,23,0,False
unseen_starting_positions,94,7,8,Random Agent,BLUE,BLUE,1,48,0,False
unseen_starting_positions,95,7,8,Random Agent,RED,RED,1,35,0,False
unseen_starting_positions,96,7,8,Random Agent,BLUE,RED,0,39,0,False
unseen_starting_positions,97,7,8,Random Agent,RED,RED,1,21,0,False
unseen_starting_positions,98,7,8,Random Agent,BLUE,RED,0,45,0,False
unseen_starting_positions,99,7,8,Random Agent,RED,RED,1,23,0,False
unseen_starting_positions,100,7,8,Random Agent,BLUE,BLUE,1,36,0,False
unseen_starting_positions,101,7,8,Random Agent,RED,RED,1,19,0,False
unseen_starting_positions,102,7,8,Random Agent,BLUE,BLUE,1,18,0,False
unseen_starting_positions,103,7,8,Random Agent,RED,BLUE,0,36,0,False
unseen_starting_positions,104,7,8,Random Agent,BLUE,BLUE,1,18,0,False
unseen_starting_positions,105,7,8,Random Agent,RED,RED,1,23,0,False
unseen_starting_positions,106,7,8,Random Agent,BLUE,RED,0,47,0,False
unseen_starting_positions,107,7,8,Random Agent,RED,RED,1,21,0,False
unseen_starting_positions,108,7,8,Random Agent,BLUE,BLUE,1,26,0,False
unseen_starting_positions,109,7,8,Random Agent,RED,RED,1,19,0,False
unseen_starting_positions,110,7,8,Random Agent,BLUE,BLUE,1,36,0,False
unseen_starting_positions,111,7,8,Random Agent,RED,RED,1,33,0,False
unseen_starting_positions,112,7,8,Random Agent,BLUE,BLUE,1,42,0,False
unseen_starting_positions,113,7,8,Random Agent,RED,RED,1,25,0,False
unseen_starting_positions,114,7,8,Random Agent,BLUE,RED,0,45,0,False
unseen_starting_positions,115,7,8,Random Agent,RED,RED,1,19,0,False
unseen_starting_positions,116,7,8,Random Agent,BLUE,RED,0,35,0,False
unseen_starting_positions,117,7,8,Random Agent,RED,BLUE,0,40,0,False
unseen_starting_positions,118,7,8,Random Agent,BLUE,BLUE,1,26,0,False
unseen_starting_positions,119,7,8,Random Agent,RED,RED,1,27,0,False
unseen_starting_positions,120,7,8,Random Agent,BLUE,BLUE,1,46,0,False
unseen_starting_positions,121,7,8,Random Agent,RED,RED,1,19,0,False
unseen_starting_positions,122,7,8,Random Agent,BLUE,BLUE,1,26,0,False
unseen_starting_positions,123,7,8,Random Agent,RED,BLUE,0,40,0,False
unseen_starting_positions,124,7,8,Random Agent,BLUE,BLUE,1,32,0,False
unseen_starting_positions,125,7,8,Random Agent,RED,RED,1,25,0,False
unseen_starting_positions,126,7,8,Random Agent,BLUE,RED,0,35,0,False
unseen_starting_positions,127,7,8,Random Agent,RED,RED,1,21,0,False
unseen_starting_positions,128,7,8,Random Agent,BLUE,BLUE,1,18,0,False
unseen_starting_positions,129,7,8,Random Agent,RED,RED,1,35,0,False
unseen_starting_positions,130,7,8,Random Agent,BLUE,BLUE,1,22,0,False
unseen_starting_positions,131,7,8,Random Agent,RED,RED,1,33,0,False
unseen_starting_positions,132,7,8,Random Agent,BLUE,BLUE,1,22,0,False
unseen_starting_positions,133,7,8,Random Agent,RED,RED,1,33,0,False
unseen_starting_positions,134,7,8,Random Agent,BLUE,BLUE,1,22,0,False
unseen_starting_positions,135,7,8,Random Agent,RED,BLUE,0,42,0,False
unseen_starting_positions,136,7,8,Random Agent,BLUE,BLUE,1,26,0,False
unseen_starting_positions,137,7,8,Random Agent,RED,RED,1,49,0,False
unseen_starting_positions,138,7,8,Random Agent,BLUE,BLUE,1,40,0,False
unseen_starting_positions,139,7,8,Random Agent,RED,RED,1,21,0,False
unseen_starting_positions,140,7,8,Random Agent,BLUE,BLUE,1,26,0,False
unseen_starting_positions,141,7,8,Random Agent,RED,RED,1,15,0,False
unseen_starting_positions,142,7,8,Random Agent,BLUE,BLUE,1,42,0,False
unseen_starting_positions,143,7,8,Random Agent,RED,RED,1,39,0,False
unseen_starting_positions,144,7,8,Random Agent,BLUE,BLUE,1,34,0,False
unseen_starting_positions,145,7,8,Random Agent,RED,RED,1,19,0,False
unseen_starting_positions,146,7,8,Random Agent,BLUE,BLUE,1,28,0,False
unseen_starting_positions,147,7,8,Random Agent,RED,BLUE,0,38,0,False
unseen_starting_positions,148,7,8,Random Agent,BLUE,BLUE,1,30,0,False
unseen_starting_positions,149,7,8,Random Agent,RED,RED,1,27,0,False
unseen_starting_positions,150,7,8,Random Agent,BLUE,RED,0,43,0,False
unseen_starting_positions,151,7,8,Random Agent,RED,RED,1,19,0,False
unseen_starting_positions,152,7,8,Random Agent,BLUE,BLUE,1,40,0,False
unseen_starting_positions,153,7,8,Random Agent,RED,BLUE,0,42,0,False
unseen_starting_positions,154,7,8,Random Agent,BLUE,BLUE,1,34,0,False
unseen_starting_positions,155,7,8,Random Agent,RED,RED,1,19,0,False
unseen_starting_positions,156,7,8,Random Agent,BLUE,RED,0,35,0,False
unseen_starting_positions,157,7,8,Random Agent,RED,RED,1,39,0,False
unseen_starting_positions,158,7,8,Random Agent,BLUE,BLUE,1,30,0,False
unseen_starting_positions,159,7,8,Random Agent,RED,RED,1,19,0,False
unseen_starting_positions,160,7,8,Random Agent,BLUE,RED,0,35,0,False
unseen_starting_positions,161,7,8,Random Agent,RED,RED,1,37,0,False
unseen_starting_positions,162,7,8,Random Agent,BLUE,BLUE,1,34,0,False
unseen_starting_positions,163,7,8,Random Agent,RED,RED,1,23,0,False
unseen_starting_positions,164,7,8,Random Agent,BLUE,BLUE,1,22,0,False
unseen_starting_positions,165,7,8,Random Agent,RED,BLUE,0,40,0,False
unseen_starting_positions,166,7,8,Random Agent,BLUE,BLUE,1,48,0,False
unseen_starting_positions,167,7,8,Random Agent,RED,RED,1,41,0,False
unseen_starting_positions,168,7,8,Random Agent,BLUE,BLUE,1,42,0,False
unseen_starting_positions,169,7,8,Random Agent,RED,RED,1,19,0,False
unseen_starting_positions,170,7,8,Random Agent,BLUE,BLUE,1,46,0,False
unseen_starting_positions,171,7,8,Random Agent,RED,RED,1,25,0,False
unseen_starting_positions,172,7,8,Random Agent,BLUE,RED,0,47,0,False
unseen_starting_positions,173,7,8,Random Agent,RED,BLUE,0,48,0,False
unseen_starting_positions,174,7,8,Random Agent,BLUE,BLUE,1,20,0,False
unseen_starting_positions,175,7,8,Random Agent,RED,RED,1,21,0,False
unseen_starting_positions,176,7,8,Random Agent,BLUE,BLUE,1,44,0,False
unseen_starting_positions,177,7,8,Random Agent,RED,RED,1,47,0,False
unseen_starting_positions,178,7,8,Random Agent,BLUE,BLUE,1,34,0,False
unseen_starting_positions,179,7,8,Random Agent,RED,RED,1,27,0,False
unseen_starting_positions,180,7,8,Random Agent,BLUE,BLUE,1,44,0,False
unseen_starting_positions,181,7,8,Random Agent,RED,RED,1,19,0,False
unseen_starting_positions,182,7,8,Random Agent,BLUE,BLUE,1,22,0,False
unseen_starting_positions,183,7,8,Random Agent,RED,RED,1,27,0,False
unseen_starting_positions,184,7,8,Random Agent,BLUE,BLUE,1,24,0,False
unseen_starting_positions,185,7,8,Random Agent,RED,RED,1,21,0,False
unseen_starting_positions,186,7,8,Random Agent,BLUE,BLUE,1,24,0,False
unseen_starting_positions,187,7,8,Random Agent,RED,RED,1,29,0,False
unseen_starting_positions,188,7,8,Random Agent,BLUE,BLUE,1,24,0,False
unseen_starting_positions,189,7,8,Random Agent,RED,RED,1,17,0,False
unseen_starting_positions,190,7,8,Random Agent,BLUE,BLUE,1,28,0,False
unseen_starting_positions,191,7,8,Random Agent,RED,RED,1,19,0,False
unseen_starting_positions,192,7,8,Random Agent,BLUE,BLUE,1,40,0,False
unseen_starting_positions,193,7,8,Random Agent,RED,RED,1,27,0,False
unseen_starting_positions,194,7,8,Random Agent,BLUE,RED,0,47,0,False
unseen_starting_positions,195,7,8,Random Agent,RED,RED,1,43,0,False
unseen_starting_positions,196,7,8,Random Agent,BLUE,BLUE,1,26,0,False
unseen_starting_positions,197,7,8,Random Agent,RED,RED,1,27,0,False
unseen_starting_positions,198,7,8,Random Agent,BLUE,BLUE,1,20,0,False
unseen_starting_positions,199,7,8,Random Agent,RED,RED,1,21,0,False
unseen_starting_positions,200,7,8,Random Agent,BLUE,BLUE,1,16,0,False
unseen_starting_positions,1,7,8,Center/Greedy Agent,RED,RED,1,25,0,False
unseen_starting_positions,2,7,8,Center/Greedy Agent,BLUE,BLUE,1,44,0,False
unseen_starting_positions,3,7,8,Center/Greedy Agent,RED,RED,1,19,0,False
unseen_starting_positions,4,7,8,Center/Greedy Agent,BLUE,BLUE,1,20,0,False
unseen_starting_positions,5,7,8,Center/Greedy Agent,RED,RED,1,21,0,False
unseen_starting_positions,6,7,8,Center/Greedy Agent,BLUE,BLUE,1,22,0,False
unseen_starting_positions,7,7,8,Center/Greedy Agent,RED,RED,1,45,0,False
unseen_starting_positions,8,7,8,Center/Greedy Agent,BLUE,BLUE,1,22,0,False
unseen_starting_positions,9,7,8,Center/Greedy Agent,RED,RED,1,33,0,False
unseen_starting_positions,10,7,8,Center/Greedy Agent,BLUE,BLUE,1,20,0,False
unseen_starting_positions,11,7,8,Center/Greedy Agent,RED,RED,1,17,0,False
unseen_starting_positions,12,7,8,Center/Greedy Agent,BLUE,BLUE,1,24,0,False
unseen_starting_positions,13,7,8,Center/Greedy Agent,RED,RED,1,29,0,False
unseen_starting_positions,14,7,8,Center/Greedy Agent,BLUE,BLUE,1,22,0,False
unseen_starting_positions,15,7,8,Center/Greedy Agent,RED,RED,1,19,0,False
unseen_starting_positions,16,7,8,Center/Greedy Agent,BLUE,BLUE,1,20,0,False
unseen_starting_positions,17,7,8,Center/Greedy Agent,RED,RED,1,29,0,False
unseen_starting_positions,18,7,8,Center/Greedy Agent,BLUE,BLUE,1,32,0,False
unseen_starting_positions,19,7,8,Center/Greedy Agent,RED,BLUE,0,26,0,False
unseen_starting_positions,20,7,8,Center/Greedy Agent,BLUE,BLUE,1,24,0,False
unseen_starting_positions,21,7,8,Center/Greedy Agent,RED,RED,1,23,0,False
unseen_starting_positions,22,7,8,Center/Greedy Agent,BLUE,BLUE,1,32,0,False
unseen_starting_positions,23,7,8,Center/Greedy Agent,RED,RED,1,25,0,False
unseen_starting_positions,24,7,8,Center/Greedy Agent,BLUE,BLUE,1,24,0,False
unseen_starting_positions,25,7,8,Center/Greedy Agent,RED,RED,1,29,0,False
unseen_starting_positions,26,7,8,Center/Greedy Agent,BLUE,BLUE,1,46,0,False
unseen_starting_positions,27,7,8,Center/Greedy Agent,RED,RED,1,23,0,False
unseen_starting_positions,28,7,8,Center/Greedy Agent,BLUE,BLUE,1,24,0,False
unseen_starting_positions,29,7,8,Center/Greedy Agent,RED,RED,1,21,0,False
unseen_starting_positions,30,7,8,Center/Greedy Agent,BLUE,RED,0,33,0,False
unseen_starting_positions,31,7,8,Center/Greedy Agent,RED,RED,1,23,0,False
unseen_starting_positions,32,7,8,Center/Greedy Agent,BLUE,RED,0,35,0,False
unseen_starting_positions,33,7,8,Center/Greedy Agent,RED,RED,1,21,0,False
unseen_starting_positions,34,7,8,Center/Greedy Agent,BLUE,BLUE,1,24,0,False
unseen_starting_positions,35,7,8,Center/Greedy Agent,RED,RED,1,21,0,False
unseen_starting_positions,36,7,8,Center/Greedy Agent,BLUE,BLUE,1,18,0,False
unseen_starting_positions,37,7,8,Center/Greedy Agent,RED,RED,1,35,0,False
unseen_starting_positions,38,7,8,Center/Greedy Agent,BLUE,RED,0,27,0,False
unseen_starting_positions,39,7,8,Center/Greedy Agent,RED,RED,1,21,0,False
unseen_starting_positions,40,7,8,Center/Greedy Agent,BLUE,BLUE,1,20,0,False
unseen_starting_positions,41,7,8,Center/Greedy Agent,RED,RED,1,35,0,False
unseen_starting_positions,42,7,8,Center/Greedy Agent,BLUE,BLUE,1,32,0,False
unseen_starting_positions,43,7,8,Center/Greedy Agent,RED,RED,1,23,0,False
unseen_starting_positions,44,7,8,Center/Greedy Agent,BLUE,BLUE,1,20,0,False
unseen_starting_positions,45,7,8,Center/Greedy Agent,RED,RED,1,21,0,False
unseen_starting_positions,46,7,8,Center/Greedy Agent,BLUE,BLUE,1,22,0,False
unseen_starting_positions,47,7,8,Center/Greedy Agent,RED,RED,1,17,0,False
unseen_starting_positions,48,7,8,Center/Greedy Agent,BLUE,BLUE,1,24,0,False
unseen_starting_positions,49,7,8,Center/Greedy Agent,RED,RED,1,21,0,False
unseen_starting_positions,50,7,8,Center/Greedy Agent,BLUE,BLUE,1,20,0,False
unseen_starting_positions,51,7,8,Center/Greedy Agent,RED,RED,1,17,0,False
unseen_starting_positions,52,7,8,Center/Greedy Agent,BLUE,BLUE,1,20,0,False
unseen_starting_positions,53,7,8,Center/Greedy Agent,RED,RED,1,23,0,False
unseen_starting_positions,54,7,8,Center/Greedy Agent,BLUE,BLUE,1,20,0,False
unseen_starting_positions,55,7,8,Center/Greedy Agent,RED,RED,1,21,0,False
unseen_starting_positions,56,7,8,Center/Greedy Agent,BLUE,BLUE,1,42,0,False
unseen_starting_positions,57,7,8,Center/Greedy Agent,RED,RED,1,19,0,False
unseen_starting_positions,58,7,8,Center/Greedy Agent,BLUE,BLUE,1,22,0,False
unseen_starting_positions,59,7,8,Center/Greedy Agent,RED,RED,1,23,0,False
unseen_starting_positions,60,7,8,Center/Greedy Agent,BLUE,BLUE,1,22,0,False
unseen_starting_positions,61,7,8,Center/Greedy Agent,RED,RED,1,17,0,False
unseen_starting_positions,62,7,8,Center/Greedy Agent,BLUE,BLUE,1,18,0,False
unseen_starting_positions,63,7,8,Center/Greedy Agent,RED,RED,1,19,0,False
unseen_starting_positions,64,7,8,Center/Greedy Agent,BLUE,BLUE,1,18,0,False
unseen_starting_positions,65,7,8,Center/Greedy Agent,RED,RED,1,19,0,False
unseen_starting_positions,66,7,8,Center/Greedy Agent,BLUE,RED,0,43,0,False
unseen_starting_positions,67,7,8,Center/Greedy Agent,RED,RED,1,19,0,False
unseen_starting_positions,68,7,8,Center/Greedy Agent,BLUE,BLUE,1,18,0,False
unseen_starting_positions,69,7,8,Center/Greedy Agent,RED,RED,1,17,0,False
unseen_starting_positions,70,7,8,Center/Greedy Agent,BLUE,BLUE,1,20,0,False
unseen_starting_positions,71,7,8,Center/Greedy Agent,RED,RED,1,37,0,False
unseen_starting_positions,72,7,8,Center/Greedy Agent,BLUE,BLUE,1,22,0,False
unseen_starting_positions,73,7,8,Center/Greedy Agent,RED,RED,1,33,0,False
unseen_starting_positions,74,7,8,Center/Greedy Agent,BLUE,RED,0,43,0,False
unseen_starting_positions,75,7,8,Center/Greedy Agent,RED,RED,1,19,0,False
unseen_starting_positions,76,7,8,Center/Greedy Agent,BLUE,BLUE,1,24,0,False
unseen_starting_positions,77,7,8,Center/Greedy Agent,RED,RED,1,19,0,False
unseen_starting_positions,78,7,8,Center/Greedy Agent,BLUE,BLUE,1,22,0,False
unseen_starting_positions,79,7,8,Center/Greedy Agent,RED,RED,1,19,0,False
unseen_starting_positions,80,7,8,Center/Greedy Agent,BLUE,RED,0,31,0,False
unseen_starting_positions,81,7,8,Center/Greedy Agent,RED,RED,1,33,0,False
unseen_starting_positions,82,7,8,Center/Greedy Agent,BLUE,BLUE,1,24,0,False
unseen_starting_positions,83,7,8,Center/Greedy Agent,RED,RED,1,25,0,False
unseen_starting_positions,84,7,8,Center/Greedy Agent,BLUE,BLUE,1,20,0,False
unseen_starting_positions,85,7,8,Center/Greedy Agent,RED,RED,1,27,0,False
unseen_starting_positions,86,7,8,Center/Greedy Agent,BLUE,BLUE,1,22,0,False
unseen_starting_positions,87,7,8,Center/Greedy Agent,RED,RED,1,19,0,False
unseen_starting_positions,88,7,8,Center/Greedy Agent,BLUE,RED,0,33,0,False
unseen_starting_positions,89,7,8,Center/Greedy Agent,RED,RED,1,29,0,False
unseen_starting_positions,90,7,8,Center/Greedy Agent,BLUE,BLUE,1,20,0,False
unseen_starting_positions,91,7,8,Center/Greedy Agent,RED,RED,1,19,0,False
unseen_starting_positions,92,7,8,Center/Greedy Agent,BLUE,BLUE,1,20,0,False
unseen_starting_positions,93,7,8,Center/Greedy Agent,RED,RED,1,23,0,False
unseen_starting_positions,94,7,8,Center/Greedy Agent,BLUE,BLUE,1,36,0,False
unseen_starting_positions,95,7,8,Center/Greedy Agent,RED,RED,1,29,0,False
unseen_starting_positions,96,7,8,Center/Greedy Agent,BLUE,BLUE,1,18,0,False
unseen_starting_positions,97,7,8,Center/Greedy Agent,RED,RED,1,21,0,False
unseen_starting_positions,98,7,8,Center/Greedy Agent,BLUE,BLUE,1,18,0,False
unseen_starting_positions,99,7,8,Center/Greedy Agent,RED,RED,1,27,0,False
unseen_starting_positions,100,7,8,Center/Greedy Agent,BLUE,RED,0,33,0,False
unseen_starting_positions,101,7,8,Center/Greedy Agent,RED,RED,1,21,0,False
unseen_starting_positions,102,7,8,Center/Greedy Agent,BLUE,BLUE,1,16,0,False
unseen_starting_positions,103,7,8,Center/Greedy Agent,RED,RED,1,23,0,False
unseen_starting_positions,104,7,8,Center/Greedy Agent,BLUE,BLUE,1,18,0,False
unseen_starting_positions,105,7,8,Center/Greedy Agent,RED,RED,1,19,0,False
unseen_starting_positions,106,7,8,Center/Greedy Agent,BLUE,BLUE,1,18,0,False
unseen_starting_positions,107,7,8,Center/Greedy Agent,RED,RED,1,21,0,False
unseen_starting_positions,108,7,8,Center/Greedy Agent,BLUE,BLUE,1,30,0,False
unseen_starting_positions,109,7,8,Center/Greedy Agent,RED,RED,1,19,0,False
unseen_starting_positions,110,7,8,Center/Greedy Agent,BLUE,BLUE,1,22,0,False
unseen_starting_positions,111,7,8,Center/Greedy Agent,RED,RED,1,25,0,False
unseen_starting_positions,112,7,8,Center/Greedy Agent,BLUE,RED,0,35,0,False
unseen_starting_positions,113,7,8,Center/Greedy Agent,RED,RED,1,25,0,False
unseen_starting_positions,114,7,8,Center/Greedy Agent,BLUE,BLUE,1,20,0,False
unseen_starting_positions,115,7,8,Center/Greedy Agent,RED,RED,1,19,0,False
unseen_starting_positions,116,7,8,Center/Greedy Agent,BLUE,BLUE,1,38,0,False
unseen_starting_positions,117,7,8,Center/Greedy Agent,RED,RED,1,23,0,False
unseen_starting_positions,118,7,8,Center/Greedy Agent,BLUE,BLUE,1,18,0,False
unseen_starting_positions,119,7,8,Center/Greedy Agent,RED,RED,1,23,0,False
unseen_starting_positions,120,7,8,Center/Greedy Agent,BLUE,BLUE,1,38,0,False
unseen_starting_positions,121,7,8,Center/Greedy Agent,RED,RED,1,21,0,False
unseen_starting_positions,122,7,8,Center/Greedy Agent,BLUE,BLUE,1,22,0,False
unseen_starting_positions,123,7,8,Center/Greedy Agent,RED,RED,1,19,0,False
unseen_starting_positions,124,7,8,Center/Greedy Agent,BLUE,BLUE,1,26,0,False
unseen_starting_positions,125,7,8,Center/Greedy Agent,RED,RED,1,19,0,False
unseen_starting_positions,126,7,8,Center/Greedy Agent,BLUE,RED,0,35,0,False
unseen_starting_positions,127,7,8,Center/Greedy Agent,RED,RED,1,21,0,False
unseen_starting_positions,128,7,8,Center/Greedy Agent,BLUE,BLUE,1,18,0,False
unseen_starting_positions,129,7,8,Center/Greedy Agent,RED,BLUE,0,40,0,False
unseen_starting_positions,130,7,8,Center/Greedy Agent,BLUE,BLUE,1,20,0,False
unseen_starting_positions,131,7,8,Center/Greedy Agent,RED,BLUE,0,38,0,False
unseen_starting_positions,132,7,8,Center/Greedy Agent,BLUE,BLUE,1,26,0,False
unseen_starting_positions,133,7,8,Center/Greedy Agent,RED,RED,1,25,0,False
unseen_starting_positions,134,7,8,Center/Greedy Agent,BLUE,BLUE,1,22,0,False
unseen_starting_positions,135,7,8,Center/Greedy Agent,RED,RED,1,19,0,False
unseen_starting_positions,136,7,8,Center/Greedy Agent,BLUE,BLUE,1,28,0,False
unseen_starting_positions,137,7,8,Center/Greedy Agent,RED,RED,1,41,0,False
unseen_starting_positions,138,7,8,Center/Greedy Agent,BLUE,BLUE,1,34,0,False
unseen_starting_positions,139,7,8,Center/Greedy Agent,RED,RED,1,23,0,False
unseen_starting_positions,140,7,8,Center/Greedy Agent,BLUE,BLUE,1,26,0,False
unseen_starting_positions,141,7,8,Center/Greedy Agent,RED,RED,1,15,0,False
unseen_starting_positions,142,7,8,Center/Greedy Agent,BLUE,BLUE,1,20,0,False
unseen_starting_positions,143,7,8,Center/Greedy Agent,RED,RED,1,21,0,False
unseen_starting_positions,144,7,8,Center/Greedy Agent,BLUE,BLUE,1,24,0,False
unseen_starting_positions,145,7,8,Center/Greedy Agent,RED,RED,1,19,0,False
unseen_starting_positions,146,7,8,Center/Greedy Agent,BLUE,BLUE,1,20,0,False
unseen_starting_positions,147,7,8,Center/Greedy Agent,RED,RED,1,25,0,False
unseen_starting_positions,148,7,8,Center/Greedy Agent,BLUE,BLUE,1,26,0,False
unseen_starting_positions,149,7,8,Center/Greedy Agent,RED,RED,1,17,0,False
unseen_starting_positions,150,7,8,Center/Greedy Agent,BLUE,BLUE,1,30,0,False
unseen_starting_positions,151,7,8,Center/Greedy Agent,RED,RED,1,19,0,False
unseen_starting_positions,152,7,8,Center/Greedy Agent,BLUE,BLUE,1,20,0,False
unseen_starting_positions,153,7,8,Center/Greedy Agent,RED,BLUE,0,26,0,False
unseen_starting_positions,154,7,8,Center/Greedy Agent,BLUE,BLUE,1,28,0,False
unseen_starting_positions,155,7,8,Center/Greedy Agent,RED,RED,1,19,0,False
unseen_starting_positions,156,7,8,Center/Greedy Agent,BLUE,BLUE,1,20,0,False
unseen_starting_positions,157,7,8,Center/Greedy Agent,RED,RED,1,33,0,False
unseen_starting_positions,158,7,8,Center/Greedy Agent,BLUE,BLUE,1,40,0,False
unseen_starting_positions,159,7,8,Center/Greedy Agent,RED,RED,1,19,0,False
unseen_starting_positions,160,7,8,Center/Greedy Agent,BLUE,BLUE,1,34,0,False
unseen_starting_positions,161,7,8,Center/Greedy Agent,RED,RED,1,19,0,False
unseen_starting_positions,162,7,8,Center/Greedy Agent,BLUE,BLUE,1,20,0,False
unseen_starting_positions,163,7,8,Center/Greedy Agent,RED,RED,1,19,0,False
unseen_starting_positions,164,7,8,Center/Greedy Agent,BLUE,BLUE,1,18,0,False
unseen_starting_positions,165,7,8,Center/Greedy Agent,RED,BLUE,0,36,0,False
unseen_starting_positions,166,7,8,Center/Greedy Agent,BLUE,RED,0,35,0,False
unseen_starting_positions,167,7,8,Center/Greedy Agent,RED,RED,1,23,0,False
unseen_starting_positions,168,7,8,Center/Greedy Agent,BLUE,BLUE,1,26,0,False
unseen_starting_positions,169,7,8,Center/Greedy Agent,RED,RED,1,23,0,False
unseen_starting_positions,170,7,8,Center/Greedy Agent,BLUE,BLUE,1,24,0,False
unseen_starting_positions,171,7,8,Center/Greedy Agent,RED,RED,1,23,0,False
unseen_starting_positions,172,7,8,Center/Greedy Agent,BLUE,RED,0,25,0,False
unseen_starting_positions,173,7,8,Center/Greedy Agent,RED,RED,1,21,0,False
unseen_starting_positions,174,7,8,Center/Greedy Agent,BLUE,BLUE,1,18,0,False
unseen_starting_positions,175,7,8,Center/Greedy Agent,RED,RED,1,19,0,False
unseen_starting_positions,176,7,8,Center/Greedy Agent,BLUE,BLUE,1,20,0,False
unseen_starting_positions,177,7,8,Center/Greedy Agent,RED,RED,1,23,0,False
unseen_starting_positions,178,7,8,Center/Greedy Agent,BLUE,RED,0,39,0,False
unseen_starting_positions,179,7,8,Center/Greedy Agent,RED,RED,1,25,0,False
unseen_starting_positions,180,7,8,Center/Greedy Agent,BLUE,BLUE,1,26,0,False
unseen_starting_positions,181,7,8,Center/Greedy Agent,RED,RED,1,21,0,False
unseen_starting_positions,182,7,8,Center/Greedy Agent,BLUE,BLUE,1,20,0,False
unseen_starting_positions,183,7,8,Center/Greedy Agent,RED,RED,1,29,0,False
unseen_starting_positions,184,7,8,Center/Greedy Agent,BLUE,BLUE,1,24,0,False
unseen_starting_positions,185,7,8,Center/Greedy Agent,RED,RED,1,21,0,False
unseen_starting_positions,186,7,8,Center/Greedy Agent,BLUE,BLUE,1,28,0,False
unseen_starting_positions,187,7,8,Center/Greedy Agent,RED,RED,1,47,0,False
unseen_starting_positions,188,7,8,Center/Greedy Agent,BLUE,BLUE,1,26,0,False
unseen_starting_positions,189,7,8,Center/Greedy Agent,RED,RED,1,17,0,False
unseen_starting_positions,190,7,8,Center/Greedy Agent,BLUE,BLUE,1,22,0,False
unseen_starting_positions,191,7,8,Center/Greedy Agent,RED,RED,1,29,0,False
unseen_starting_positions,192,7,8,Center/Greedy Agent,BLUE,BLUE,1,24,0,False
unseen_starting_positions,193,7,8,Center/Greedy Agent,RED,RED,1,17,0,False
unseen_starting_positions,194,7,8,Center/Greedy Agent,BLUE,BLUE,1,22,0,False
unseen_starting_positions,195,7,8,Center/Greedy Agent,RED,RED,1,31,0,False
unseen_starting_positions,196,7,8,Center/Greedy Agent,BLUE,BLUE,1,20,0,False
unseen_starting_positions,197,7,8,Center/Greedy Agent,RED,RED,1,27,0,False
unseen_starting_positions,198,7,8,Center/Greedy Agent,BLUE,BLUE,1,20,0,False
unseen_starting_positions,199,7,8,Center/Greedy Agent,RED,RED,1,19,0,False
unseen_starting_positions,200,7,8,Center/Greedy Agent,BLUE,BLUE,1,16,0,False
random_seed_opponent_variations,1,7,0,Random Agent seed 42,RED,RED,1,13,0,False
random_seed_opponent_variations,2,7,0,Random Agent seed 42,BLUE,BLUE,1,14,0,False
random_seed_opponent_variations,3,7,0,Random Agent seed 42,RED,RED,1,13,0,False
random_seed_opponent_variations,4,7,0,Random Agent seed 42,BLUE,BLUE,1,14,0,False
random_seed_opponent_variations,5,7,0,Random Agent seed 42,RED,RED,1,13,0,False
random_seed_opponent_variations,6,7,0,Random Agent seed 42,BLUE,BLUE,1,14,0,False
random_seed_opponent_variations,7,7,0,Random Agent seed 42,RED,RED,1,13,0,False
random_seed_opponent_variations,8,7,0,Random Agent seed 42,BLUE,BLUE,1,14,0,False
random_seed_opponent_variations,9,7,0,Random Agent seed 42,RED,RED,1,13,0,False
random_seed_opponent_variations,10,7,0,Random Agent seed 42,BLUE,BLUE,1,14,0,False
random_seed_opponent_variations,11,7,0,Random Agent seed 42,RED,RED,1,17,0,False
random_seed_opponent_variations,12,7,0,Random Agent seed 42,BLUE,BLUE,1,16,0,False
random_seed_opponent_variations,13,7,0,Random Agent seed 42,RED,RED,1,13,0,False
random_seed_opponent_variations,14,7,0,Random Agent seed 42,BLUE,BLUE,1,14,0,False
random_seed_opponent_variations,15,7,0,Random Agent seed 42,RED,RED,1,13,0,False
random_seed_opponent_variations,16,7,0,Random Agent seed 42,BLUE,BLUE,1,14,0,False
random_seed_opponent_variations,17,7,0,Random Agent seed 42,RED,RED,1,13,0,False
random_seed_opponent_variations,18,7,0,Random Agent seed 42,BLUE,BLUE,1,14,0,False
random_seed_opponent_variations,19,7,0,Random Agent seed 42,RED,RED,1,15,0,False
random_seed_opponent_variations,20,7,0,Random Agent seed 42,BLUE,BLUE,1,16,0,False
random_seed_opponent_variations,21,7,0,Random Agent seed 42,RED,RED,1,17,0,False
random_seed_opponent_variations,22,7,0,Random Agent seed 42,BLUE,RED,0,41,0,False
random_seed_opponent_variations,23,7,0,Random Agent seed 42,RED,RED,1,15,0,False
random_seed_opponent_variations,24,7,0,Random Agent seed 42,BLUE,BLUE,1,18,0,False
random_seed_opponent_variations,25,7,0,Random Agent seed 42,RED,RED,1,13,0,False
random_seed_opponent_variations,26,7,0,Random Agent seed 42,BLUE,RED,0,23,0,False
random_seed_opponent_variations,27,7,0,Random Agent seed 42,RED,RED,1,13,0,False
random_seed_opponent_variations,28,7,0,Random Agent seed 42,BLUE,BLUE,1,14,0,False
random_seed_opponent_variations,29,7,0,Random Agent seed 42,RED,RED,1,13,0,False
random_seed_opponent_variations,30,7,0,Random Agent seed 42,BLUE,BLUE,1,14,0,False
random_seed_opponent_variations,31,7,0,Random Agent seed 42,RED,RED,1,23,0,False
random_seed_opponent_variations,32,7,0,Random Agent seed 42,BLUE,BLUE,1,14,0,False
random_seed_opponent_variations,33,7,0,Random Agent seed 42,RED,RED,1,13,0,False
random_seed_opponent_variations,34,7,0,Random Agent seed 42,BLUE,BLUE,1,14,0,False
random_seed_opponent_variations,35,7,0,Random Agent seed 42,RED,RED,1,15,0,False
random_seed_opponent_variations,36,7,0,Random Agent seed 42,BLUE,BLUE,1,44,0,False
random_seed_opponent_variations,37,7,0,Random Agent seed 42,RED,RED,1,13,0,False
random_seed_opponent_variations,38,7,0,Random Agent seed 42,BLUE,BLUE,1,14,0,False
random_seed_opponent_variations,39,7,0,Random Agent seed 42,RED,RED,1,13,0,False
random_seed_opponent_variations,40,7,0,Random Agent seed 42,BLUE,BLUE,1,14,0,False
random_seed_opponent_variations,41,7,0,Random Agent seed 42,RED,BLUE,0,46,0,False
random_seed_opponent_variations,42,7,0,Random Agent seed 42,BLUE,BLUE,1,24,0,False
random_seed_opponent_variations,43,7,0,Random Agent seed 42,RED,RED,1,13,0,False
random_seed_opponent_variations,44,7,0,Random Agent seed 42,BLUE,BLUE,1,14,0,False
random_seed_opponent_variations,45,7,0,Random Agent seed 42,RED,RED,1,13,0,False
random_seed_opponent_variations,46,7,0,Random Agent seed 42,BLUE,BLUE,1,14,0,False
random_seed_opponent_variations,47,7,0,Random Agent seed 42,RED,RED,1,13,0,False
random_seed_opponent_variations,48,7,0,Random Agent seed 42,BLUE,BLUE,1,14,0,False
random_seed_opponent_variations,49,7,0,Random Agent seed 42,RED,RED,1,13,0,False
random_seed_opponent_variations,50,7,0,Random Agent seed 42,BLUE,BLUE,1,30,0,False
random_seed_opponent_variations,51,7,0,Random Agent seed 42,RED,BLUE,0,40,0,False
random_seed_opponent_variations,52,7,0,Random Agent seed 42,BLUE,BLUE,1,20,0,False
random_seed_opponent_variations,53,7,0,Random Agent seed 42,RED,RED,1,13,0,False
random_seed_opponent_variations,54,7,0,Random Agent seed 42,BLUE,BLUE,1,14,0,False
random_seed_opponent_variations,55,7,0,Random Agent seed 42,RED,RED,1,13,0,False
random_seed_opponent_variations,56,7,0,Random Agent seed 42,BLUE,BLUE,1,14,0,False
random_seed_opponent_variations,57,7,0,Random Agent seed 42,RED,RED,1,13,0,False
random_seed_opponent_variations,58,7,0,Random Agent seed 42,BLUE,BLUE,1,14,0,False
random_seed_opponent_variations,59,7,0,Random Agent seed 42,RED,RED,1,13,0,False
random_seed_opponent_variations,60,7,0,Random Agent seed 42,BLUE,BLUE,1,14,0,False
random_seed_opponent_variations,61,7,0,Random Agent seed 42,RED,BLUE,0,36,0,False
random_seed_opponent_variations,62,7,0,Random Agent seed 42,BLUE,RED,0,41,0,False
random_seed_opponent_variations,63,7,0,Random Agent seed 42,RED,RED,1,31,0,False
random_seed_opponent_variations,64,7,0,Random Agent seed 42,BLUE,BLUE,1,18,0,False
random_seed_opponent_variations,65,7,0,Random Agent seed 42,RED,RED,1,13,0,False
random_seed_opponent_variations,66,7,0,Random Agent seed 42,BLUE,BLUE,1,16,0,False
random_seed_opponent_variations,67,7,0,Random Agent seed 42,RED,RED,1,13,0,False
random_seed_opponent_variations,68,7,0,Random Agent seed 42,BLUE,BLUE,1,14,0,False
random_seed_opponent_variations,69,7,0,Random Agent seed 42,RED,RED,1,13,0,False
random_seed_opponent_variations,70,7,0,Random Agent seed 42,BLUE,BLUE,1,14,0,False
random_seed_opponent_variations,71,7,0,Random Agent seed 42,RED,RED,1,13,0,False
random_seed_opponent_variations,72,7,0,Random Agent seed 42,BLUE,BLUE,1,36,0,False
random_seed_opponent_variations,73,7,0,Random Agent seed 42,RED,RED,1,13,0,False
random_seed_opponent_variations,74,7,0,Random Agent seed 42,BLUE,BLUE,1,14,0,False
random_seed_opponent_variations,75,7,0,Random Agent seed 42,RED,RED,1,13,0,False
random_seed_opponent_variations,76,7,0,Random Agent seed 42,BLUE,BLUE,1,14,0,False
random_seed_opponent_variations,77,7,0,Random Agent seed 42,RED,RED,1,13,0,False
random_seed_opponent_variations,78,7,0,Random Agent seed 42,BLUE,BLUE,1,14,0,False
random_seed_opponent_variations,79,7,0,Random Agent seed 42,RED,RED,1,39,0,False
random_seed_opponent_variations,80,7,0,Random Agent seed 42,BLUE,BLUE,1,24,0,False
random_seed_opponent_variations,81,7,0,Random Agent seed 42,RED,RED,1,13,0,False
random_seed_opponent_variations,82,7,0,Random Agent seed 42,BLUE,BLUE,1,14,0,False
random_seed_opponent_variations,83,7,0,Random Agent seed 42,RED,RED,1,13,0,False
random_seed_opponent_variations,84,7,0,Random Agent seed 42,BLUE,BLUE,1,14,0,False
random_seed_opponent_variations,85,7,0,Random Agent seed 42,RED,RED,1,19,0,False
random_seed_opponent_variations,86,7,0,Random Agent seed 42,BLUE,BLUE,1,14,0,False
random_seed_opponent_variations,87,7,0,Random Agent seed 42,RED,RED,1,13,0,False
random_seed_opponent_variations,88,7,0,Random Agent seed 42,BLUE,BLUE,1,14,0,False
random_seed_opponent_variations,89,7,0,Random Agent seed 42,RED,RED,1,15,0,False
random_seed_opponent_variations,90,7,0,Random Agent seed 42,BLUE,BLUE,1,16,0,False
random_seed_opponent_variations,91,7,0,Random Agent seed 42,RED,RED,1,13,0,False
random_seed_opponent_variations,92,7,0,Random Agent seed 42,BLUE,BLUE,1,14,0,False
random_seed_opponent_variations,93,7,0,Random Agent seed 42,RED,RED,1,15,0,False
random_seed_opponent_variations,94,7,0,Random Agent seed 42,BLUE,BLUE,1,16,0,False
random_seed_opponent_variations,95,7,0,Random Agent seed 42,RED,RED,1,13,0,False
random_seed_opponent_variations,96,7,0,Random Agent seed 42,BLUE,BLUE,1,14,0,False
random_seed_opponent_variations,97,7,0,Random Agent seed 42,RED,RED,1,13,0,False
random_seed_opponent_variations,98,7,0,Random Agent seed 42,BLUE,BLUE,1,14,0,False
random_seed_opponent_variations,99,7,0,Random Agent seed 42,RED,RED,1,13,0,False
random_seed_opponent_variations,100,7,0,Random Agent seed 42,BLUE,BLUE,1,14,0,False
random_seed_opponent_variations,101,7,0,Random Agent seed 42,RED,RED,1,15,0,False
random_seed_opponent_variations,102,7,0,Random Agent seed 42,BLUE,BLUE,1,14,0,False
random_seed_opponent_variations,103,7,0,Random Agent seed 42,RED,RED,1,15,0,False
random_seed_opponent_variations,104,7,0,Random Agent seed 42,BLUE,BLUE,1,16,0,False
random_seed_opponent_variations,105,7,0,Random Agent seed 42,RED,RED,1,13,0,False
random_seed_opponent_variations,106,7,0,Random Agent seed 42,BLUE,BLUE,1,14,0,False
random_seed_opponent_variations,107,7,0,Random Agent seed 42,RED,RED,1,15,0,False
random_seed_opponent_variations,108,7,0,Random Agent seed 42,BLUE,BLUE,1,14,0,False
random_seed_opponent_variations,109,7,0,Random Agent seed 42,RED,RED,1,13,0,False
random_seed_opponent_variations,110,7,0,Random Agent seed 42,BLUE,BLUE,1,14,0,False
random_seed_opponent_variations,111,7,0,Random Agent seed 42,RED,RED,1,15,0,False
random_seed_opponent_variations,112,7,0,Random Agent seed 42,BLUE,BLUE,1,18,0,False
random_seed_opponent_variations,113,7,0,Random Agent seed 42,RED,RED,1,25,0,False
random_seed_opponent_variations,114,7,0,Random Agent seed 42,BLUE,BLUE,1,14,0,False
random_seed_opponent_variations,115,7,0,Random Agent seed 42,RED,RED,1,13,0,False
random_seed_opponent_variations,116,7,0,Random Agent seed 42,BLUE,BLUE,1,14,0,False
random_seed_opponent_variations,117,7,0,Random Agent seed 42,RED,RED,1,19,0,False
random_seed_opponent_variations,118,7,0,Random Agent seed 42,BLUE,BLUE,1,26,0,False
random_seed_opponent_variations,119,7,0,Random Agent seed 42,RED,RED,1,13,0,False
random_seed_opponent_variations,120,7,0,Random Agent seed 42,BLUE,BLUE,1,14,0,False
random_seed_opponent_variations,121,7,0,Random Agent seed 42,RED,RED,1,13,0,False
random_seed_opponent_variations,122,7,0,Random Agent seed 42,BLUE,BLUE,1,18,0,False
random_seed_opponent_variations,123,7,0,Random Agent seed 42,RED,RED,1,13,0,False
random_seed_opponent_variations,124,7,0,Random Agent seed 42,BLUE,BLUE,1,30,0,False
random_seed_opponent_variations,125,7,0,Random Agent seed 42,RED,RED,1,13,0,False
random_seed_opponent_variations,126,7,0,Random Agent seed 42,BLUE,BLUE,1,44,0,False
random_seed_opponent_variations,127,7,0,Random Agent seed 42,RED,RED,1,13,0,False
random_seed_opponent_variations,128,7,0,Random Agent seed 42,BLUE,BLUE,1,14,0,False
random_seed_opponent_variations,129,7,0,Random Agent seed 42,RED,RED,1,13,0,False
random_seed_opponent_variations,130,7,0,Random Agent seed 42,BLUE,BLUE,1,14,0,False
random_seed_opponent_variations,131,7,0,Random Agent seed 42,RED,RED,1,13,0,False
random_seed_opponent_variations,132,7,0,Random Agent seed 42,BLUE,BLUE,1,14,0,False
random_seed_opponent_variations,133,7,0,Random Agent seed 42,RED,RED,1,13,0,False
random_seed_opponent_variations,134,7,0,Random Agent seed 42,BLUE,BLUE,1,14,0,False
random_seed_opponent_variations,135,7,0,Random Agent seed 42,RED,RED,1,13,0,False
random_seed_opponent_variations,136,7,0,Random Agent seed 42,BLUE,BLUE,1,14,0,False
random_seed_opponent_variations,137,7,0,Random Agent seed 42,RED,RED,1,13,0,False
random_seed_opponent_variations,138,7,0,Random Agent seed 42,BLUE,BLUE,1,38,0,False
random_seed_opponent_variations,139,7,0,Random Agent seed 42,RED,RED,1,13,0,False
random_seed_opponent_variations,140,7,0,Random Agent seed 42,BLUE,BLUE,1,14,0,False
random_seed_opponent_variations,141,7,0,Random Agent seed 42,RED,RED,1,13,0,False
random_seed_opponent_variations,142,7,0,Random Agent seed 42,BLUE,BLUE,1,14,0,False
random_seed_opponent_variations,143,7,0,Random Agent seed 42,RED,RED,1,17,0,False
random_seed_opponent_variations,144,7,0,Random Agent seed 42,BLUE,BLUE,1,16,0,False
random_seed_opponent_variations,145,7,0,Random Agent seed 42,RED,RED,1,13,0,False
random_seed_opponent_variations,146,7,0,Random Agent seed 42,BLUE,BLUE,1,16,0,False
random_seed_opponent_variations,147,7,0,Random Agent seed 42,RED,RED,1,13,0,False
random_seed_opponent_variations,148,7,0,Random Agent seed 42,BLUE,BLUE,1,16,0,False
random_seed_opponent_variations,149,7,0,Random Agent seed 42,RED,RED,1,17,0,False
random_seed_opponent_variations,150,7,0,Random Agent seed 42,BLUE,BLUE,1,14,0,False
random_seed_opponent_variations,151,7,0,Random Agent seed 42,RED,RED,1,13,0,False
random_seed_opponent_variations,152,7,0,Random Agent seed 42,BLUE,BLUE,1,14,0,False
random_seed_opponent_variations,153,7,0,Random Agent seed 42,RED,RED,1,13,0,False
random_seed_opponent_variations,154,7,0,Random Agent seed 42,BLUE,BLUE,1,16,0,False
random_seed_opponent_variations,155,7,0,Random Agent seed 42,RED,RED,1,13,0,False
random_seed_opponent_variations,156,7,0,Random Agent seed 42,BLUE,RED,0,47,0,False
random_seed_opponent_variations,157,7,0,Random Agent seed 42,RED,RED,1,15,0,False
random_seed_opponent_variations,158,7,0,Random Agent seed 42,BLUE,BLUE,1,14,0,False
random_seed_opponent_variations,159,7,0,Random Agent seed 42,RED,RED,1,13,0,False
random_seed_opponent_variations,160,7,0,Random Agent seed 42,BLUE,BLUE,1,40,0,False
random_seed_opponent_variations,161,7,0,Random Agent seed 42,RED,RED,1,13,0,False
random_seed_opponent_variations,162,7,0,Random Agent seed 42,BLUE,BLUE,1,26,0,False
random_seed_opponent_variations,163,7,0,Random Agent seed 42,RED,RED,1,13,0,False
random_seed_opponent_variations,164,7,0,Random Agent seed 42,BLUE,BLUE,1,14,0,False
random_seed_opponent_variations,165,7,0,Random Agent seed 42,RED,RED,1,13,0,False
random_seed_opponent_variations,166,7,0,Random Agent seed 42,BLUE,BLUE,1,22,0,False
random_seed_opponent_variations,167,7,0,Random Agent seed 42,RED,RED,1,17,0,False
random_seed_opponent_variations,168,7,0,Random Agent seed 42,BLUE,BLUE,1,14,0,False
random_seed_opponent_variations,169,7,0,Random Agent seed 42,RED,RED,1,13,0,False
random_seed_opponent_variations,170,7,0,Random Agent seed 42,BLUE,BLUE,1,14,0,False
random_seed_opponent_variations,171,7,0,Random Agent seed 42,RED,RED,1,13,0,False
random_seed_opponent_variations,172,7,0,Random Agent seed 42,BLUE,BLUE,1,14,0,False
random_seed_opponent_variations,173,7,0,Random Agent seed 42,RED,RED,1,23,0,False
random_seed_opponent_variations,174,7,0,Random Agent seed 42,BLUE,BLUE,1,14,0,False
random_seed_opponent_variations,175,7,0,Random Agent seed 42,RED,RED,1,17,0,False
random_seed_opponent_variations,176,7,0,Random Agent seed 42,BLUE,BLUE,1,16,0,False
random_seed_opponent_variations,177,7,0,Random Agent seed 42,RED,RED,1,15,0,False
random_seed_opponent_variations,178,7,0,Random Agent seed 42,BLUE,BLUE,1,14,0,False
random_seed_opponent_variations,179,7,0,Random Agent seed 42,RED,RED,1,13,0,False
random_seed_opponent_variations,180,7,0,Random Agent seed 42,BLUE,BLUE,1,40,0,False
random_seed_opponent_variations,181,7,0,Random Agent seed 42,RED,RED,1,13,0,False
random_seed_opponent_variations,182,7,0,Random Agent seed 42,BLUE,BLUE,1,14,0,False
random_seed_opponent_variations,183,7,0,Random Agent seed 42,RED,RED,1,31,0,False
random_seed_opponent_variations,184,7,0,Random Agent seed 42,BLUE,BLUE,1,14,0,False
random_seed_opponent_variations,185,7,0,Random Agent seed 42,RED,RED,1,17,0,False
random_seed_opponent_variations,186,7,0,Random Agent seed 42,BLUE,RED,0,49,0,False
random_seed_opponent_variations,187,7,0,Random Agent seed 42,RED,RED,1,13,0,False
random_seed_opponent_variations,188,7,0,Random Agent seed 42,BLUE,BLUE,1,14,0,False
random_seed_opponent_variations,189,7,0,Random Agent seed 42,RED,RED,1,13,0,False
random_seed_opponent_variations,190,7,0,Random Agent seed 42,BLUE,BLUE,1,14,0,False
random_seed_opponent_variations,191,7,0,Random Agent seed 42,RED,RED,1,17,0,False
random_seed_opponent_variations,192,7,0,Random Agent seed 42,BLUE,BLUE,1,14,0,False
random_seed_opponent_variations,193,7,0,Random Agent seed 42,RED,RED,1,13,0,False
random_seed_opponent_variations,194,7,0,Random Agent seed 42,BLUE,BLUE,1,34,0,False
random_seed_opponent_variations,195,7,0,Random Agent seed 42,RED,RED,1,13,0,False
random_seed_opponent_variations,196,7,0,Random Agent seed 42,BLUE,BLUE,1,14,0,False
random_seed_opponent_variations,197,7,0,Random Agent seed 42,RED,RED,1,15,0,False
random_seed_opponent_variations,198,7,0,Random Agent seed 42,BLUE,BLUE,1,14,0,False
random_seed_opponent_variations,199,7,0,Random Agent seed 42,RED,RED,1,13,0,False
random_seed_opponent_variations,200,7,0,Random Agent seed 42,BLUE,BLUE,1,14,0,False
random_seed_opponent_variations,1,7,0,Random Agent seed 123,RED,RED,1,13,0,False
random_seed_opponent_variations,2,7,0,Random Agent seed 123,BLUE,BLUE,1,14,0,False
random_seed_opponent_variations,3,7,0,Random Agent seed 123,RED,RED,1,13,0,False
random_seed_opponent_variations,4,7,0,Random Agent seed 123,BLUE,BLUE,1,14,0,False
random_seed_opponent_variations,5,7,0,Random Agent seed 123,RED,RED,1,13,0,False
random_seed_opponent_variations,6,7,0,Random Agent seed 123,BLUE,RED,0,39,0,False
random_seed_opponent_variations,7,7,0,Random Agent seed 123,RED,RED,1,39,0,False
random_seed_opponent_variations,8,7,0,Random Agent seed 123,BLUE,BLUE,1,16,0,False
random_seed_opponent_variations,9,7,0,Random Agent seed 123,RED,RED,1,13,0,False
random_seed_opponent_variations,10,7,0,Random Agent seed 123,BLUE,RED,0,47,0,False
random_seed_opponent_variations,11,7,0,Random Agent seed 123,RED,RED,1,13,0,False
random_seed_opponent_variations,12,7,0,Random Agent seed 123,BLUE,BLUE,1,16,0,False
random_seed_opponent_variations,13,7,0,Random Agent seed 123,RED,RED,1,13,0,False
random_seed_opponent_variations,14,7,0,Random Agent seed 123,BLUE,BLUE,1,14,0,False
random_seed_opponent_variations,15,7,0,Random Agent seed 123,RED,RED,1,13,0,False
random_seed_opponent_variations,16,7,0,Random Agent seed 123,BLUE,BLUE,1,14,0,False
random_seed_opponent_variations,17,7,0,Random Agent seed 123,RED,RED,1,13,0,False
random_seed_opponent_variations,18,7,0,Random Agent seed 123,BLUE,BLUE,1,16,0,False
random_seed_opponent_variations,19,7,0,Random Agent seed 123,RED,RED,1,15,0,False
random_seed_opponent_variations,20,7,0,Random Agent seed 123,BLUE,BLUE,1,16,0,False
random_seed_opponent_variations,21,7,0,Random Agent seed 123,RED,RED,1,15,0,False
random_seed_opponent_variations,22,7,0,Random Agent seed 123,BLUE,BLUE,1,24,0,False
random_seed_opponent_variations,23,7,0,Random Agent seed 123,RED,RED,1,13,0,False
random_seed_opponent_variations,24,7,0,Random Agent seed 123,BLUE,RED,0,27,0,False
random_seed_opponent_variations,25,7,0,Random Agent seed 123,RED,RED,1,13,0,False
random_seed_opponent_variations,26,7,0,Random Agent seed 123,BLUE,BLUE,1,32,0,False
random_seed_opponent_variations,27,7,0,Random Agent seed 123,RED,RED,1,13,0,False
random_seed_opponent_variations,28,7,0,Random Agent seed 123,BLUE,BLUE,1,16,0,False
random_seed_opponent_variations,29,7,0,Random Agent seed 123,RED,RED,1,13,0,False
random_seed_opponent_variations,30,7,0,Random Agent seed 123,BLUE,BLUE,1,14,0,False
random_seed_opponent_variations,31,7,0,Random Agent seed 123,RED,RED,1,13,0,False
random_seed_opponent_variations,32,7,0,Random Agent seed 123,BLUE,BLUE,1,14,0,False
random_seed_opponent_variations,33,7,0,Random Agent seed 123,RED,RED,1,13,0,False
random_seed_opponent_variations,34,7,0,Random Agent seed 123,BLUE,BLUE,1,18,0,False
random_seed_opponent_variations,35,7,0,Random Agent seed 123,RED,RED,1,41,0,False
random_seed_opponent_variations,36,7,0,Random Agent seed 123,BLUE,BLUE,1,14,0,False
random_seed_opponent_variations,37,7,0,Random Agent seed 123,RED,RED,1,13,0,False
random_seed_opponent_variations,38,7,0,Random Agent seed 123,BLUE,BLUE,1,14,0,False
random_seed_opponent_variations,39,7,0,Random Agent seed 123,RED,RED,1,13,0,False
random_seed_opponent_variations,40,7,0,Random Agent seed 123,BLUE,BLUE,1,14,0,False
random_seed_opponent_variations,41,7,0,Random Agent seed 123,RED,RED,1,13,0,False
random_seed_opponent_variations,42,7,0,Random Agent seed 123,BLUE,BLUE,1,14,0,False
random_seed_opponent_variations,43,7,0,Random Agent seed 123,RED,RED,1,17,0,False
random_seed_opponent_variations,44,7,0,Random Agent seed 123,BLUE,BLUE,1,14,0,False
random_seed_opponent_variations,45,7,0,Random Agent seed 123,RED,RED,1,13,0,False
random_seed_opponent_variations,46,7,0,Random Agent seed 123,BLUE,RED,0,47,0,False
random_seed_opponent_variations,47,7,0,Random Agent seed 123,RED,RED,1,15,0,False
random_seed_opponent_variations,48,7,0,Random Agent seed 123,BLUE,BLUE,1,14,0,False
random_seed_opponent_variations,49,7,0,Random Agent seed 123,RED,RED,1,13,0,False
random_seed_opponent_variations,50,7,0,Random Agent seed 123,BLUE,BLUE,1,14,0,False
random_seed_opponent_variations,51,7,0,Random Agent seed 123,RED,RED,1,49,0,False
random_seed_opponent_variations,52,7,0,Random Agent seed 123,BLUE,BLUE,1,20,0,False
random_seed_opponent_variations,53,7,0,Random Agent seed 123,RED,RED,1,15,0,False
random_seed_opponent_variations,54,7,0,Random Agent seed 123,BLUE,BLUE,1,14,0,False
random_seed_opponent_variations,55,7,0,Random Agent seed 123,RED,RED,1,13,0,False
random_seed_opponent_variations,56,7,0,Random Agent seed 123,BLUE,BLUE,1,32,0,False
random_seed_opponent_variations,57,7,0,Random Agent seed 123,RED,RED,1,13,0,False
random_seed_opponent_variations,58,7,0,Random Agent seed 123,BLUE,BLUE,1,14,0,False
random_seed_opponent_variations,59,7,0,Random Agent seed 123,RED,RED,1,15,0,False
random_seed_opponent_variations,60,7,0,Random Agent seed 123,BLUE,BLUE,1,14,0,False
random_seed_opponent_variations,61,7,0,Random Agent seed 123,RED,RED,1,15,0,False
random_seed_opponent_variations,62,7,0,Random Agent seed 123,BLUE,BLUE,1,14,0,False
random_seed_opponent_variations,63,7,0,Random Agent seed 123,RED,RED,1,17,0,False
random_seed_opponent_variations,64,7,0,Random Agent seed 123,BLUE,BLUE,1,14,0,False
random_seed_opponent_variations,65,7,0,Random Agent seed 123,RED,RED,1,13,0,False
random_seed_opponent_variations,66,7,0,Random Agent seed 123,BLUE,BLUE,1,14,0,False
random_seed_opponent_variations,67,7,0,Random Agent seed 123,RED,RED,1,13,0,False
random_seed_opponent_variations,68,7,0,Random Agent seed 123,BLUE,RED,0,45,0,False
random_seed_opponent_variations,69,7,0,Random Agent seed 123,RED,RED,1,13,0,False
random_seed_opponent_variations,70,7,0,Random Agent seed 123,BLUE,BLUE,1,14,0,False
random_seed_opponent_variations,71,7,0,Random Agent seed 123,RED,RED,1,13,0,False
random_seed_opponent_variations,72,7,0,Random Agent seed 123,BLUE,RED,0,33,0,False
random_seed_opponent_variations,73,7,0,Random Agent seed 123,RED,RED,1,13,0,False
random_seed_opponent_variations,74,7,0,Random Agent seed 123,BLUE,BLUE,1,14,0,False
random_seed_opponent_variations,75,7,0,Random Agent seed 123,RED,RED,1,13,0,False
random_seed_opponent_variations,76,7,0,Random Agent seed 123,BLUE,BLUE,1,22,0,False
random_seed_opponent_variations,77,7,0,Random Agent seed 123,RED,RED,1,13,0,False
random_seed_opponent_variations,78,7,0,Random Agent seed 123,BLUE,BLUE,1,14,0,False
random_seed_opponent_variations,79,7,0,Random Agent seed 123,RED,RED,1,13,0,False
random_seed_opponent_variations,80,7,0,Random Agent seed 123,BLUE,BLUE,1,14,0,False
random_seed_opponent_variations,81,7,0,Random Agent seed 123,RED,RED,1,13,0,False
random_seed_opponent_variations,82,7,0,Random Agent seed 123,BLUE,BLUE,1,14,0,False
random_seed_opponent_variations,83,7,0,Random Agent seed 123,RED,RED,1,45,0,False
random_seed_opponent_variations,84,7,0,Random Agent seed 123,BLUE,BLUE,1,14,0,False
random_seed_opponent_variations,85,7,0,Random Agent seed 123,RED,RED,1,13,0,False
random_seed_opponent_variations,86,7,0,Random Agent seed 123,BLUE,BLUE,1,14,0,False
random_seed_opponent_variations,87,7,0,Random Agent seed 123,RED,RED,1,13,0,False
random_seed_opponent_variations,88,7,0,Random Agent seed 123,BLUE,BLUE,1,14,0,False
random_seed_opponent_variations,89,7,0,Random Agent seed 123,RED,RED,1,13,0,False
random_seed_opponent_variations,90,7,0,Random Agent seed 123,BLUE,BLUE,1,16,0,False
random_seed_opponent_variations,91,7,0,Random Agent seed 123,RED,RED,1,13,0,False
random_seed_opponent_variations,92,7,0,Random Agent seed 123,BLUE,BLUE,1,16,0,False
random_seed_opponent_variations,93,7,0,Random Agent seed 123,RED,RED,1,13,0,False
random_seed_opponent_variations,94,7,0,Random Agent seed 123,BLUE,BLUE,1,14,0,False
random_seed_opponent_variations,95,7,0,Random Agent seed 123,RED,RED,1,13,0,False
random_seed_opponent_variations,96,7,0,Random Agent seed 123,BLUE,BLUE,1,14,0,False
random_seed_opponent_variations,97,7,0,Random Agent seed 123,RED,RED,1,13,0,False
random_seed_opponent_variations,98,7,0,Random Agent seed 123,BLUE,BLUE,1,14,0,False
random_seed_opponent_variations,99,7,0,Random Agent seed 123,RED,RED,1,13,0,False
random_seed_opponent_variations,100,7,0,Random Agent seed 123,BLUE,BLUE,1,44,0,False
random_seed_opponent_variations,101,7,0,Random Agent seed 123,RED,BLUE,0,48,0,False
random_seed_opponent_variations,102,7,0,Random Agent seed 123,BLUE,BLUE,1,14,0,False
random_seed_opponent_variations,103,7,0,Random Agent seed 123,RED,RED,1,13,0,False
random_seed_opponent_variations,104,7,0,Random Agent seed 123,BLUE,BLUE,1,14,0,False
random_seed_opponent_variations,105,7,0,Random Agent seed 123,RED,RED,1,13,0,False
random_seed_opponent_variations,106,7,0,Random Agent seed 123,BLUE,BLUE,1,14,0,False
random_seed_opponent_variations,107,7,0,Random Agent seed 123,RED,RED,1,13,0,False
random_seed_opponent_variations,108,7,0,Random Agent seed 123,BLUE,BLUE,1,14,0,False
random_seed_opponent_variations,109,7,0,Random Agent seed 123,RED,RED,1,15,0,False
random_seed_opponent_variations,110,7,0,Random Agent seed 123,BLUE,BLUE,1,14,0,False
random_seed_opponent_variations,111,7,0,Random Agent seed 123,RED,RED,1,13,0,False
random_seed_opponent_variations,112,7,0,Random Agent seed 123,BLUE,BLUE,1,14,0,False
random_seed_opponent_variations,113,7,0,Random Agent seed 123,RED,RED,1,13,0,False
random_seed_opponent_variations,114,7,0,Random Agent seed 123,BLUE,BLUE,1,14,0,False
random_seed_opponent_variations,115,7,0,Random Agent seed 123,RED,RED,1,13,0,False
random_seed_opponent_variations,116,7,0,Random Agent seed 123,BLUE,BLUE,1,14,0,False
random_seed_opponent_variations,117,7,0,Random Agent seed 123,RED,RED,1,13,0,False
random_seed_opponent_variations,118,7,0,Random Agent seed 123,BLUE,BLUE,1,14,0,False
random_seed_opponent_variations,119,7,0,Random Agent seed 123,RED,RED,1,13,0,False
random_seed_opponent_variations,120,7,0,Random Agent seed 123,BLUE,BLUE,1,14,0,False
random_seed_opponent_variations,121,7,0,Random Agent seed 123,RED,RED,1,13,0,False
random_seed_opponent_variations,122,7,0,Random Agent seed 123,BLUE,BLUE,1,14,0,False
random_seed_opponent_variations,123,7,0,Random Agent seed 123,RED,RED,1,13,0,False
random_seed_opponent_variations,124,7,0,Random Agent seed 123,BLUE,BLUE,1,34,0,False
random_seed_opponent_variations,125,7,0,Random Agent seed 123,RED,RED,1,13,0,False
random_seed_opponent_variations,126,7,0,Random Agent seed 123,BLUE,BLUE,1,14,0,False
random_seed_opponent_variations,127,7,0,Random Agent seed 123,RED,RED,1,13,0,False
random_seed_opponent_variations,128,7,0,Random Agent seed 123,BLUE,BLUE,1,14,0,False
random_seed_opponent_variations,129,7,0,Random Agent seed 123,RED,RED,1,13,0,False
random_seed_opponent_variations,130,7,0,Random Agent seed 123,BLUE,BLUE,1,14,0,False
random_seed_opponent_variations,131,7,0,Random Agent seed 123,RED,RED,1,13,0,False
random_seed_opponent_variations,132,7,0,Random Agent seed 123,BLUE,BLUE,1,14,0,False
random_seed_opponent_variations,133,7,0,Random Agent seed 123,RED,RED,1,13,0,False
random_seed_opponent_variations,134,7,0,Random Agent seed 123,BLUE,BLUE,1,14,0,False
random_seed_opponent_variations,135,7,0,Random Agent seed 123,RED,RED,1,15,0,False
random_seed_opponent_variations,136,7,0,Random Agent seed 123,BLUE,BLUE,1,14,0,False
random_seed_opponent_variations,137,7,0,Random Agent seed 123,RED,RED,1,13,0,False
random_seed_opponent_variations,138,7,0,Random Agent seed 123,BLUE,BLUE,1,14,0,False
random_seed_opponent_variations,139,7,0,Random Agent seed 123,RED,RED,1,13,0,False
random_seed_opponent_variations,140,7,0,Random Agent seed 123,BLUE,BLUE,1,14,0,False
random_seed_opponent_variations,141,7,0,Random Agent seed 123,RED,RED,1,13,0,False
random_seed_opponent_variations,142,7,0,Random Agent seed 123,BLUE,BLUE,1,14,0,False
random_seed_opponent_variations,143,7,0,Random Agent seed 123,RED,RED,1,13,0,False
random_seed_opponent_variations,144,7,0,Random Agent seed 123,BLUE,BLUE,1,14,0,False
random_seed_opponent_variations,145,7,0,Random Agent seed 123,RED,RED,1,13,0,False
random_seed_opponent_variations,146,7,0,Random Agent seed 123,BLUE,RED,0,37,0,False
random_seed_opponent_variations,147,7,0,Random Agent seed 123,RED,RED,1,13,0,False
random_seed_opponent_variations,148,7,0,Random Agent seed 123,BLUE,RED,0,35,0,False
random_seed_opponent_variations,149,7,0,Random Agent seed 123,RED,RED,1,13,0,False
random_seed_opponent_variations,150,7,0,Random Agent seed 123,BLUE,BLUE,1,14,0,False
random_seed_opponent_variations,151,7,0,Random Agent seed 123,RED,RED,1,15,0,False
random_seed_opponent_variations,152,7,0,Random Agent seed 123,BLUE,BLUE,1,14,0,False
random_seed_opponent_variations,153,7,0,Random Agent seed 123,RED,RED,1,13,0,False
random_seed_opponent_variations,154,7,0,Random Agent seed 123,BLUE,BLUE,1,14,0,False
random_seed_opponent_variations,155,7,0,Random Agent seed 123,RED,RED,1,13,0,False
random_seed_opponent_variations,156,7,0,Random Agent seed 123,BLUE,BLUE,1,14,0,False
random_seed_opponent_variations,157,7,0,Random Agent seed 123,RED,RED,1,13,0,False
random_seed_opponent_variations,158,7,0,Random Agent seed 123,BLUE,BLUE,1,14,0,False
random_seed_opponent_variations,159,7,0,Random Agent seed 123,RED,RED,1,13,0,False
random_seed_opponent_variations,160,7,0,Random Agent seed 123,BLUE,BLUE,1,14,0,False
random_seed_opponent_variations,161,7,0,Random Agent seed 123,RED,RED,1,13,0,False
random_seed_opponent_variations,162,7,0,Random Agent seed 123,BLUE,BLUE,1,14,0,False
random_seed_opponent_variations,163,7,0,Random Agent seed 123,RED,BLUE,0,40,0,False
random_seed_opponent_variations,164,7,0,Random Agent seed 123,BLUE,BLUE,1,14,0,False
random_seed_opponent_variations,165,7,0,Random Agent seed 123,RED,RED,1,15,0,False
random_seed_opponent_variations,166,7,0,Random Agent seed 123,BLUE,BLUE,1,40,0,False
random_seed_opponent_variations,167,7,0,Random Agent seed 123,RED,RED,1,13,0,False
random_seed_opponent_variations,168,7,0,Random Agent seed 123,BLUE,BLUE,1,14,0,False
random_seed_opponent_variations,169,7,0,Random Agent seed 123,RED,RED,1,13,0,False
random_seed_opponent_variations,170,7,0,Random Agent seed 123,BLUE,BLUE,1,14,0,False
random_seed_opponent_variations,171,7,0,Random Agent seed 123,RED,RED,1,13,0,False
random_seed_opponent_variations,172,7,0,Random Agent seed 123,BLUE,BLUE,1,14,0,False
random_seed_opponent_variations,173,7,0,Random Agent seed 123,RED,RED,1,13,0,False
random_seed_opponent_variations,174,7,0,Random Agent seed 123,BLUE,BLUE,1,14,0,False
random_seed_opponent_variations,175,7,0,Random Agent seed 123,RED,RED,1,13,0,False
random_seed_opponent_variations,176,7,0,Random Agent seed 123,BLUE,BLUE,1,16,0,False
random_seed_opponent_variations,177,7,0,Random Agent seed 123,RED,RED,1,13,0,False
random_seed_opponent_variations,178,7,0,Random Agent seed 123,BLUE,BLUE,1,14,0,False
random_seed_opponent_variations,179,7,0,Random Agent seed 123,RED,RED,1,13,0,False
random_seed_opponent_variations,180,7,0,Random Agent seed 123,BLUE,BLUE,1,14,0,False
random_seed_opponent_variations,181,7,0,Random Agent seed 123,RED,RED,1,13,0,False
random_seed_opponent_variations,182,7,0,Random Agent seed 123,BLUE,BLUE,1,14,0,False
random_seed_opponent_variations,183,7,0,Random Agent seed 123,RED,RED,1,13,0,False
random_seed_opponent_variations,184,7,0,Random Agent seed 123,BLUE,BLUE,1,14,0,False
random_seed_opponent_variations,185,7,0,Random Agent seed 123,RED,RED,1,13,0,False
random_seed_opponent_variations,186,7,0,Random Agent seed 123,BLUE,BLUE,1,14,0,False
random_seed_opponent_variations,187,7,0,Random Agent seed 123,RED,RED,1,19,0,False
random_seed_opponent_variations,188,7,0,Random Agent seed 123,BLUE,BLUE,1,14,0,False
random_seed_opponent_variations,189,7,0,Random Agent seed 123,RED,RED,1,13,0,False
random_seed_opponent_variations,190,7,0,Random Agent seed 123,BLUE,BLUE,1,30,0,False
random_seed_opponent_variations,191,7,0,Random Agent seed 123,RED,RED,1,13,0,False
random_seed_opponent_variations,192,7,0,Random Agent seed 123,BLUE,BLUE,1,14,0,False
random_seed_opponent_variations,193,7,0,Random Agent seed 123,RED,RED,1,13,0,False
random_seed_opponent_variations,194,7,0,Random Agent seed 123,BLUE,BLUE,1,14,0,False
random_seed_opponent_variations,195,7,0,Random Agent seed 123,RED,RED,1,15,0,False
random_seed_opponent_variations,196,7,0,Random Agent seed 123,BLUE,BLUE,1,14,0,False
random_seed_opponent_variations,197,7,0,Random Agent seed 123,RED,RED,1,13,0,False
random_seed_opponent_variations,198,7,0,Random Agent seed 123,BLUE,BLUE,1,14,0,False
random_seed_opponent_variations,199,7,0,Random Agent seed 123,RED,RED,1,13,0,False
random_seed_opponent_variations,200,7,0,Random Agent seed 123,BLUE,BLUE,1,14,0,False
random_seed_opponent_variations,1,7,0,Random Agent seed 2026,RED,RED,1,15,0,False
random_seed_opponent_variations,2,7,0,Random Agent seed 2026,BLUE,BLUE,1,14,0,False
random_seed_opponent_variations,3,7,0,Random Agent seed 2026,RED,RED,1,17,0,False
random_seed_opponent_variations,4,7,0,Random Agent seed 2026,BLUE,BLUE,1,18,0,False
random_seed_opponent_variations,5,7,0,Random Agent seed 2026,RED,RED,1,13,0,False
random_seed_opponent_variations,6,7,0,Random Agent seed 2026,BLUE,RED,0,37,0,False
random_seed_opponent_variations,7,7,0,Random Agent seed 2026,RED,RED,1,15,0,False
random_seed_opponent_variations,8,7,0,Random Agent seed 2026,BLUE,BLUE,1,16,0,False
random_seed_opponent_variations,9,7,0,Random Agent seed 2026,RED,RED,1,13,0,False
random_seed_opponent_variations,10,7,0,Random Agent seed 2026,BLUE,BLUE,1,14,0,False
random_seed_opponent_variations,11,7,0,Random Agent seed 2026,RED,RED,1,13,0,False
random_seed_opponent_variations,12,7,0,Random Agent seed 2026,BLUE,BLUE,1,14,0,False
random_seed_opponent_variations,13,7,0,Random Agent seed 2026,RED,RED,1,13,0,False
random_seed_opponent_variations,14,7,0,Random Agent seed 2026,BLUE,BLUE,1,14,0,False
random_seed_opponent_variations,15,7,0,Random Agent seed 2026,RED,RED,1,13,0,False
random_seed_opponent_variations,16,7,0,Random Agent seed 2026,BLUE,BLUE,1,14,0,False
random_seed_opponent_variations,17,7,0,Random Agent seed 2026,RED,RED,1,13,0,False
random_seed_opponent_variations,18,7,0,Random Agent seed 2026,BLUE,BLUE,1,16,0,False
random_seed_opponent_variations,19,7,0,Random Agent seed 2026,RED,RED,1,13,0,False
random_seed_opponent_variations,20,7,0,Random Agent seed 2026,BLUE,BLUE,1,14,0,False
random_seed_opponent_variations,21,7,0,Random Agent seed 2026,RED,RED,1,15,0,False
random_seed_opponent_variations,22,7,0,Random Agent seed 2026,BLUE,RED,0,29,0,False
random_seed_opponent_variations,23,7,0,Random Agent seed 2026,RED,RED,1,13,0,False
random_seed_opponent_variations,24,7,0,Random Agent seed 2026,BLUE,RED,0,43,0,False
random_seed_opponent_variations,25,7,0,Random Agent seed 2026,RED,RED,1,13,0,False
random_seed_opponent_variations,26,7,0,Random Agent seed 2026,BLUE,BLUE,1,14,0,False
random_seed_opponent_variations,27,7,0,Random Agent seed 2026,RED,RED,1,13,0,False
random_seed_opponent_variations,28,7,0,Random Agent seed 2026,BLUE,BLUE,1,14,0,False
random_seed_opponent_variations,29,7,0,Random Agent seed 2026,RED,RED,1,13,0,False
random_seed_opponent_variations,30,7,0,Random Agent seed 2026,BLUE,BLUE,1,14,0,False
random_seed_opponent_variations,31,7,0,Random Agent seed 2026,RED,RED,1,13,0,False
random_seed_opponent_variations,32,7,0,Random Agent seed 2026,BLUE,BLUE,1,14,0,False
random_seed_opponent_variations,33,7,0,Random Agent seed 2026,RED,RED,1,13,0,False
random_seed_opponent_variations,34,7,0,Random Agent seed 2026,BLUE,BLUE,1,14,0,False
random_seed_opponent_variations,35,7,0,Random Agent seed 2026,RED,RED,1,21,0,False
random_seed_opponent_variations,36,7,0,Random Agent seed 2026,BLUE,BLUE,1,18,0,False
random_seed_opponent_variations,37,7,0,Random Agent seed 2026,RED,RED,1,21,0,False
random_seed_opponent_variations,38,7,0,Random Agent seed 2026,BLUE,BLUE,1,14,0,False
random_seed_opponent_variations,39,7,0,Random Agent seed 2026,RED,RED,1,13,0,False
random_seed_opponent_variations,40,7,0,Random Agent seed 2026,BLUE,BLUE,1,14,0,False
random_seed_opponent_variations,41,7,0,Random Agent seed 2026,RED,RED,1,13,0,False
random_seed_opponent_variations,42,7,0,Random Agent seed 2026,BLUE,BLUE,1,14,0,False
random_seed_opponent_variations,43,7,0,Random Agent seed 2026,RED,RED,1,15,0,False
random_seed_opponent_variations,44,7,0,Random Agent seed 2026,BLUE,BLUE,1,22,0,False
random_seed_opponent_variations,45,7,0,Random Agent seed 2026,RED,RED,1,13,0,False
random_seed_opponent_variations,46,7,0,Random Agent seed 2026,BLUE,BLUE,1,18,0,False
random_seed_opponent_variations,47,7,0,Random Agent seed 2026,RED,RED,1,13,0,False
random_seed_opponent_variations,48,7,0,Random Agent seed 2026,BLUE,BLUE,1,16,0,False
random_seed_opponent_variations,49,7,0,Random Agent seed 2026,RED,RED,1,13,0,False
random_seed_opponent_variations,50,7,0,Random Agent seed 2026,BLUE,BLUE,1,46,0,False
random_seed_opponent_variations,51,7,0,Random Agent seed 2026,RED,RED,1,13,0,False
random_seed_opponent_variations,52,7,0,Random Agent seed 2026,BLUE,RED,0,47,0,False
random_seed_opponent_variations,53,7,0,Random Agent seed 2026,RED,RED,1,13,0,False
random_seed_opponent_variations,54,7,0,Random Agent seed 2026,BLUE,BLUE,1,16,0,False
random_seed_opponent_variations,55,7,0,Random Agent seed 2026,RED,RED,1,13,0,False
random_seed_opponent_variations,56,7,0,Random Agent seed 2026,BLUE,RED,0,45,0,False
random_seed_opponent_variations,57,7,0,Random Agent seed 2026,RED,RED,1,13,0,False
random_seed_opponent_variations,58,7,0,Random Agent seed 2026,BLUE,BLUE,1,14,0,False
random_seed_opponent_variations,59,7,0,Random Agent seed 2026,RED,BLUE,0,40,0,False
random_seed_opponent_variations,60,7,0,Random Agent seed 2026,BLUE,BLUE,1,14,0,False
random_seed_opponent_variations,61,7,0,Random Agent seed 2026,RED,RED,1,15,0,False
random_seed_opponent_variations,62,7,0,Random Agent seed 2026,BLUE,BLUE,1,16,0,False
random_seed_opponent_variations,63,7,0,Random Agent seed 2026,RED,BLUE,0,36,0,False
random_seed_opponent_variations,64,7,0,Random Agent seed 2026,BLUE,BLUE,1,16,0,False
random_seed_opponent_variations,65,7,0,Random Agent seed 2026,RED,RED,1,13,0,False
random_seed_opponent_variations,66,7,0,Random Agent seed 2026,BLUE,BLUE,1,34,0,False
random_seed_opponent_variations,67,7,0,Random Agent seed 2026,RED,BLUE,0,38,0,False
random_seed_opponent_variations,68,7,0,Random Agent seed 2026,BLUE,BLUE,1,14,0,False
random_seed_opponent_variations,69,7,0,Random Agent seed 2026,RED,RED,1,13,0,False
random_seed_opponent_variations,70,7,0,Random Agent seed 2026,BLUE,BLUE,1,18,0,False
random_seed_opponent_variations,71,7,0,Random Agent seed 2026,RED,RED,1,13,0,False
random_seed_opponent_variations,72,7,0,Random Agent seed 2026,BLUE,BLUE,1,14,0,False
random_seed_opponent_variations,73,7,0,Random Agent seed 2026,RED,RED,1,45,0,False
random_seed_opponent_variations,74,7,0,Random Agent seed 2026,BLUE,BLUE,1,14,0,False
random_seed_opponent_variations,75,7,0,Random Agent seed 2026,RED,RED,1,13,0,False
random_seed_opponent_variations,76,7,0,Random Agent seed 2026,BLUE,RED,0,45,0,False
random_seed_opponent_variations,77,7,0,Random Agent seed 2026,RED,RED,1,13,0,False
random_seed_opponent_variations,78,7,0,Random Agent seed 2026,BLUE,BLUE,1,14,0,False
random_seed_opponent_variations,79,7,0,Random Agent seed 2026,RED,RED,1,13,0,False
random_seed_opponent_variations,80,7,0,Random Agent seed 2026,BLUE,BLUE,1,22,0,False
random_seed_opponent_variations,81,7,0,Random Agent seed 2026,RED,RED,1,13,0,False
random_seed_opponent_variations,82,7,0,Random Agent seed 2026,BLUE,BLUE,1,16,0,False
random_seed_opponent_variations,83,7,0,Random Agent seed 2026,RED,RED,1,13,0,False
random_seed_opponent_variations,84,7,0,Random Agent seed 2026,BLUE,BLUE,1,14,0,False
random_seed_opponent_variations,85,7,0,Random Agent seed 2026,RED,RED,1,47,0,False
random_seed_opponent_variations,86,7,0,Random Agent seed 2026,BLUE,RED,0,47,0,False
random_seed_opponent_variations,87,7,0,Random Agent seed 2026,RED,RED,1,13,0,False
random_seed_opponent_variations,88,7,0,Random Agent seed 2026,BLUE,BLUE,1,14,0,False
random_seed_opponent_variations,89,7,0,Random Agent seed 2026,RED,RED,1,13,0,False
random_seed_opponent_variations,90,7,0,Random Agent seed 2026,BLUE,BLUE,1,18,0,False
random_seed_opponent_variations,91,7,0,Random Agent seed 2026,RED,RED,1,13,0,False
random_seed_opponent_variations,92,7,0,Random Agent seed 2026,BLUE,BLUE,1,14,0,False
random_seed_opponent_variations,93,7,0,Random Agent seed 2026,RED,RED,1,13,0,False
random_seed_opponent_variations,94,7,0,Random Agent seed 2026,BLUE,RED,0,41,0,False
random_seed_opponent_variations,95,7,0,Random Agent seed 2026,RED,RED,1,15,0,False
random_seed_opponent_variations,96,7,0,Random Agent seed 2026,BLUE,BLUE,1,14,0,False
random_seed_opponent_variations,97,7,0,Random Agent seed 2026,RED,RED,1,15,0,False
random_seed_opponent_variations,98,7,0,Random Agent seed 2026,BLUE,BLUE,1,14,0,False
random_seed_opponent_variations,99,7,0,Random Agent seed 2026,RED,RED,1,13,0,False
random_seed_opponent_variations,100,7,0,Random Agent seed 2026,BLUE,BLUE,1,22,0,False
random_seed_opponent_variations,101,7,0,Random Agent seed 2026,RED,RED,1,13,0,False
random_seed_opponent_variations,102,7,0,Random Agent seed 2026,BLUE,BLUE,1,24,0,False
random_seed_opponent_variations,103,7,0,Random Agent seed 2026,RED,BLUE,0,46,0,False
random_seed_opponent_variations,104,7,0,Random Agent seed 2026,BLUE,BLUE,1,18,0,False
random_seed_opponent_variations,105,7,0,Random Agent seed 2026,RED,RED,1,13,0,False
random_seed_opponent_variations,106,7,0,Random Agent seed 2026,BLUE,BLUE,1,14,0,False
random_seed_opponent_variations,107,7,0,Random Agent seed 2026,RED,RED,1,17,0,False
random_seed_opponent_variations,108,7,0,Random Agent seed 2026,BLUE,BLUE,1,14,0,False
random_seed_opponent_variations,109,7,0,Random Agent seed 2026,RED,RED,1,19,0,False
random_seed_opponent_variations,110,7,0,Random Agent seed 2026,BLUE,BLUE,1,14,0,False
random_seed_opponent_variations,111,7,0,Random Agent seed 2026,RED,RED,1,13,0,False
random_seed_opponent_variations,112,7,0,Random Agent seed 2026,BLUE,BLUE,1,14,0,False
random_seed_opponent_variations,113,7,0,Random Agent seed 2026,RED,RED,1,15,0,False
random_seed_opponent_variations,114,7,0,Random Agent seed 2026,BLUE,BLUE,1,14,0,False
random_seed_opponent_variations,115,7,0,Random Agent seed 2026,RED,RED,1,43,0,False
random_seed_opponent_variations,116,7,0,Random Agent seed 2026,BLUE,BLUE,1,14,0,False
random_seed_opponent_variations,117,7,0,Random Agent seed 2026,RED,RED,1,15,0,False
random_seed_opponent_variations,118,7,0,Random Agent seed 2026,BLUE,BLUE,1,26,0,False
random_seed_opponent_variations,119,7,0,Random Agent seed 2026,RED,RED,1,13,0,False
random_seed_opponent_variations,120,7,0,Random Agent seed 2026,BLUE,RED,0,41,0,False
random_seed_opponent_variations,121,7,0,Random Agent seed 2026,RED,RED,1,13,0,False
random_seed_opponent_variations,122,7,0,Random Agent seed 2026,BLUE,BLUE,1,14,0,False
random_seed_opponent_variations,123,7,0,Random Agent seed 2026,RED,RED,1,13,0,False
random_seed_opponent_variations,124,7,0,Random Agent seed 2026,BLUE,BLUE,1,14,0,False
random_seed_opponent_variations,125,7,0,Random Agent seed 2026,RED,RED,1,13,0,False
random_seed_opponent_variations,126,7,0,Random Agent seed 2026,BLUE,BLUE,1,14,0,False
random_seed_opponent_variations,127,7,0,Random Agent seed 2026,RED,BLUE,0,38,0,False
random_seed_opponent_variations,128,7,0,Random Agent seed 2026,BLUE,BLUE,1,24,0,False
random_seed_opponent_variations,129,7,0,Random Agent seed 2026,RED,RED,1,13,0,False
random_seed_opponent_variations,130,7,0,Random Agent seed 2026,BLUE,BLUE,1,14,0,False
random_seed_opponent_variations,131,7,0,Random Agent seed 2026,RED,RED,1,13,0,False
random_seed_opponent_variations,132,7,0,Random Agent seed 2026,BLUE,BLUE,1,14,0,False
random_seed_opponent_variations,133,7,0,Random Agent seed 2026,RED,RED,1,13,0,False
random_seed_opponent_variations,134,7,0,Random Agent seed 2026,BLUE,BLUE,1,14,0,False
random_seed_opponent_variations,135,7,0,Random Agent seed 2026,RED,RED,1,13,0,False
random_seed_opponent_variations,136,7,0,Random Agent seed 2026,BLUE,BLUE,1,14,0,False
random_seed_opponent_variations,137,7,0,Random Agent seed 2026,RED,RED,1,13,0,False
random_seed_opponent_variations,138,7,0,Random Agent seed 2026,BLUE,BLUE,1,20,0,False
random_seed_opponent_variations,139,7,0,Random Agent seed 2026,RED,RED,1,15,0,False
random_seed_opponent_variations,140,7,0,Random Agent seed 2026,BLUE,RED,0,33,0,False
random_seed_opponent_variations,141,7,0,Random Agent seed 2026,RED,RED,1,13,0,False
random_seed_opponent_variations,142,7,0,Random Agent seed 2026,BLUE,BLUE,1,38,0,False
random_seed_opponent_variations,143,7,0,Random Agent seed 2026,RED,RED,1,13,0,False
random_seed_opponent_variations,144,7,0,Random Agent seed 2026,BLUE,BLUE,1,22,0,False
random_seed_opponent_variations,145,7,0,Random Agent seed 2026,RED,RED,1,13,0,False
random_seed_opponent_variations,146,7,0,Random Agent seed 2026,BLUE,BLUE,1,16,0,False
random_seed_opponent_variations,147,7,0,Random Agent seed 2026,RED,RED,1,15,0,False
random_seed_opponent_variations,148,7,0,Random Agent seed 2026,BLUE,BLUE,1,16,0,False
random_seed_opponent_variations,149,7,0,Random Agent seed 2026,RED,RED,1,13,0,False
random_seed_opponent_variations,150,7,0,Random Agent seed 2026,BLUE,BLUE,1,18,0,False
random_seed_opponent_variations,151,7,0,Random Agent seed 2026,RED,RED,1,13,0,False
random_seed_opponent_variations,152,7,0,Random Agent seed 2026,BLUE,BLUE,1,16,0,False
random_seed_opponent_variations,153,7,0,Random Agent seed 2026,RED,BLUE,0,38,0,False
random_seed_opponent_variations,154,7,0,Random Agent seed 2026,BLUE,BLUE,1,14,0,False
random_seed_opponent_variations,155,7,0,Random Agent seed 2026,RED,RED,1,17,0,False
random_seed_opponent_variations,156,7,0,Random Agent seed 2026,BLUE,BLUE,1,36,0,False
random_seed_opponent_variations,157,7,0,Random Agent seed 2026,RED,RED,1,13,0,False
random_seed_opponent_variations,158,7,0,Random Agent seed 2026,BLUE,BLUE,1,24,0,False
random_seed_opponent_variations,159,7,0,Random Agent seed 2026,RED,RED,1,13,0,False
random_seed_opponent_variations,160,7,0,Random Agent seed 2026,BLUE,BLUE,1,14,0,False
random_seed_opponent_variations,161,7,0,Random Agent seed 2026,RED,RED,1,13,0,False
random_seed_opponent_variations,162,7,0,Random Agent seed 2026,BLUE,BLUE,1,16,0,False
random_seed_opponent_variations,163,7,0,Random Agent seed 2026,RED,RED,1,17,0,False
random_seed_opponent_variations,164,7,0,Random Agent seed 2026,BLUE,BLUE,1,14,0,False
random_seed_opponent_variations,165,7,0,Random Agent seed 2026,RED,RED,1,13,0,False
random_seed_opponent_variations,166,7,0,Random Agent seed 2026,BLUE,BLUE,1,14,0,False
random_seed_opponent_variations,167,7,0,Random Agent seed 2026,RED,RED,1,13,0,False
random_seed_opponent_variations,168,7,0,Random Agent seed 2026,BLUE,BLUE,1,14,0,False
random_seed_opponent_variations,169,7,0,Random Agent seed 2026,RED,RED,1,13,0,False
random_seed_opponent_variations,170,7,0,Random Agent seed 2026,BLUE,BLUE,1,14,0,False
random_seed_opponent_variations,171,7,0,Random Agent seed 2026,RED,RED,1,13,0,False
random_seed_opponent_variations,172,7,0,Random Agent seed 2026,BLUE,BLUE,1,14,0,False
random_seed_opponent_variations,173,7,0,Random Agent seed 2026,RED,RED,1,13,0,False
random_seed_opponent_variations,174,7,0,Random Agent seed 2026,BLUE,BLUE,1,14,0,False
random_seed_opponent_variations,175,7,0,Random Agent seed 2026,RED,RED,1,17,0,False
random_seed_opponent_variations,176,7,0,Random Agent seed 2026,BLUE,BLUE,1,14,0,False
random_seed_opponent_variations,177,7,0,Random Agent seed 2026,RED,RED,1,13,0,False
random_seed_opponent_variations,178,7,0,Random Agent seed 2026,BLUE,BLUE,1,42,0,False
random_seed_opponent_variations,179,7,0,Random Agent seed 2026,RED,RED,1,15,0,False
random_seed_opponent_variations,180,7,0,Random Agent seed 2026,BLUE,BLUE,1,14,0,False
random_seed_opponent_variations,181,7,0,Random Agent seed 2026,RED,RED,1,15,0,False
random_seed_opponent_variations,182,7,0,Random Agent seed 2026,BLUE,BLUE,1,14,0,False
random_seed_opponent_variations,183,7,0,Random Agent seed 2026,RED,RED,1,15,0,False
random_seed_opponent_variations,184,7,0,Random Agent seed 2026,BLUE,BLUE,1,14,0,False
random_seed_opponent_variations,185,7,0,Random Agent seed 2026,RED,RED,1,13,0,False
random_seed_opponent_variations,186,7,0,Random Agent seed 2026,BLUE,BLUE,1,14,0,False
random_seed_opponent_variations,187,7,0,Random Agent seed 2026,RED,RED,1,13,0,False
random_seed_opponent_variations,188,7,0,Random Agent seed 2026,BLUE,BLUE,1,14,0,False
random_seed_opponent_variations,189,7,0,Random Agent seed 2026,RED,RED,1,13,0,False
random_seed_opponent_variations,190,7,0,Random Agent seed 2026,BLUE,BLUE,1,20,0,False
random_seed_opponent_variations,191,7,0,Random Agent seed 2026,RED,RED,1,13,0,False
random_seed_opponent_variations,192,7,0,Random Agent seed 2026,BLUE,BLUE,1,14,0,False
random_seed_opponent_variations,193,7,0,Random Agent seed 2026,RED,RED,1,31,0,False
random_seed_opponent_variations,194,7,0,Random Agent seed 2026,BLUE,BLUE,1,14,0,False
random_seed_opponent_variations,195,7,0,Random Agent seed 2026,RED,RED,1,13,0,False
random_seed_opponent_variations,196,7,0,Random Agent seed 2026,BLUE,BLUE,1,14,0,False
random_seed_opponent_variations,197,7,0,Random Agent seed 2026,RED,RED,1,15,0,False
random_seed_opponent_variations,198,7,0,Random Agent seed 2026,BLUE,BLUE,1,14,0,False
random_seed_opponent_variations,199,7,0,Random Agent seed 2026,RED,RED,1,15,0,False
random_seed_opponent_variations,200,7,0,Random Agent seed 2026,BLUE,BLUE,1,28,0,False
random_seed_opponent_variations,1,7,0,Random Agent seed 9001,RED,RED,1,13,0,False
random_seed_opponent_variations,2,7,0,Random Agent seed 9001,BLUE,BLUE,1,16,0,False
random_seed_opponent_variations,3,7,0,Random Agent seed 9001,RED,RED,1,15,0,False
random_seed_opponent_variations,4,7,0,Random Agent seed 9001,BLUE,BLUE,1,14,0,False
random_seed_opponent_variations,5,7,0,Random Agent seed 9001,RED,RED,1,13,0,False
random_seed_opponent_variations,6,7,0,Random Agent seed 9001,BLUE,BLUE,1,18,0,False
random_seed_opponent_variations,7,7,0,Random Agent seed 9001,RED,RED,1,13,0,False
random_seed_opponent_variations,8,7,0,Random Agent seed 9001,BLUE,BLUE,1,14,0,False
random_seed_opponent_variations,9,7,0,Random Agent seed 9001,RED,RED,1,15,0,False
random_seed_opponent_variations,10,7,0,Random Agent seed 9001,BLUE,BLUE,1,14,0,False
random_seed_opponent_variations,11,7,0,Random Agent seed 9001,RED,RED,1,13,0,False
random_seed_opponent_variations,12,7,0,Random Agent seed 9001,BLUE,BLUE,1,14,0,False
random_seed_opponent_variations,13,7,0,Random Agent seed 9001,RED,RED,1,13,0,False
random_seed_opponent_variations,14,7,0,Random Agent seed 9001,BLUE,BLUE,1,14,0,False
random_seed_opponent_variations,15,7,0,Random Agent seed 9001,RED,RED,1,13,0,False
random_seed_opponent_variations,16,7,0,Random Agent seed 9001,BLUE,BLUE,1,14,0,False
random_seed_opponent_variations,17,7,0,Random Agent seed 9001,RED,RED,1,13,0,False
random_seed_opponent_variations,18,7,0,Random Agent seed 9001,BLUE,BLUE,1,14,0,False
random_seed_opponent_variations,19,7,0,Random Agent seed 9001,RED,RED,1,17,0,False
random_seed_opponent_variations,20,7,0,Random Agent seed 9001,BLUE,RED,0,37,0,False
random_seed_opponent_variations,21,7,0,Random Agent seed 9001,RED,RED,1,19,0,False
random_seed_opponent_variations,22,7,0,Random Agent seed 9001,BLUE,BLUE,1,16,0,False
random_seed_opponent_variations,23,7,0,Random Agent seed 9001,RED,RED,1,13,0,False
random_seed_opponent_variations,24,7,0,Random Agent seed 9001,BLUE,BLUE,1,14,0,False
random_seed_opponent_variations,25,7,0,Random Agent seed 9001,RED,RED,1,13,0,False
random_seed_opponent_variations,26,7,0,Random Agent seed 9001,BLUE,RED,0,33,0,False
random_seed_opponent_variations,27,7,0,Random Agent seed 9001,RED,RED,1,13,0,False
random_seed_opponent_variations,28,7,0,Random Agent seed 9001,BLUE,BLUE,1,14,0,False
random_seed_opponent_variations,29,7,0,Random Agent seed 9001,RED,RED,1,13,0,False
random_seed_opponent_variations,30,7,0,Random Agent seed 9001,BLUE,BLUE,1,14,0,False
random_seed_opponent_variations,31,7,0,Random Agent seed 9001,RED,RED,1,33,0,False
random_seed_opponent_variations,32,7,0,Random Agent seed 9001,BLUE,BLUE,1,14,0,False
random_seed_opponent_variations,33,7,0,Random Agent seed 9001,RED,RED,1,13,0,False
random_seed_opponent_variations,34,7,0,Random Agent seed 9001,BLUE,BLUE,1,14,0,False
random_seed_opponent_variations,35,7,0,Random Agent seed 9001,RED,RED,1,13,0,False
random_seed_opponent_variations,36,7,0,Random Agent seed 9001,BLUE,BLUE,1,14,0,False
random_seed_opponent_variations,37,7,0,Random Agent seed 9001,RED,RED,1,15,0,False
random_seed_opponent_variations,38,7,0,Random Agent seed 9001,BLUE,BLUE,1,18,0,False
random_seed_opponent_variations,39,7,0,Random Agent seed 9001,RED,RED,1,15,0,False
random_seed_opponent_variations,40,7,0,Random Agent seed 9001,BLUE,BLUE,1,16,0,False
random_seed_opponent_variations,41,7,0,Random Agent seed 9001,RED,RED,1,13,0,False
random_seed_opponent_variations,42,7,0,Random Agent seed 9001,BLUE,BLUE,1,14,0,False
random_seed_opponent_variations,43,7,0,Random Agent seed 9001,RED,RED,1,13,0,False
random_seed_opponent_variations,44,7,0,Random Agent seed 9001,BLUE,BLUE,1,14,0,False
random_seed_opponent_variations,45,7,0,Random Agent seed 9001,RED,RED,1,13,0,False
random_seed_opponent_variations,46,7,0,Random Agent seed 9001,BLUE,BLUE,1,16,0,False
random_seed_opponent_variations,47,7,0,Random Agent seed 9001,RED,RED,1,13,0,False
random_seed_opponent_variations,48,7,0,Random Agent seed 9001,BLUE,BLUE,1,14,0,False
random_seed_opponent_variations,49,7,0,Random Agent seed 9001,RED,RED,1,15,0,False
random_seed_opponent_variations,50,7,0,Random Agent seed 9001,BLUE,BLUE,1,14,0,False
random_seed_opponent_variations,51,7,0,Random Agent seed 9001,RED,RED,1,17,0,False
random_seed_opponent_variations,52,7,0,Random Agent seed 9001,BLUE,BLUE,1,14,0,False
random_seed_opponent_variations,53,7,0,Random Agent seed 9001,RED,RED,1,13,0,False
random_seed_opponent_variations,54,7,0,Random Agent seed 9001,BLUE,BLUE,1,16,0,False
random_seed_opponent_variations,55,7,0,Random Agent seed 9001,RED,RED,1,15,0,False
random_seed_opponent_variations,56,7,0,Random Agent seed 9001,BLUE,BLUE,1,14,0,False
random_seed_opponent_variations,57,7,0,Random Agent seed 9001,RED,RED,1,13,0,False
random_seed_opponent_variations,58,7,0,Random Agent seed 9001,BLUE,BLUE,1,14,0,False
random_seed_opponent_variations,59,7,0,Random Agent seed 9001,RED,RED,1,13,0,False
random_seed_opponent_variations,60,7,0,Random Agent seed 9001,BLUE,BLUE,1,14,0,False
random_seed_opponent_variations,61,7,0,Random Agent seed 9001,RED,RED,1,13,0,False
random_seed_opponent_variations,62,7,0,Random Agent seed 9001,BLUE,BLUE,1,14,0,False
random_seed_opponent_variations,63,7,0,Random Agent seed 9001,RED,RED,1,13,0,False
random_seed_opponent_variations,64,7,0,Random Agent seed 9001,BLUE,BLUE,1,14,0,False
random_seed_opponent_variations,65,7,0,Random Agent seed 9001,RED,RED,1,13,0,False
random_seed_opponent_variations,66,7,0,Random Agent seed 9001,BLUE,BLUE,1,16,0,False
random_seed_opponent_variations,67,7,0,Random Agent seed 9001,RED,RED,1,21,0,False
random_seed_opponent_variations,68,7,0,Random Agent seed 9001,BLUE,BLUE,1,14,0,False
random_seed_opponent_variations,69,7,0,Random Agent seed 9001,RED,RED,1,19,0,False
random_seed_opponent_variations,70,7,0,Random Agent seed 9001,BLUE,BLUE,1,28,0,False
random_seed_opponent_variations,71,7,0,Random Agent seed 9001,RED,RED,1,13,0,False
random_seed_opponent_variations,72,7,0,Random Agent seed 9001,BLUE,BLUE,1,26,0,False
random_seed_opponent_variations,73,7,0,Random Agent seed 9001,RED,RED,1,13,0,False
random_seed_opponent_variations,74,7,0,Random Agent seed 9001,BLUE,BLUE,1,14,0,False
random_seed_opponent_variations,75,7,0,Random Agent seed 9001,RED,RED,1,13,0,False
random_seed_opponent_variations,76,7,0,Random Agent seed 9001,BLUE,BLUE,1,14,0,False
random_seed_opponent_variations,77,7,0,Random Agent seed 9001,RED,RED,1,13,0,False
random_seed_opponent_variations,78,7,0,Random Agent seed 9001,BLUE,BLUE,1,14,0,False
random_seed_opponent_variations,79,7,0,Random Agent seed 9001,RED,BLUE,0,42,0,False
random_seed_opponent_variations,80,7,0,Random Agent seed 9001,BLUE,RED,0,47,0,False
random_seed_opponent_variations,81,7,0,Random Agent seed 9001,RED,RED,1,21,0,False
random_seed_opponent_variations,82,7,0,Random Agent seed 9001,BLUE,BLUE,1,14,0,False
random_seed_opponent_variations,83,7,0,Random Agent seed 9001,RED,RED,1,15,0,False
random_seed_opponent_variations,84,7,0,Random Agent seed 9001,BLUE,BLUE,1,14,0,False
random_seed_opponent_variations,85,7,0,Random Agent seed 9001,RED,RED,1,13,0,False
random_seed_opponent_variations,86,7,0,Random Agent seed 9001,BLUE,BLUE,1,14,0,False
random_seed_opponent_variations,87,7,0,Random Agent seed 9001,RED,RED,1,17,0,False
random_seed_opponent_variations,88,7,0,Random Agent seed 9001,BLUE,BLUE,1,14,0,False
random_seed_opponent_variations,89,7,0,Random Agent seed 9001,RED,RED,1,13,0,False
random_seed_opponent_variations,90,7,0,Random Agent seed 9001,BLUE,BLUE,1,16,0,False
random_seed_opponent_variations,91,7,0,Random Agent seed 9001,RED,RED,1,13,0,False
random_seed_opponent_variations,92,7,0,Random Agent seed 9001,BLUE,BLUE,1,14,0,False
random_seed_opponent_variations,93,7,0,Random Agent seed 9001,RED,RED,1,13,0,False
random_seed_opponent_variations,94,7,0,Random Agent seed 9001,BLUE,BLUE,1,14,0,False
random_seed_opponent_variations,95,7,0,Random Agent seed 9001,RED,RED,1,13,0,False
random_seed_opponent_variations,96,7,0,Random Agent seed 9001,BLUE,BLUE,1,14,0,False
random_seed_opponent_variations,97,7,0,Random Agent seed 9001,RED,RED,1,13,0,False
random_seed_opponent_variations,98,7,0,Random Agent seed 9001,BLUE,BLUE,1,18,0,False
random_seed_opponent_variations,99,7,0,Random Agent seed 9001,RED,RED,1,13,0,False
random_seed_opponent_variations,100,7,0,Random Agent seed 9001,BLUE,BLUE,1,14,0,False
random_seed_opponent_variations,101,7,0,Random Agent seed 9001,RED,RED,1,15,0,False
random_seed_opponent_variations,102,7,0,Random Agent seed 9001,BLUE,BLUE,1,14,0,False
random_seed_opponent_variations,103,7,0,Random Agent seed 9001,RED,RED,1,17,0,False
random_seed_opponent_variations,104,7,0,Random Agent seed 9001,BLUE,RED,0,45,0,False
random_seed_opponent_variations,105,7,0,Random Agent seed 9001,RED,RED,1,13,0,False
random_seed_opponent_variations,106,7,0,Random Agent seed 9001,BLUE,BLUE,1,16,0,False
random_seed_opponent_variations,107,7,0,Random Agent seed 9001,RED,RED,1,13,0,False
random_seed_opponent_variations,108,7,0,Random Agent seed 9001,BLUE,BLUE,1,14,0,False
random_seed_opponent_variations,109,7,0,Random Agent seed 9001,RED,RED,1,21,0,False
random_seed_opponent_variations,110,7,0,Random Agent seed 9001,BLUE,RED,0,33,0,False
random_seed_opponent_variations,111,7,0,Random Agent seed 9001,RED,RED,1,13,0,False
random_seed_opponent_variations,112,7,0,Random Agent seed 9001,BLUE,BLUE,1,14,0,False
random_seed_opponent_variations,113,7,0,Random Agent seed 9001,RED,RED,1,13,0,False
random_seed_opponent_variations,114,7,0,Random Agent seed 9001,BLUE,BLUE,1,34,0,False
random_seed_opponent_variations,115,7,0,Random Agent seed 9001,RED,RED,1,13,0,False
random_seed_opponent_variations,116,7,0,Random Agent seed 9001,BLUE,BLUE,1,26,0,False
random_seed_opponent_variations,117,7,0,Random Agent seed 9001,RED,RED,1,13,0,False
random_seed_opponent_variations,118,7,0,Random Agent seed 9001,BLUE,BLUE,1,16,0,False
random_seed_opponent_variations,119,7,0,Random Agent seed 9001,RED,RED,1,13,0,False
random_seed_opponent_variations,120,7,0,Random Agent seed 9001,BLUE,BLUE,1,14,0,False
random_seed_opponent_variations,121,7,0,Random Agent seed 9001,RED,RED,1,13,0,False
random_seed_opponent_variations,122,7,0,Random Agent seed 9001,BLUE,BLUE,1,14,0,False
random_seed_opponent_variations,123,7,0,Random Agent seed 9001,RED,BLUE,0,26,0,False
random_seed_opponent_variations,124,7,0,Random Agent seed 9001,BLUE,BLUE,1,14,0,False
random_seed_opponent_variations,125,7,0,Random Agent seed 9001,RED,RED,1,13,0,False
random_seed_opponent_variations,126,7,0,Random Agent seed 9001,BLUE,BLUE,1,14,0,False
random_seed_opponent_variations,127,7,0,Random Agent seed 9001,RED,RED,1,13,0,False
random_seed_opponent_variations,128,7,0,Random Agent seed 9001,BLUE,BLUE,1,14,0,False
random_seed_opponent_variations,129,7,0,Random Agent seed 9001,RED,RED,1,13,0,False
random_seed_opponent_variations,130,7,0,Random Agent seed 9001,BLUE,BLUE,1,16,0,False
random_seed_opponent_variations,131,7,0,Random Agent seed 9001,RED,RED,1,13,0,False
random_seed_opponent_variations,132,7,0,Random Agent seed 9001,BLUE,BLUE,1,18,0,False
random_seed_opponent_variations,133,7,0,Random Agent seed 9001,RED,RED,1,37,0,False
random_seed_opponent_variations,134,7,0,Random Agent seed 9001,BLUE,BLUE,1,36,0,False
random_seed_opponent_variations,135,7,0,Random Agent seed 9001,RED,RED,1,15,0,False
random_seed_opponent_variations,136,7,0,Random Agent seed 9001,BLUE,BLUE,1,14,0,False
random_seed_opponent_variations,137,7,0,Random Agent seed 9001,RED,RED,1,13,0,False
random_seed_opponent_variations,138,7,0,Random Agent seed 9001,BLUE,BLUE,1,14,0,False
random_seed_opponent_variations,139,7,0,Random Agent seed 9001,RED,RED,1,15,0,False
random_seed_opponent_variations,140,7,0,Random Agent seed 9001,BLUE,BLUE,1,22,0,False
random_seed_opponent_variations,141,7,0,Random Agent seed 9001,RED,RED,1,13,0,False
random_seed_opponent_variations,142,7,0,Random Agent seed 9001,BLUE,BLUE,1,14,0,False
random_seed_opponent_variations,143,7,0,Random Agent seed 9001,RED,RED,1,13,0,False
random_seed_opponent_variations,144,7,0,Random Agent seed 9001,BLUE,BLUE,1,14,0,False
random_seed_opponent_variations,145,7,0,Random Agent seed 9001,RED,RED,1,13,0,False
random_seed_opponent_variations,146,7,0,Random Agent seed 9001,BLUE,BLUE,1,14,0,False
random_seed_opponent_variations,147,7,0,Random Agent seed 9001,RED,RED,1,13,0,False
random_seed_opponent_variations,148,7,0,Random Agent seed 9001,BLUE,BLUE,1,24,0,False
random_seed_opponent_variations,149,7,0,Random Agent seed 9001,RED,RED,1,13,0,False
random_seed_opponent_variations,150,7,0,Random Agent seed 9001,BLUE,BLUE,1,16,0,False
random_seed_opponent_variations,151,7,0,Random Agent seed 9001,RED,RED,1,13,0,False
random_seed_opponent_variations,152,7,0,Random Agent seed 9001,BLUE,BLUE,1,36,0,False
random_seed_opponent_variations,153,7,0,Random Agent seed 9001,RED,RED,1,17,0,False
random_seed_opponent_variations,154,7,0,Random Agent seed 9001,BLUE,BLUE,1,18,0,False
random_seed_opponent_variations,155,7,0,Random Agent seed 9001,RED,RED,1,13,0,False
random_seed_opponent_variations,156,7,0,Random Agent seed 9001,BLUE,BLUE,1,28,0,False
random_seed_opponent_variations,157,7,0,Random Agent seed 9001,RED,RED,1,13,0,False
random_seed_opponent_variations,158,7,0,Random Agent seed 9001,BLUE,BLUE,1,14,0,False
random_seed_opponent_variations,159,7,0,Random Agent seed 9001,RED,RED,1,13,0,False
random_seed_opponent_variations,160,7,0,Random Agent seed 9001,BLUE,BLUE,1,14,0,False
random_seed_opponent_variations,161,7,0,Random Agent seed 9001,RED,RED,1,13,0,False
random_seed_opponent_variations,162,7,0,Random Agent seed 9001,BLUE,BLUE,1,14,0,False
random_seed_opponent_variations,163,7,0,Random Agent seed 9001,RED,BLUE,0,44,0,False
random_seed_opponent_variations,164,7,0,Random Agent seed 9001,BLUE,BLUE,1,20,0,False
random_seed_opponent_variations,165,7,0,Random Agent seed 9001,RED,RED,1,13,0,False
random_seed_opponent_variations,166,7,0,Random Agent seed 9001,BLUE,RED,0,47,0,False
random_seed_opponent_variations,167,7,0,Random Agent seed 9001,RED,RED,1,13,0,False
random_seed_opponent_variations,168,7,0,Random Agent seed 9001,BLUE,BLUE,1,14,0,False
random_seed_opponent_variations,169,7,0,Random Agent seed 9001,RED,RED,1,13,0,False
random_seed_opponent_variations,170,7,0,Random Agent seed 9001,BLUE,BLUE,1,14,0,False
random_seed_opponent_variations,171,7,0,Random Agent seed 9001,RED,RED,1,13,0,False
random_seed_opponent_variations,172,7,0,Random Agent seed 9001,BLUE,BLUE,1,14,0,False
random_seed_opponent_variations,173,7,0,Random Agent seed 9001,RED,RED,1,15,0,False
random_seed_opponent_variations,174,7,0,Random Agent seed 9001,BLUE,BLUE,1,16,0,False
random_seed_opponent_variations,175,7,0,Random Agent seed 9001,RED,RED,1,13,0,False
random_seed_opponent_variations,176,7,0,Random Agent seed 9001,BLUE,BLUE,1,14,0,False
random_seed_opponent_variations,177,7,0,Random Agent seed 9001,RED,RED,1,13,0,False
random_seed_opponent_variations,178,7,0,Random Agent seed 9001,BLUE,BLUE,1,46,0,False
random_seed_opponent_variations,179,7,0,Random Agent seed 9001,RED,RED,1,15,0,False
random_seed_opponent_variations,180,7,0,Random Agent seed 9001,BLUE,BLUE,1,14,0,False
random_seed_opponent_variations,181,7,0,Random Agent seed 9001,RED,RED,1,13,0,False
random_seed_opponent_variations,182,7,0,Random Agent seed 9001,BLUE,BLUE,1,14,0,False
random_seed_opponent_variations,183,7,0,Random Agent seed 9001,RED,RED,1,15,0,False
random_seed_opponent_variations,184,7,0,Random Agent seed 9001,BLUE,RED,0,33,0,False
random_seed_opponent_variations,185,7,0,Random Agent seed 9001,RED,RED,1,13,0,False
random_seed_opponent_variations,186,7,0,Random Agent seed 9001,BLUE,BLUE,1,14,0,False
random_seed_opponent_variations,187,7,0,Random Agent seed 9001,RED,RED,1,13,0,False
random_seed_opponent_variations,188,7,0,Random Agent seed 9001,BLUE,BLUE,1,14,0,False
random_seed_opponent_variations,189,7,0,Random Agent seed 9001,RED,RED,1,13,0,False
random_seed_opponent_variations,190,7,0,Random Agent seed 9001,BLUE,BLUE,1,18,0,False
random_seed_opponent_variations,191,7,0,Random Agent seed 9001,RED,RED,1,13,0,False
random_seed_opponent_variations,192,7,0,Random Agent seed 9001,BLUE,RED,0,39,0,False
random_seed_opponent_variations,193,7,0,Random Agent seed 9001,RED,RED,1,13,0,False
random_seed_opponent_variations,194,7,0,Random Agent seed 9001,BLUE,BLUE,1,14,0,False
random_seed_opponent_variations,195,7,0,Random Agent seed 9001,RED,RED,1,19,0,False
random_seed_opponent_variations,196,7,0,Random Agent seed 9001,BLUE,BLUE,1,16,0,False
random_seed_opponent_variations,197,7,0,Random Agent seed 9001,RED,RED,1,43,0,False
random_seed_opponent_variations,198,7,0,Random Agent seed 9001,BLUE,BLUE,1,34,0,False
random_seed_opponent_variations,199,7,0,Random Agent seed 9001,RED,RED,1,39,0,False
random_seed_opponent_variations,200,7,0,Random Agent seed 9001,BLUE,BLUE,1,14,0,False
